[0.068s] DEBUG:colcon:Command line arguments: ['/usr/bin/colcon', 'build']
[0.068s] DEBUG:colcon:Parsed command line arguments: Namespace(log_base=None, log_level=None, verb_name='build', build_base='build', install_base='install', merge_install=False, symlink_install=False, test_result_base=None, continue_on_error=False, executor='parallel', parallel_workers=16, event_handlers=None, ignore_user_meta=False, metas=['./colcon.meta'], base_paths=['.'], packages_ignore=None, packages_ignore_regex=None, paths=None, packages_up_to=None, packages_up_to_regex=None, packages_above=None, packages_above_and_dependencies=None, packages_above_depth=None, packages_select_by_dep=None, packages_skip_by_dep=None, packages_skip_up_to=None, packages_select_build_failed=False, packages_skip_build_finished=False, packages_select_test_failures=False, packages_skip_test_passed=False, packages_select=None, packages_skip=None, packages_select_regex=None, packages_skip_regex=None, packages_start=None, packages_end=None, allow_overriding=[], cmake_args=None, cmake_target=None, cmake_target_skip_unavailable=False, cmake_clean_cache=False, cmake_clean_first=False, cmake_force_configure=False, ament_cmake_args=None, catkin_cmake_args=None, catkin_skip_building_tests=False, mixin_files=None, mixin=None, verb_parser=<colcon_mixin.mixin.mixin_argument.MixinArgumentDecorator object at 0x7947b068fb90>, verb_extension=<colcon_core.verb.build.BuildVerb object at 0x7947b063d910>, main=<bound method BuildVerb.main of <colcon_core.verb.build.BuildVerb object at 0x7947b063d910>>, mixin_verb=('build',))
[0.093s] Level 1:colcon.colcon_core.package_discovery:discover_packages(colcon_meta) check parameters
[0.093s] Level 1:colcon.colcon_core.package_discovery:discover_packages(recursive) check parameters
[0.093s] Level 1:colcon.colcon_core.package_discovery:discover_packages(ignore) check parameters
[0.093s] Level 1:colcon.colcon_core.package_discovery:discover_packages(path) check parameters
[0.093s] Level 1:colcon.colcon_core.package_discovery:discover_packages(colcon_meta) discover
[0.093s] Level 1:colcon.colcon_core.package_discovery:discover_packages(recursive) discover
[0.093s] INFO:colcon.colcon_core.package_discovery:Crawling recursively for packages in '/home/swayanshree/projects/Makara-AUV-ROS2'
[0.093s] Level 1:colcon.colcon_core.package_identification:_identify(.) by extensions ['ignore', 'ignore_ament_install']
[0.093s] Level 1:colcon.colcon_core.package_identification:_identify(.) by extension 'ignore'
[0.093s] Level 1:colcon.colcon_core.package_identification:_identify(.) by extension 'ignore_ament_install'
[0.093s] Level 1:colcon.colcon_core.package_identification:_identify(.) by extensions ['colcon_pkg']
[0.093s] Level 1:colcon.colcon_core.package_identification:_identify(.) by extension 'colcon_pkg'
[0.093s] Level 1:colcon.colcon_core.package_identification:_identify(.) by extensions ['colcon_meta']
[0.093s] Level 1:colcon.colcon_core.package_identification:_identify(.) by extension 'colcon_meta'
[0.093s] Level 1:colcon.colcon_core.package_identification:_identify(.) by extensions ['ros']
[0.093s] Level 1:colcon.colcon_core.package_identification:_identify(.) by extension 'ros'
[0.111s] Level 1:colcon.colcon_core.package_identification:_identify(.) by extensions ['cmake', 'python']
[0.111s] Level 1:colcon.colcon_core.package_identification:_identify(.) by extension 'cmake'
[0.111s] Level 1:colcon.colcon_core.package_identification:_identify(.) by extension 'python'
[0.111s] Level 1:colcon.colcon_core.package_identification:_identify(.) by extensions ['python_setup_py']
[0.111s] Level 1:colcon.colcon_core.package_identification:_identify(.) by extension 'python_setup_py'
[0.111s] Level 1:colcon.colcon_core.package_identification:_identify(build) by extensions ['ignore', 'ignore_ament_install']
[0.111s] Level 1:colcon.colcon_core.package_identification:_identify(build) by extension 'ignore'
[0.111s] Level 1:colcon.colcon_core.package_identification:_identify(build) ignored
[0.111s] Level 1:colcon.colcon_core.package_identification:_identify(install) by extensions ['ignore', 'ignore_ament_install']
[0.111s] Level 1:colcon.colcon_core.package_identification:_identify(install) by extension 'ignore'
[0.111s] Level 1:colcon.colcon_core.package_identification:_identify(install) ignored
[0.111s] Level 1:colcon.colcon_core.package_identification:_identify(log) by extensions ['ignore', 'ignore_ament_install']
[0.111s] Level 1:colcon.colcon_core.package_identification:_identify(log) by extension 'ignore'
[0.111s] Level 1:colcon.colcon_core.package_identification:_identify(log) ignored
[0.112s] Level 1:colcon.colcon_core.package_identification:_identify(src) by extensions ['ignore', 'ignore_ament_install']
[0.112s] Level 1:colcon.colcon_core.package_identification:_identify(src) by extension 'ignore'
[0.112s] Level 1:colcon.colcon_core.package_identification:_identify(src) by extension 'ignore_ament_install'
[0.112s] Level 1:colcon.colcon_core.package_identification:_identify(src) by extensions ['colcon_pkg']
[0.112s] Level 1:colcon.colcon_core.package_identification:_identify(src) by extension 'colcon_pkg'
[0.112s] Level 1:colcon.colcon_core.package_identification:_identify(src) by extensions ['colcon_meta']
[0.112s] Level 1:colcon.colcon_core.package_identification:_identify(src) by extension 'colcon_meta'
[0.112s] Level 1:colcon.colcon_core.package_identification:_identify(src) by extensions ['ros']
[0.112s] Level 1:colcon.colcon_core.package_identification:_identify(src) by extension 'ros'
[0.112s] Level 1:colcon.colcon_core.package_identification:_identify(src) by extensions ['cmake', 'python']
[0.112s] Level 1:colcon.colcon_core.package_identification:_identify(src) by extension 'cmake'
[0.112s] Level 1:colcon.colcon_core.package_identification:_identify(src) by extension 'python'
[0.112s] Level 1:colcon.colcon_core.package_identification:_identify(src) by extensions ['python_setup_py']
[0.112s] Level 1:colcon.colcon_core.package_identification:_identify(src) by extension 'python_setup_py'
[0.112s] Level 1:colcon.colcon_core.package_identification:_identify(src/ROBOTICS) by extensions ['ignore', 'ignore_ament_install']
[0.112s] Level 1:colcon.colcon_core.package_identification:_identify(src/ROBOTICS) by extension 'ignore'
[0.112s] Level 1:colcon.colcon_core.package_identification:_identify(src/ROBOTICS) by extension 'ignore_ament_install'
[0.112s] Level 1:colcon.colcon_core.package_identification:_identify(src/ROBOTICS) by extensions ['colcon_pkg']
[0.112s] Level 1:colcon.colcon_core.package_identification:_identify(src/ROBOTICS) by extension 'colcon_pkg'
[0.112s] Level 1:colcon.colcon_core.package_identification:_identify(src/ROBOTICS) by extensions ['colcon_meta']
[0.112s] Level 1:colcon.colcon_core.package_identification:_identify(src/ROBOTICS) by extension 'colcon_meta'
[0.112s] Level 1:colcon.colcon_core.package_identification:_identify(src/ROBOTICS) by extensions ['ros']
[0.112s] Level 1:colcon.colcon_core.package_identification:_identify(src/ROBOTICS) by extension 'ros'
[0.112s] Level 1:colcon.colcon_core.package_identification:_identify(src/ROBOTICS) by extensions ['cmake', 'python']
[0.112s] Level 1:colcon.colcon_core.package_identification:_identify(src/ROBOTICS) by extension 'cmake'
[0.112s] Level 1:colcon.colcon_core.package_identification:_identify(src/ROBOTICS) by extension 'python'
[0.112s] Level 1:colcon.colcon_core.package_identification:_identify(src/ROBOTICS) by extensions ['python_setup_py']
[0.112s] Level 1:colcon.colcon_core.package_identification:_identify(src/ROBOTICS) by extension 'python_setup_py'
[0.112s] Level 1:colcon.colcon_core.package_identification:_identify(src/StateSpace) by extensions ['ignore', 'ignore_ament_install']
[0.112s] Level 1:colcon.colcon_core.package_identification:_identify(src/StateSpace) by extension 'ignore'
[0.112s] Level 1:colcon.colcon_core.package_identification:_identify(src/StateSpace) by extension 'ignore_ament_install'
[0.112s] Level 1:colcon.colcon_core.package_identification:_identify(src/StateSpace) by extensions ['colcon_pkg']
[0.112s] Level 1:colcon.colcon_core.package_identification:_identify(src/StateSpace) by extension 'colcon_pkg'
[0.112s] Level 1:colcon.colcon_core.package_identification:_identify(src/StateSpace) by extensions ['colcon_meta']
[0.112s] Level 1:colcon.colcon_core.package_identification:_identify(src/StateSpace) by extension 'colcon_meta'
[0.112s] Level 1:colcon.colcon_core.package_identification:_identify(src/StateSpace) by extensions ['ros']
[0.112s] Level 1:colcon.colcon_core.package_identification:_identify(src/StateSpace) by extension 'ros'
[0.114s] DEBUG:colcon.colcon_core.package_identification:Package 'src/StateSpace' with type 'ros.ament_cmake' and name 'StateSpace'
[0.114s] Level 1:colcon.colcon_core.package_identification:_identify(src/ardupilot_attitude_control) by extensions ['ignore', 'ignore_ament_install']
[0.114s] Level 1:colcon.colcon_core.package_identification:_identify(src/ardupilot_attitude_control) by extension 'ignore'
[0.114s] Level 1:colcon.colcon_core.package_identification:_identify(src/ardupilot_attitude_control) by extension 'ignore_ament_install'
[0.114s] Level 1:colcon.colcon_core.package_identification:_identify(src/ardupilot_attitude_control) by extensions ['colcon_pkg']
[0.114s] Level 1:colcon.colcon_core.package_identification:_identify(src/ardupilot_attitude_control) by extension 'colcon_pkg'
[0.114s] Level 1:colcon.colcon_core.package_identification:_identify(src/ardupilot_attitude_control) by extensions ['colcon_meta']
[0.114s] Level 1:colcon.colcon_core.package_identification:_identify(src/ardupilot_attitude_control) by extension 'colcon_meta'
[0.114s] Level 1:colcon.colcon_core.package_identification:_identify(src/ardupilot_attitude_control) by extensions ['ros']
[0.114s] Level 1:colcon.colcon_core.package_identification:_identify(src/ardupilot_attitude_control) by extension 'ros'
[0.115s] DEBUG:colcon.colcon_core.package_identification:Package 'src/ardupilot_attitude_control' with type 'ros.ament_cmake' and name 'ardupilot_attitude_control'
[0.115s] Level 1:colcon.colcon_core.package_identification:_identify(src/auv_description) by extensions ['ignore', 'ignore_ament_install']
[0.115s] Level 1:colcon.colcon_core.package_identification:_identify(src/auv_description) by extension 'ignore'
[0.115s] Level 1:colcon.colcon_core.package_identification:_identify(src/auv_description) by extension 'ignore_ament_install'
[0.115s] Level 1:colcon.colcon_core.package_identification:_identify(src/auv_description) by extensions ['colcon_pkg']
[0.115s] Level 1:colcon.colcon_core.package_identification:_identify(src/auv_description) by extension 'colcon_pkg'
[0.115s] Level 1:colcon.colcon_core.package_identification:_identify(src/auv_description) by extensions ['colcon_meta']
[0.115s] Level 1:colcon.colcon_core.package_identification:_identify(src/auv_description) by extension 'colcon_meta'
[0.115s] Level 1:colcon.colcon_core.package_identification:_identify(src/auv_description) by extensions ['ros']
[0.115s] Level 1:colcon.colcon_core.package_identification:_identify(src/auv_description) by extension 'ros'
[0.115s] DEBUG:colcon.colcon_core.package_identification:Package 'src/auv_description' with type 'ros.ament_cmake' and name 'auv_description'
[0.115s] Level 1:colcon.colcon_core.package_identification:_identify(src/bluerov2_description) by extensions ['ignore', 'ignore_ament_install']
[0.115s] Level 1:colcon.colcon_core.package_identification:_identify(src/bluerov2_description) by extension 'ignore'
[0.116s] Level 1:colcon.colcon_core.package_identification:_identify(src/bluerov2_description) by extension 'ignore_ament_install'
[0.116s] Level 1:colcon.colcon_core.package_identification:_identify(src/bluerov2_description) by extensions ['colcon_pkg']
[0.116s] Level 1:colcon.colcon_core.package_identification:_identify(src/bluerov2_description) by extension 'colcon_pkg'
[0.116s] Level 1:colcon.colcon_core.package_identification:_identify(src/bluerov2_description) by extensions ['colcon_meta']
[0.116s] Level 1:colcon.colcon_core.package_identification:_identify(src/bluerov2_description) by extension 'colcon_meta'
[0.116s] Level 1:colcon.colcon_core.package_identification:_identify(src/bluerov2_description) by extensions ['ros']
[0.116s] Level 1:colcon.colcon_core.package_identification:_identify(src/bluerov2_description) by extension 'ros'
[0.116s] DEBUG:colcon.colcon_core.package_identification:Package 'src/bluerov2_description' with type 'ros.ament_cmake' and name 'bluerov2_description'
[0.116s] Level 1:colcon.colcon_core.package_identification:_identify(src/build) by extensions ['ignore', 'ignore_ament_install']
[0.116s] Level 1:colcon.colcon_core.package_identification:_identify(src/build) by extension 'ignore'
[0.116s] Level 1:colcon.colcon_core.package_identification:_identify(src/build) ignored
[0.116s] Level 1:colcon.colcon_core.package_identification:_identify(src/data_sync) by extensions ['ignore', 'ignore_ament_install']
[0.116s] Level 1:colcon.colcon_core.package_identification:_identify(src/data_sync) by extension 'ignore'
[0.116s] Level 1:colcon.colcon_core.package_identification:_identify(src/data_sync) by extension 'ignore_ament_install'
[0.116s] Level 1:colcon.colcon_core.package_identification:_identify(src/data_sync) by extensions ['colcon_pkg']
[0.116s] Level 1:colcon.colcon_core.package_identification:_identify(src/data_sync) by extension 'colcon_pkg'
[0.116s] Level 1:colcon.colcon_core.package_identification:_identify(src/data_sync) by extensions ['colcon_meta']
[0.116s] Level 1:colcon.colcon_core.package_identification:_identify(src/data_sync) by extension 'colcon_meta'
[0.116s] Level 1:colcon.colcon_core.package_identification:_identify(src/data_sync) by extensions ['ros']
[0.116s] Level 1:colcon.colcon_core.package_identification:_identify(src/data_sync) by extension 'ros'
[0.117s] DEBUG:colcon.colcon_core.package_identification:Package 'src/data_sync' with type 'ros.ament_python' and name 'data_sync'
[0.117s] Level 1:colcon.colcon_core.package_identification:_identify(src/hammerhead_interfaces) by extensions ['ignore', 'ignore_ament_install']
[0.117s] Level 1:colcon.colcon_core.package_identification:_identify(src/hammerhead_interfaces) by extension 'ignore'
[0.117s] Level 1:colcon.colcon_core.package_identification:_identify(src/hammerhead_interfaces) by extension 'ignore_ament_install'
[0.117s] Level 1:colcon.colcon_core.package_identification:_identify(src/hammerhead_interfaces) by extensions ['colcon_pkg']
[0.117s] Level 1:colcon.colcon_core.package_identification:_identify(src/hammerhead_interfaces) by extension 'colcon_pkg'
[0.117s] Level 1:colcon.colcon_core.package_identification:_identify(src/hammerhead_interfaces) by extensions ['colcon_meta']
[0.117s] Level 1:colcon.colcon_core.package_identification:_identify(src/hammerhead_interfaces) by extension 'colcon_meta'
[0.117s] Level 1:colcon.colcon_core.package_identification:_identify(src/hammerhead_interfaces) by extensions ['ros']
[0.117s] Level 1:colcon.colcon_core.package_identification:_identify(src/hammerhead_interfaces) by extension 'ros'
[0.117s] DEBUG:colcon.colcon_core.package_identification:Package 'src/hammerhead_interfaces' with type 'ros.ament_cmake' and name 'hammerhead_interfaces'
[0.117s] Level 1:colcon.colcon_core.package_identification:_identify(src/hammerhead_serial) by extensions ['ignore', 'ignore_ament_install']
[0.118s] Level 1:colcon.colcon_core.package_identification:_identify(src/hammerhead_serial) by extension 'ignore'
[0.118s] Level 1:colcon.colcon_core.package_identification:_identify(src/hammerhead_serial) by extension 'ignore_ament_install'
[0.118s] Level 1:colcon.colcon_core.package_identification:_identify(src/hammerhead_serial) by extensions ['colcon_pkg']
[0.118s] Level 1:colcon.colcon_core.package_identification:_identify(src/hammerhead_serial) by extension 'colcon_pkg'
[0.118s] Level 1:colcon.colcon_core.package_identification:_identify(src/hammerhead_serial) by extensions ['colcon_meta']
[0.118s] Level 1:colcon.colcon_core.package_identification:_identify(src/hammerhead_serial) by extension 'colcon_meta'
[0.118s] Level 1:colcon.colcon_core.package_identification:_identify(src/hammerhead_serial) by extensions ['ros']
[0.118s] Level 1:colcon.colcon_core.package_identification:_identify(src/hammerhead_serial) by extension 'ros'
[0.118s] DEBUG:colcon.colcon_core.package_identification:Package 'src/hammerhead_serial' with type 'ros.ament_python' and name 'hammerhead_serial'
[0.118s] Level 1:colcon.colcon_core.package_identification:_identify(src/install) by extensions ['ignore', 'ignore_ament_install']
[0.118s] Level 1:colcon.colcon_core.package_identification:_identify(src/install) by extension 'ignore'
[0.118s] Level 1:colcon.colcon_core.package_identification:_identify(src/install) ignored
[0.118s] Level 1:colcon.colcon_core.package_identification:_identify(src/log) by extensions ['ignore', 'ignore_ament_install']
[0.118s] Level 1:colcon.colcon_core.package_identification:_identify(src/log) by extension 'ignore'
[0.118s] Level 1:colcon.colcon_core.package_identification:_identify(src/log) ignored
[0.118s] Level 1:colcon.colcon_core.package_identification:_identify(src/makara_bringup) by extensions ['ignore', 'ignore_ament_install']
[0.118s] Level 1:colcon.colcon_core.package_identification:_identify(src/makara_bringup) by extension 'ignore'
[0.118s] Level 1:colcon.colcon_core.package_identification:_identify(src/makara_bringup) by extension 'ignore_ament_install'
[0.118s] Level 1:colcon.colcon_core.package_identification:_identify(src/makara_bringup) by extensions ['colcon_pkg']
[0.118s] Level 1:colcon.colcon_core.package_identification:_identify(src/makara_bringup) by extension 'colcon_pkg'
[0.118s] Level 1:colcon.colcon_core.package_identification:_identify(src/makara_bringup) by extensions ['colcon_meta']
[0.118s] Level 1:colcon.colcon_core.package_identification:_identify(src/makara_bringup) by extension 'colcon_meta'
[0.118s] Level 1:colcon.colcon_core.package_identification:_identify(src/makara_bringup) by extensions ['ros']
[0.118s] Level 1:colcon.colcon_core.package_identification:_identify(src/makara_bringup) by extension 'ros'
[0.119s] DEBUG:colcon.colcon_core.package_identification:Package 'src/makara_bringup' with type 'ros.ament_python' and name 'makara_bringup'
[0.119s] Level 1:colcon.colcon_core.package_identification:_identify(src/makara_control) by extensions ['ignore', 'ignore_ament_install']
[0.119s] Level 1:colcon.colcon_core.package_identification:_identify(src/makara_control) by extension 'ignore'
[0.119s] Level 1:colcon.colcon_core.package_identification:_identify(src/makara_control) by extension 'ignore_ament_install'
[0.119s] Level 1:colcon.colcon_core.package_identification:_identify(src/makara_control) by extensions ['colcon_pkg']
[0.119s] Level 1:colcon.colcon_core.package_identification:_identify(src/makara_control) by extension 'colcon_pkg'
[0.119s] Level 1:colcon.colcon_core.package_identification:_identify(src/makara_control) by extensions ['colcon_meta']
[0.119s] Level 1:colcon.colcon_core.package_identification:_identify(src/makara_control) by extension 'colcon_meta'
[0.119s] Level 1:colcon.colcon_core.package_identification:_identify(src/makara_control) by extensions ['ros']
[0.119s] Level 1:colcon.colcon_core.package_identification:_identify(src/makara_control) by extension 'ros'
[0.119s] DEBUG:colcon.colcon_core.package_identification:Package 'src/makara_control' with type 'ros.ament_cmake' and name 'makara_control'
[0.119s] Level 1:colcon.colcon_core.package_identification:_identify(src/makara_interfaces) by extensions ['ignore', 'ignore_ament_install']
[0.119s] Level 1:colcon.colcon_core.package_identification:_identify(src/makara_interfaces) by extension 'ignore'
[0.119s] Level 1:colcon.colcon_core.package_identification:_identify(src/makara_interfaces) by extension 'ignore_ament_install'
[0.119s] Level 1:colcon.colcon_core.package_identification:_identify(src/makara_interfaces) by extensions ['colcon_pkg']
[0.120s] Level 1:colcon.colcon_core.package_identification:_identify(src/makara_interfaces) by extension 'colcon_pkg'
[0.120s] Level 1:colcon.colcon_core.package_identification:_identify(src/makara_interfaces) by extensions ['colcon_meta']
[0.120s] Level 1:colcon.colcon_core.package_identification:_identify(src/makara_interfaces) by extension 'colcon_meta'
[0.120s] Level 1:colcon.colcon_core.package_identification:_identify(src/makara_interfaces) by extensions ['ros']
[0.120s] Level 1:colcon.colcon_core.package_identification:_identify(src/makara_interfaces) by extension 'ros'
[0.120s] DEBUG:colcon.colcon_core.package_identification:Package 'src/makara_interfaces' with type 'ros.ament_cmake' and name 'makara_interfaces'
[0.120s] Level 1:colcon.colcon_core.package_identification:_identify(src/makara_serial) by extensions ['ignore', 'ignore_ament_install']
[0.120s] Level 1:colcon.colcon_core.package_identification:_identify(src/makara_serial) by extension 'ignore'
[0.120s] Level 1:colcon.colcon_core.package_identification:_identify(src/makara_serial) by extension 'ignore_ament_install'
[0.120s] Level 1:colcon.colcon_core.package_identification:_identify(src/makara_serial) by extensions ['colcon_pkg']
[0.120s] Level 1:colcon.colcon_core.package_identification:_identify(src/makara_serial) by extension 'colcon_pkg'
[0.120s] Level 1:colcon.colcon_core.package_identification:_identify(src/makara_serial) by extensions ['colcon_meta']
[0.120s] Level 1:colcon.colcon_core.package_identification:_identify(src/makara_serial) by extension 'colcon_meta'
[0.120s] Level 1:colcon.colcon_core.package_identification:_identify(src/makara_serial) by extensions ['ros']
[0.120s] Level 1:colcon.colcon_core.package_identification:_identify(src/makara_serial) by extension 'ros'
[0.120s] DEBUG:colcon.colcon_core.package_identification:Package 'src/makara_serial' with type 'ros.ament_python' and name 'makara_serial'
[0.121s] Level 1:colcon.colcon_core.package_identification:_identify(src/makara_vision) by extensions ['ignore', 'ignore_ament_install']
[0.121s] Level 1:colcon.colcon_core.package_identification:_identify(src/makara_vision) by extension 'ignore'
[0.121s] Level 1:colcon.colcon_core.package_identification:_identify(src/makara_vision) by extension 'ignore_ament_install'
[0.121s] Level 1:colcon.colcon_core.package_identification:_identify(src/makara_vision) by extensions ['colcon_pkg']
[0.121s] Level 1:colcon.colcon_core.package_identification:_identify(src/makara_vision) by extension 'colcon_pkg'
[0.121s] Level 1:colcon.colcon_core.package_identification:_identify(src/makara_vision) by extensions ['colcon_meta']
[0.121s] Level 1:colcon.colcon_core.package_identification:_identify(src/makara_vision) by extension 'colcon_meta'
[0.121s] Level 1:colcon.colcon_core.package_identification:_identify(src/makara_vision) by extensions ['ros']
[0.121s] Level 1:colcon.colcon_core.package_identification:_identify(src/makara_vision) by extension 'ros'
[0.121s] DEBUG:colcon.colcon_core.package_identification:Package 'src/makara_vision' with type 'ros.ament_python' and name 'makara_vision'
[0.121s] Level 1:colcon.colcon_core.package_identification:_identify(src/state_estimation) by extensions ['ignore', 'ignore_ament_install']
[0.121s] Level 1:colcon.colcon_core.package_identification:_identify(src/state_estimation) by extension 'ignore'
[0.121s] Level 1:colcon.colcon_core.package_identification:_identify(src/state_estimation) by extension 'ignore_ament_install'
[0.121s] Level 1:colcon.colcon_core.package_identification:_identify(src/state_estimation) by extensions ['colcon_pkg']
[0.121s] Level 1:colcon.colcon_core.package_identification:_identify(src/state_estimation) by extension 'colcon_pkg'
[0.121s] Level 1:colcon.colcon_core.package_identification:_identify(src/state_estimation) by extensions ['colcon_meta']
[0.121s] Level 1:colcon.colcon_core.package_identification:_identify(src/state_estimation) by extension 'colcon_meta'
[0.121s] Level 1:colcon.colcon_core.package_identification:_identify(src/state_estimation) by extensions ['ros']
[0.121s] Level 1:colcon.colcon_core.package_identification:_identify(src/state_estimation) by extension 'ros'
[0.121s] Level 1:colcon.colcon_core.package_identification:_identify(src/state_estimation) by extensions ['cmake', 'python']
[0.121s] Level 1:colcon.colcon_core.package_identification:_identify(src/state_estimation) by extension 'cmake'
[0.121s] Level 1:colcon.colcon_core.package_identification:_identify(src/state_estimation) by extension 'python'
[0.121s] Level 1:colcon.colcon_core.package_identification:_identify(src/state_estimation) by extensions ['python_setup_py']
[0.121s] Level 1:colcon.colcon_core.package_identification:_identify(src/state_estimation) by extension 'python_setup_py'
[0.122s] Level 1:colcon.colcon_core.package_identification:_identify(src/uuv_descriptions) by extensions ['ignore', 'ignore_ament_install']
[0.122s] Level 1:colcon.colcon_core.package_identification:_identify(src/uuv_descriptions) by extension 'ignore'
[0.122s] Level 1:colcon.colcon_core.package_identification:_identify(src/uuv_descriptions) by extension 'ignore_ament_install'
[0.122s] Level 1:colcon.colcon_core.package_identification:_identify(src/uuv_descriptions) by extensions ['colcon_pkg']
[0.122s] Level 1:colcon.colcon_core.package_identification:_identify(src/uuv_descriptions) by extension 'colcon_pkg'
[0.122s] Level 1:colcon.colcon_core.package_identification:_identify(src/uuv_descriptions) by extensions ['colcon_meta']
[0.122s] Level 1:colcon.colcon_core.package_identification:_identify(src/uuv_descriptions) by extension 'colcon_meta'
[0.122s] Level 1:colcon.colcon_core.package_identification:_identify(src/uuv_descriptions) by extensions ['ros']
[0.122s] Level 1:colcon.colcon_core.package_identification:_identify(src/uuv_descriptions) by extension 'ros'
[0.122s] DEBUG:colcon.colcon_core.package_identification:Package 'src/uuv_descriptions' with type 'ros.ament_python' and name 'uuv_descriptions'
[0.122s] Level 1:colcon.colcon_core.package_identification:_identify(src/uuv_gazebo_ros_plugins) by extensions ['ignore', 'ignore_ament_install']
[0.122s] Level 1:colcon.colcon_core.package_identification:_identify(src/uuv_gazebo_ros_plugins) by extension 'ignore'
[0.122s] Level 1:colcon.colcon_core.package_identification:_identify(src/uuv_gazebo_ros_plugins) by extension 'ignore_ament_install'
[0.122s] Level 1:colcon.colcon_core.package_identification:_identify(src/uuv_gazebo_ros_plugins) by extensions ['colcon_pkg']
[0.122s] Level 1:colcon.colcon_core.package_identification:_identify(src/uuv_gazebo_ros_plugins) by extension 'colcon_pkg'
[0.122s] Level 1:colcon.colcon_core.package_identification:_identify(src/uuv_gazebo_ros_plugins) by extensions ['colcon_meta']
[0.122s] Level 1:colcon.colcon_core.package_identification:_identify(src/uuv_gazebo_ros_plugins) by extension 'colcon_meta'
[0.122s] Level 1:colcon.colcon_core.package_identification:_identify(src/uuv_gazebo_ros_plugins) by extensions ['ros']
[0.122s] Level 1:colcon.colcon_core.package_identification:_identify(src/uuv_gazebo_ros_plugins) by extension 'ros'
[0.122s] DEBUG:colcon.colcon_core.package_identification:Package 'src/uuv_gazebo_ros_plugins' with type 'ros.ament_python' and name 'uuv_gazebo_ros_plugins'
[0.123s] Level 1:colcon.colcon_core.package_identification:_identify(src/uuv_sensor_ros_plugins) by extensions ['ignore', 'ignore_ament_install']
[0.123s] Level 1:colcon.colcon_core.package_identification:_identify(src/uuv_sensor_ros_plugins) by extension 'ignore'
[0.123s] Level 1:colcon.colcon_core.package_identification:_identify(src/uuv_sensor_ros_plugins) by extension 'ignore_ament_install'
[0.123s] Level 1:colcon.colcon_core.package_identification:_identify(src/uuv_sensor_ros_plugins) by extensions ['colcon_pkg']
[0.123s] Level 1:colcon.colcon_core.package_identification:_identify(src/uuv_sensor_ros_plugins) by extension 'colcon_pkg'
[0.123s] Level 1:colcon.colcon_core.package_identification:_identify(src/uuv_sensor_ros_plugins) by extensions ['colcon_meta']
[0.123s] Level 1:colcon.colcon_core.package_identification:_identify(src/uuv_sensor_ros_plugins) by extension 'colcon_meta'
[0.123s] Level 1:colcon.colcon_core.package_identification:_identify(src/uuv_sensor_ros_plugins) by extensions ['ros']
[0.123s] Level 1:colcon.colcon_core.package_identification:_identify(src/uuv_sensor_ros_plugins) by extension 'ros'
[0.123s] DEBUG:colcon.colcon_core.package_identification:Package 'src/uuv_sensor_ros_plugins' with type 'ros.ament_python' and name 'uuv_sensor_ros_plugins'
[0.123s] Level 1:colcon.colcon_core.package_discovery:discover_packages(recursive) using defaults
[0.123s] Level 1:colcon.colcon_core.package_discovery:discover_packages(ignore) discover
[0.123s] Level 1:colcon.colcon_core.package_discovery:discover_packages(ignore) using defaults
[0.123s] Level 1:colcon.colcon_core.package_discovery:discover_packages(path) discover
[0.123s] Level 1:colcon.colcon_core.package_discovery:discover_packages(path) using defaults
[0.137s] Level 1:colcon.colcon_core.package_discovery:discover_packages(prefix_path) check parameters
[0.137s] Level 1:colcon.colcon_core.package_discovery:discover_packages(prefix_path) discover
[0.137s] WARNING:colcon.colcon_ros.prefix_path.ament:The path '/home/swayanshree/projects/Makara-AUV-ROS2/install/uuv_simulator' in the environment variable AMENT_PREFIX_PATH doesn't exist
[0.137s] WARNING:colcon.colcon_ros.prefix_path.ament:The path '/home/swayanshree/projects/Makara-AUV-ROS2/install/makara_serial' in the environment variable AMENT_PREFIX_PATH doesn't exist
[0.137s] WARNING:colcon.colcon_ros.prefix_path.ament:The path '/home/swayanshree/projects/Makara-AUV-ROS2/install/makara_control' in the environment variable AMENT_PREFIX_PATH doesn't exist
[0.137s] WARNING:colcon.colcon_ros.prefix_path.ament:The path '/home/swayanshree/projects/Makara-AUV-ROS2/install/hammerhead_serial' in the environment variable AMENT_PREFIX_PATH doesn't exist
[0.137s] WARNING:colcon.colcon_ros.prefix_path.ament:The path '/home/swayanshree/projects/Makara-AUV-ROS2/install/ardupilot_attitude_control' in the environment variable AMENT_PREFIX_PATH doesn't exist
[0.137s] WARNING:colcon.colcon_ros.prefix_path.ament:The path '/home/swayanshree/projects/Makara-AUV-ROS2/install/data_sync' in the environment variable AMENT_PREFIX_PATH doesn't exist
[0.137s] WARNING:colcon.colcon_ros.prefix_path.ament:The path '/home/swayanshree/projects/Makara-AUV-ROS2/install/makara_vision' in the environment variable AMENT_PREFIX_PATH doesn't exist
[0.137s] WARNING:colcon.colcon_ros.prefix_path.ament:The path '/home/swayanshree/projects/Makara-AUV-ROS2/install/makara_interfaces' in the environment variable AMENT_PREFIX_PATH doesn't exist
[0.138s] WARNING:colcon.colcon_ros.prefix_path.ament:The path '/home/swayanshree/projects/Makara-AUV-ROS2/install/makara_bringup' in the environment variable AMENT_PREFIX_PATH doesn't exist
[0.138s] WARNING:colcon.colcon_ros.prefix_path.ament:The path '/home/swayanshree/projects/Makara-AUV-ROS2/install/hammerhead_interfaces' in the environment variable AMENT_PREFIX_PATH doesn't exist
[0.138s] WARNING:colcon.colcon_ros.prefix_path.ament:The path '/home/swayanshree/projects/Makara-AUV-ROS2/install/bluerov2_description' in the environment variable AMENT_PREFIX_PATH doesn't exist
[0.138s] WARNING:colcon.colcon_ros.prefix_path.ament:The path '/home/swayanshree/projects/Makara-AUV-ROS2/install/auv_description' in the environment variable AMENT_PREFIX_PATH doesn't exist
[0.138s] WARNING:colcon.colcon_ros.prefix_path.ament:The path '/home/swayanshree/projects/Makara-AUV-ROS2/install/StateSpace' in the environment variable AMENT_PREFIX_PATH doesn't exist
[0.138s] WARNING:colcon.colcon_ros.prefix_path.catkin:The path '/home/swayanshree/projects/Makara-AUV-ROS2/install/makara_control' in the environment variable CMAKE_PREFIX_PATH doesn't exist
[0.138s] WARNING:colcon.colcon_ros.prefix_path.catkin:The path '/home/swayanshree/projects/Makara-AUV-ROS2/install/ardupilot_attitude_control' in the environment variable CMAKE_PREFIX_PATH doesn't exist
[0.138s] WARNING:colcon.colcon_ros.prefix_path.catkin:The path '/home/swayanshree/projects/Makara-AUV-ROS2/install/makara_interfaces' in the environment variable CMAKE_PREFIX_PATH doesn't exist
[0.138s] WARNING:colcon.colcon_ros.prefix_path.catkin:The path '/home/swayanshree/projects/Makara-AUV-ROS2/install/hammerhead_interfaces' in the environment variable CMAKE_PREFIX_PATH doesn't exist
[0.138s] WARNING:colcon.colcon_ros.prefix_path.catkin:The path '/home/swayanshree/projects/Makara-AUV-ROS2/install/bluerov2_description' in the environment variable CMAKE_PREFIX_PATH doesn't exist
[0.138s] WARNING:colcon.colcon_ros.prefix_path.catkin:The path '/home/swayanshree/projects/Makara-AUV-ROS2/install/auv_description' in the environment variable CMAKE_PREFIX_PATH doesn't exist
[0.138s] WARNING:colcon.colcon_ros.prefix_path.catkin:The path '/home/swayanshree/projects/Makara-AUV-ROS2/install/StateSpace' in the environment variable CMAKE_PREFIX_PATH doesn't exist
[0.138s] DEBUG:colcon.colcon_installed_package_information.package_discovery:Found 0 installed packages in /home/swayanshree/projects/Makara-AUV-ROS2/install
[0.139s] DEBUG:colcon.colcon_installed_package_information.package_discovery:Found 319 installed packages in /opt/ros/jazzy
[0.140s] Level 1:colcon.colcon_core.package_discovery:discover_packages(prefix_path) using defaults
[0.165s] Level 5:colcon.colcon_core.verb:set package 'StateSpace' build argument 'cmake_args' from command line to 'None'
[0.165s] Level 5:colcon.colcon_core.verb:set package 'StateSpace' build argument 'cmake_target' from command line to 'None'
[0.165s] Level 5:colcon.colcon_core.verb:set package 'StateSpace' build argument 'cmake_target_skip_unavailable' from command line to 'False'
[0.165s] Level 5:colcon.colcon_core.verb:set package 'StateSpace' build argument 'cmake_clean_cache' from command line to 'False'
[0.165s] Level 5:colcon.colcon_core.verb:set package 'StateSpace' build argument 'cmake_clean_first' from command line to 'False'
[0.165s] Level 5:colcon.colcon_core.verb:set package 'StateSpace' build argument 'cmake_force_configure' from command line to 'False'
[0.165s] Level 5:colcon.colcon_core.verb:set package 'StateSpace' build argument 'ament_cmake_args' from command line to 'None'
[0.165s] Level 5:colcon.colcon_core.verb:set package 'StateSpace' build argument 'catkin_cmake_args' from command line to 'None'
[0.165s] Level 5:colcon.colcon_core.verb:set package 'StateSpace' build argument 'catkin_skip_building_tests' from command line to 'False'
[0.165s] DEBUG:colcon.colcon_core.verb:Building package 'StateSpace' with the following arguments: {'ament_cmake_args': None, 'build_base': '/home/swayanshree/projects/Makara-AUV-ROS2/build/StateSpace', 'catkin_cmake_args': None, 'catkin_skip_building_tests': False, 'cmake_args': None, 'cmake_clean_cache': False, 'cmake_clean_first': False, 'cmake_force_configure': False, 'cmake_target': None, 'cmake_target_skip_unavailable': False, 'install_base': '/home/swayanshree/projects/Makara-AUV-ROS2/install/StateSpace', 'merge_install': False, 'path': '/home/swayanshree/projects/Makara-AUV-ROS2/src/StateSpace', 'symlink_install': False, 'test_result_base': None}
[0.165s] Level 5:colcon.colcon_core.verb:set package 'auv_description' build argument 'cmake_args' from command line to 'None'
[0.165s] Level 5:colcon.colcon_core.verb:set package 'auv_description' build argument 'cmake_target' from command line to 'None'
[0.165s] Level 5:colcon.colcon_core.verb:set package 'auv_description' build argument 'cmake_target_skip_unavailable' from command line to 'False'
[0.165s] Level 5:colcon.colcon_core.verb:set package 'auv_description' build argument 'cmake_clean_cache' from command line to 'False'
[0.165s] Level 5:colcon.colcon_core.verb:set package 'auv_description' build argument 'cmake_clean_first' from command line to 'False'
[0.165s] Level 5:colcon.colcon_core.verb:set package 'auv_description' build argument 'cmake_force_configure' from command line to 'False'
[0.165s] Level 5:colcon.colcon_core.verb:set package 'auv_description' build argument 'ament_cmake_args' from command line to 'None'
[0.165s] Level 5:colcon.colcon_core.verb:set package 'auv_description' build argument 'catkin_cmake_args' from command line to 'None'
[0.165s] Level 5:colcon.colcon_core.verb:set package 'auv_description' build argument 'catkin_skip_building_tests' from command line to 'False'
[0.165s] DEBUG:colcon.colcon_core.verb:Building package 'auv_description' with the following arguments: {'ament_cmake_args': None, 'build_base': '/home/swayanshree/projects/Makara-AUV-ROS2/build/auv_description', 'catkin_cmake_args': None, 'catkin_skip_building_tests': False, 'cmake_args': None, 'cmake_clean_cache': False, 'cmake_clean_first': False, 'cmake_force_configure': False, 'cmake_target': None, 'cmake_target_skip_unavailable': False, 'install_base': '/home/swayanshree/projects/Makara-AUV-ROS2/install/auv_description', 'merge_install': False, 'path': '/home/swayanshree/projects/Makara-AUV-ROS2/src/auv_description', 'symlink_install': False, 'test_result_base': None}
[0.165s] Level 5:colcon.colcon_core.verb:set package 'bluerov2_description' build argument 'cmake_args' from command line to 'None'
[0.165s] Level 5:colcon.colcon_core.verb:set package 'bluerov2_description' build argument 'cmake_target' from command line to 'None'
[0.165s] Level 5:colcon.colcon_core.verb:set package 'bluerov2_description' build argument 'cmake_target_skip_unavailable' from command line to 'False'
[0.165s] Level 5:colcon.colcon_core.verb:set package 'bluerov2_description' build argument 'cmake_clean_cache' from command line to 'False'
[0.165s] Level 5:colcon.colcon_core.verb:set package 'bluerov2_description' build argument 'cmake_clean_first' from command line to 'False'
[0.165s] Level 5:colcon.colcon_core.verb:set package 'bluerov2_description' build argument 'cmake_force_configure' from command line to 'False'
[0.165s] Level 5:colcon.colcon_core.verb:set package 'bluerov2_description' build argument 'ament_cmake_args' from command line to 'None'
[0.165s] Level 5:colcon.colcon_core.verb:set package 'bluerov2_description' build argument 'catkin_cmake_args' from command line to 'None'
[0.166s] Level 5:colcon.colcon_core.verb:set package 'bluerov2_description' build argument 'catkin_skip_building_tests' from command line to 'False'
[0.166s] DEBUG:colcon.colcon_core.verb:Building package 'bluerov2_description' with the following arguments: {'ament_cmake_args': None, 'build_base': '/home/swayanshree/projects/Makara-AUV-ROS2/build/bluerov2_description', 'catkin_cmake_args': None, 'catkin_skip_building_tests': False, 'cmake_args': None, 'cmake_clean_cache': False, 'cmake_clean_first': False, 'cmake_force_configure': False, 'cmake_target': None, 'cmake_target_skip_unavailable': False, 'install_base': '/home/swayanshree/projects/Makara-AUV-ROS2/install/bluerov2_description', 'merge_install': False, 'path': '/home/swayanshree/projects/Makara-AUV-ROS2/src/bluerov2_description', 'symlink_install': False, 'test_result_base': None}
[0.166s] Level 5:colcon.colcon_core.verb:set package 'data_sync' build argument 'cmake_args' from command line to 'None'
[0.166s] Level 5:colcon.colcon_core.verb:set package 'data_sync' build argument 'cmake_target' from command line to 'None'
[0.166s] Level 5:colcon.colcon_core.verb:set package 'data_sync' build argument 'cmake_target_skip_unavailable' from command line to 'False'
[0.166s] Level 5:colcon.colcon_core.verb:set package 'data_sync' build argument 'cmake_clean_cache' from command line to 'False'
[0.166s] Level 5:colcon.colcon_core.verb:set package 'data_sync' build argument 'cmake_clean_first' from command line to 'False'
[0.166s] Level 5:colcon.colcon_core.verb:set package 'data_sync' build argument 'cmake_force_configure' from command line to 'False'
[0.166s] Level 5:colcon.colcon_core.verb:set package 'data_sync' build argument 'ament_cmake_args' from command line to 'None'
[0.166s] Level 5:colcon.colcon_core.verb:set package 'data_sync' build argument 'catkin_cmake_args' from command line to 'None'
[0.166s] Level 5:colcon.colcon_core.verb:set package 'data_sync' build argument 'catkin_skip_building_tests' from command line to 'False'
[0.166s] DEBUG:colcon.colcon_core.verb:Building package 'data_sync' with the following arguments: {'ament_cmake_args': None, 'build_base': '/home/swayanshree/projects/Makara-AUV-ROS2/build/data_sync', 'catkin_cmake_args': None, 'catkin_skip_building_tests': False, 'cmake_args': None, 'cmake_clean_cache': False, 'cmake_clean_first': False, 'cmake_force_configure': False, 'cmake_target': None, 'cmake_target_skip_unavailable': False, 'install_base': '/home/swayanshree/projects/Makara-AUV-ROS2/install/data_sync', 'merge_install': False, 'path': '/home/swayanshree/projects/Makara-AUV-ROS2/src/data_sync', 'symlink_install': False, 'test_result_base': None}
[0.166s] Level 5:colcon.colcon_core.verb:set package 'hammerhead_interfaces' build argument 'cmake_args' from command line to 'None'
[0.166s] Level 5:colcon.colcon_core.verb:set package 'hammerhead_interfaces' build argument 'cmake_target' from command line to 'None'
[0.166s] Level 5:colcon.colcon_core.verb:set package 'hammerhead_interfaces' build argument 'cmake_target_skip_unavailable' from command line to 'False'
[0.166s] Level 5:colcon.colcon_core.verb:set package 'hammerhead_interfaces' build argument 'cmake_clean_cache' from command line to 'False'
[0.166s] Level 5:colcon.colcon_core.verb:set package 'hammerhead_interfaces' build argument 'cmake_clean_first' from command line to 'False'
[0.166s] Level 5:colcon.colcon_core.verb:set package 'hammerhead_interfaces' build argument 'cmake_force_configure' from command line to 'False'
[0.166s] Level 5:colcon.colcon_core.verb:set package 'hammerhead_interfaces' build argument 'ament_cmake_args' from command line to 'None'
[0.166s] Level 5:colcon.colcon_core.verb:set package 'hammerhead_interfaces' build argument 'catkin_cmake_args' from command line to 'None'
[0.166s] Level 5:colcon.colcon_core.verb:set package 'hammerhead_interfaces' build argument 'catkin_skip_building_tests' from command line to 'False'
[0.166s] DEBUG:colcon.colcon_core.verb:Building package 'hammerhead_interfaces' with the following arguments: {'ament_cmake_args': None, 'build_base': '/home/swayanshree/projects/Makara-AUV-ROS2/build/hammerhead_interfaces', 'catkin_cmake_args': None, 'catkin_skip_building_tests': False, 'cmake_args': None, 'cmake_clean_cache': False, 'cmake_clean_first': False, 'cmake_force_configure': False, 'cmake_target': None, 'cmake_target_skip_unavailable': False, 'install_base': '/home/swayanshree/projects/Makara-AUV-ROS2/install/hammerhead_interfaces', 'merge_install': False, 'path': '/home/swayanshree/projects/Makara-AUV-ROS2/src/hammerhead_interfaces', 'symlink_install': False, 'test_result_base': None}
[0.166s] Level 5:colcon.colcon_core.verb:set package 'makara_bringup' build argument 'cmake_args' from command line to 'None'
[0.166s] Level 5:colcon.colcon_core.verb:set package 'makara_bringup' build argument 'cmake_target' from command line to 'None'
[0.166s] Level 5:colcon.colcon_core.verb:set package 'makara_bringup' build argument 'cmake_target_skip_unavailable' from command line to 'False'
[0.166s] Level 5:colcon.colcon_core.verb:set package 'makara_bringup' build argument 'cmake_clean_cache' from command line to 'False'
[0.166s] Level 5:colcon.colcon_core.verb:set package 'makara_bringup' build argument 'cmake_clean_first' from command line to 'False'
[0.166s] Level 5:colcon.colcon_core.verb:set package 'makara_bringup' build argument 'cmake_force_configure' from command line to 'False'
[0.166s] Level 5:colcon.colcon_core.verb:set package 'makara_bringup' build argument 'ament_cmake_args' from command line to 'None'
[0.166s] Level 5:colcon.colcon_core.verb:set package 'makara_bringup' build argument 'catkin_cmake_args' from command line to 'None'
[0.166s] Level 5:colcon.colcon_core.verb:set package 'makara_bringup' build argument 'catkin_skip_building_tests' from command line to 'False'
[0.166s] DEBUG:colcon.colcon_core.verb:Building package 'makara_bringup' with the following arguments: {'ament_cmake_args': None, 'build_base': '/home/swayanshree/projects/Makara-AUV-ROS2/build/makara_bringup', 'catkin_cmake_args': None, 'catkin_skip_building_tests': False, 'cmake_args': None, 'cmake_clean_cache': False, 'cmake_clean_first': False, 'cmake_force_configure': False, 'cmake_target': None, 'cmake_target_skip_unavailable': False, 'install_base': '/home/swayanshree/projects/Makara-AUV-ROS2/install/makara_bringup', 'merge_install': False, 'path': '/home/swayanshree/projects/Makara-AUV-ROS2/src/makara_bringup', 'symlink_install': False, 'test_result_base': None}
[0.166s] Level 5:colcon.colcon_core.verb:set package 'makara_interfaces' build argument 'cmake_args' from command line to 'None'
[0.166s] Level 5:colcon.colcon_core.verb:set package 'makara_interfaces' build argument 'cmake_target' from command line to 'None'
[0.166s] Level 5:colcon.colcon_core.verb:set package 'makara_interfaces' build argument 'cmake_target_skip_unavailable' from command line to 'False'
[0.166s] Level 5:colcon.colcon_core.verb:set package 'makara_interfaces' build argument 'cmake_clean_cache' from command line to 'False'
[0.166s] Level 5:colcon.colcon_core.verb:set package 'makara_interfaces' build argument 'cmake_clean_first' from command line to 'False'
[0.166s] Level 5:colcon.colcon_core.verb:set package 'makara_interfaces' build argument 'cmake_force_configure' from command line to 'False'
[0.166s] Level 5:colcon.colcon_core.verb:set package 'makara_interfaces' build argument 'ament_cmake_args' from command line to 'None'
[0.166s] Level 5:colcon.colcon_core.verb:set package 'makara_interfaces' build argument 'catkin_cmake_args' from command line to 'None'
[0.166s] Level 5:colcon.colcon_core.verb:set package 'makara_interfaces' build argument 'catkin_skip_building_tests' from command line to 'False'
[0.166s] DEBUG:colcon.colcon_core.verb:Building package 'makara_interfaces' with the following arguments: {'ament_cmake_args': None, 'build_base': '/home/swayanshree/projects/Makara-AUV-ROS2/build/makara_interfaces', 'catkin_cmake_args': None, 'catkin_skip_building_tests': False, 'cmake_args': None, 'cmake_clean_cache': False, 'cmake_clean_first': False, 'cmake_force_configure': False, 'cmake_target': None, 'cmake_target_skip_unavailable': False, 'install_base': '/home/swayanshree/projects/Makara-AUV-ROS2/install/makara_interfaces', 'merge_install': False, 'path': '/home/swayanshree/projects/Makara-AUV-ROS2/src/makara_interfaces', 'symlink_install': False, 'test_result_base': None}
[0.167s] Level 5:colcon.colcon_core.verb:set package 'makara_vision' build argument 'cmake_args' from command line to 'None'
[0.167s] Level 5:colcon.colcon_core.verb:set package 'makara_vision' build argument 'cmake_target' from command line to 'None'
[0.167s] Level 5:colcon.colcon_core.verb:set package 'makara_vision' build argument 'cmake_target_skip_unavailable' from command line to 'False'
[0.167s] Level 5:colcon.colcon_core.verb:set package 'makara_vision' build argument 'cmake_clean_cache' from command line to 'False'
[0.167s] Level 5:colcon.colcon_core.verb:set package 'makara_vision' build argument 'cmake_clean_first' from command line to 'False'
[0.167s] Level 5:colcon.colcon_core.verb:set package 'makara_vision' build argument 'cmake_force_configure' from command line to 'False'
[0.167s] Level 5:colcon.colcon_core.verb:set package 'makara_vision' build argument 'ament_cmake_args' from command line to 'None'
[0.167s] Level 5:colcon.colcon_core.verb:set package 'makara_vision' build argument 'catkin_cmake_args' from command line to 'None'
[0.167s] Level 5:colcon.colcon_core.verb:set package 'makara_vision' build argument 'catkin_skip_building_tests' from command line to 'False'
[0.167s] DEBUG:colcon.colcon_core.verb:Building package 'makara_vision' with the following arguments: {'ament_cmake_args': None, 'build_base': '/home/swayanshree/projects/Makara-AUV-ROS2/build/makara_vision', 'catkin_cmake_args': None, 'catkin_skip_building_tests': False, 'cmake_args': None, 'cmake_clean_cache': False, 'cmake_clean_first': False, 'cmake_force_configure': False, 'cmake_target': None, 'cmake_target_skip_unavailable': False, 'install_base': '/home/swayanshree/projects/Makara-AUV-ROS2/install/makara_vision', 'merge_install': False, 'path': '/home/swayanshree/projects/Makara-AUV-ROS2/src/makara_vision', 'symlink_install': False, 'test_result_base': None}
[0.167s] Level 5:colcon.colcon_core.verb:set package 'uuv_descriptions' build argument 'cmake_args' from command line to 'None'
[0.167s] Level 5:colcon.colcon_core.verb:set package 'uuv_descriptions' build argument 'cmake_target' from command line to 'None'
[0.167s] Level 5:colcon.colcon_core.verb:set package 'uuv_descriptions' build argument 'cmake_target_skip_unavailable' from command line to 'False'
[0.167s] Level 5:colcon.colcon_core.verb:set package 'uuv_descriptions' build argument 'cmake_clean_cache' from command line to 'False'
[0.167s] Level 5:colcon.colcon_core.verb:set package 'uuv_descriptions' build argument 'cmake_clean_first' from command line to 'False'
[0.167s] Level 5:colcon.colcon_core.verb:set package 'uuv_descriptions' build argument 'cmake_force_configure' from command line to 'False'
[0.167s] Level 5:colcon.colcon_core.verb:set package 'uuv_descriptions' build argument 'ament_cmake_args' from command line to 'None'
[0.167s] Level 5:colcon.colcon_core.verb:set package 'uuv_descriptions' build argument 'catkin_cmake_args' from command line to 'None'
[0.167s] Level 5:colcon.colcon_core.verb:set package 'uuv_descriptions' build argument 'catkin_skip_building_tests' from command line to 'False'
[0.167s] DEBUG:colcon.colcon_core.verb:Building package 'uuv_descriptions' with the following arguments: {'ament_cmake_args': None, 'build_base': '/home/swayanshree/projects/Makara-AUV-ROS2/build/uuv_descriptions', 'catkin_cmake_args': None, 'catkin_skip_building_tests': False, 'cmake_args': None, 'cmake_clean_cache': False, 'cmake_clean_first': False, 'cmake_force_configure': False, 'cmake_target': None, 'cmake_target_skip_unavailable': False, 'install_base': '/home/swayanshree/projects/Makara-AUV-ROS2/install/uuv_descriptions', 'merge_install': False, 'path': '/home/swayanshree/projects/Makara-AUV-ROS2/src/uuv_descriptions', 'symlink_install': False, 'test_result_base': None}
[0.167s] Level 5:colcon.colcon_core.verb:set package 'uuv_gazebo_ros_plugins' build argument 'cmake_args' from command line to 'None'
[0.167s] Level 5:colcon.colcon_core.verb:set package 'uuv_gazebo_ros_plugins' build argument 'cmake_target' from command line to 'None'
[0.167s] Level 5:colcon.colcon_core.verb:set package 'uuv_gazebo_ros_plugins' build argument 'cmake_target_skip_unavailable' from command line to 'False'
[0.167s] Level 5:colcon.colcon_core.verb:set package 'uuv_gazebo_ros_plugins' build argument 'cmake_clean_cache' from command line to 'False'
[0.167s] Level 5:colcon.colcon_core.verb:set package 'uuv_gazebo_ros_plugins' build argument 'cmake_clean_first' from command line to 'False'
[0.167s] Level 5:colcon.colcon_core.verb:set package 'uuv_gazebo_ros_plugins' build argument 'cmake_force_configure' from command line to 'False'
[0.167s] Level 5:colcon.colcon_core.verb:set package 'uuv_gazebo_ros_plugins' build argument 'ament_cmake_args' from command line to 'None'
[0.167s] Level 5:colcon.colcon_core.verb:set package 'uuv_gazebo_ros_plugins' build argument 'catkin_cmake_args' from command line to 'None'
[0.167s] Level 5:colcon.colcon_core.verb:set package 'uuv_gazebo_ros_plugins' build argument 'catkin_skip_building_tests' from command line to 'False'
[0.167s] DEBUG:colcon.colcon_core.verb:Building package 'uuv_gazebo_ros_plugins' with the following arguments: {'ament_cmake_args': None, 'build_base': '/home/swayanshree/projects/Makara-AUV-ROS2/build/uuv_gazebo_ros_plugins', 'catkin_cmake_args': None, 'catkin_skip_building_tests': False, 'cmake_args': None, 'cmake_clean_cache': False, 'cmake_clean_first': False, 'cmake_force_configure': False, 'cmake_target': None, 'cmake_target_skip_unavailable': False, 'install_base': '/home/swayanshree/projects/Makara-AUV-ROS2/install/uuv_gazebo_ros_plugins', 'merge_install': False, 'path': '/home/swayanshree/projects/Makara-AUV-ROS2/src/uuv_gazebo_ros_plugins', 'symlink_install': False, 'test_result_base': None}
[0.167s] Level 5:colcon.colcon_core.verb:set package 'uuv_sensor_ros_plugins' build argument 'cmake_args' from command line to 'None'
[0.167s] Level 5:colcon.colcon_core.verb:set package 'uuv_sensor_ros_plugins' build argument 'cmake_target' from command line to 'None'
[0.167s] Level 5:colcon.colcon_core.verb:set package 'uuv_sensor_ros_plugins' build argument 'cmake_target_skip_unavailable' from command line to 'False'
[0.167s] Level 5:colcon.colcon_core.verb:set package 'uuv_sensor_ros_plugins' build argument 'cmake_clean_cache' from command line to 'False'
[0.167s] Level 5:colcon.colcon_core.verb:set package 'uuv_sensor_ros_plugins' build argument 'cmake_clean_first' from command line to 'False'
[0.167s] Level 5:colcon.colcon_core.verb:set package 'uuv_sensor_ros_plugins' build argument 'cmake_force_configure' from command line to 'False'
[0.167s] Level 5:colcon.colcon_core.verb:set package 'uuv_sensor_ros_plugins' build argument 'ament_cmake_args' from command line to 'None'
[0.167s] Level 5:colcon.colcon_core.verb:set package 'uuv_sensor_ros_plugins' build argument 'catkin_cmake_args' from command line to 'None'
[0.167s] Level 5:colcon.colcon_core.verb:set package 'uuv_sensor_ros_plugins' build argument 'catkin_skip_building_tests' from command line to 'False'
[0.167s] DEBUG:colcon.colcon_core.verb:Building package 'uuv_sensor_ros_plugins' with the following arguments: {'ament_cmake_args': None, 'build_base': '/home/swayanshree/projects/Makara-AUV-ROS2/build/uuv_sensor_ros_plugins', 'catkin_cmake_args': None, 'catkin_skip_building_tests': False, 'cmake_args': None, 'cmake_clean_cache': False, 'cmake_clean_first': False, 'cmake_force_configure': False, 'cmake_target': None, 'cmake_target_skip_unavailable': False, 'install_base': '/home/swayanshree/projects/Makara-AUV-ROS2/install/uuv_sensor_ros_plugins', 'merge_install': False, 'path': '/home/swayanshree/projects/Makara-AUV-ROS2/src/uuv_sensor_ros_plugins', 'symlink_install': False, 'test_result_base': None}
[0.168s] Level 5:colcon.colcon_core.verb:set package 'ardupilot_attitude_control' build argument 'cmake_args' from command line to 'None'
[0.168s] Level 5:colcon.colcon_core.verb:set package 'ardupilot_attitude_control' build argument 'cmake_target' from command line to 'None'
[0.168s] Level 5:colcon.colcon_core.verb:set package 'ardupilot_attitude_control' build argument 'cmake_target_skip_unavailable' from command line to 'False'
[0.168s] Level 5:colcon.colcon_core.verb:set package 'ardupilot_attitude_control' build argument 'cmake_clean_cache' from command line to 'False'
[0.168s] Level 5:colcon.colcon_core.verb:set package 'ardupilot_attitude_control' build argument 'cmake_clean_first' from command line to 'False'
[0.168s] Level 5:colcon.colcon_core.verb:set package 'ardupilot_attitude_control' build argument 'cmake_force_configure' from command line to 'False'
[0.168s] Level 5:colcon.colcon_core.verb:set package 'ardupilot_attitude_control' build argument 'ament_cmake_args' from command line to 'None'
[0.168s] Level 5:colcon.colcon_core.verb:set package 'ardupilot_attitude_control' build argument 'catkin_cmake_args' from command line to 'None'
[0.168s] Level 5:colcon.colcon_core.verb:set package 'ardupilot_attitude_control' build argument 'catkin_skip_building_tests' from command line to 'False'
[0.168s] DEBUG:colcon.colcon_core.verb:Building package 'ardupilot_attitude_control' with the following arguments: {'ament_cmake_args': None, 'build_base': '/home/swayanshree/projects/Makara-AUV-ROS2/build/ardupilot_attitude_control', 'catkin_cmake_args': None, 'catkin_skip_building_tests': False, 'cmake_args': None, 'cmake_clean_cache': False, 'cmake_clean_first': False, 'cmake_force_configure': False, 'cmake_target': None, 'cmake_target_skip_unavailable': False, 'install_base': '/home/swayanshree/projects/Makara-AUV-ROS2/install/ardupilot_attitude_control', 'merge_install': False, 'path': '/home/swayanshree/projects/Makara-AUV-ROS2/src/ardupilot_attitude_control', 'symlink_install': False, 'test_result_base': None}
[0.168s] Level 5:colcon.colcon_core.verb:set package 'hammerhead_serial' build argument 'cmake_args' from command line to 'None'
[0.168s] Level 5:colcon.colcon_core.verb:set package 'hammerhead_serial' build argument 'cmake_target' from command line to 'None'
[0.168s] Level 5:colcon.colcon_core.verb:set package 'hammerhead_serial' build argument 'cmake_target_skip_unavailable' from command line to 'False'
[0.168s] Level 5:colcon.colcon_core.verb:set package 'hammerhead_serial' build argument 'cmake_clean_cache' from command line to 'False'
[0.168s] Level 5:colcon.colcon_core.verb:set package 'hammerhead_serial' build argument 'cmake_clean_first' from command line to 'False'
[0.168s] Level 5:colcon.colcon_core.verb:set package 'hammerhead_serial' build argument 'cmake_force_configure' from command line to 'False'
[0.168s] Level 5:colcon.colcon_core.verb:set package 'hammerhead_serial' build argument 'ament_cmake_args' from command line to 'None'
[0.168s] Level 5:colcon.colcon_core.verb:set package 'hammerhead_serial' build argument 'catkin_cmake_args' from command line to 'None'
[0.168s] Level 5:colcon.colcon_core.verb:set package 'hammerhead_serial' build argument 'catkin_skip_building_tests' from command line to 'False'
[0.168s] DEBUG:colcon.colcon_core.verb:Building package 'hammerhead_serial' with the following arguments: {'ament_cmake_args': None, 'build_base': '/home/swayanshree/projects/Makara-AUV-ROS2/build/hammerhead_serial', 'catkin_cmake_args': None, 'catkin_skip_building_tests': False, 'cmake_args': None, 'cmake_clean_cache': False, 'cmake_clean_first': False, 'cmake_force_configure': False, 'cmake_target': None, 'cmake_target_skip_unavailable': False, 'install_base': '/home/swayanshree/projects/Makara-AUV-ROS2/install/hammerhead_serial', 'merge_install': False, 'path': '/home/swayanshree/projects/Makara-AUV-ROS2/src/hammerhead_serial', 'symlink_install': False, 'test_result_base': None}
[0.168s] Level 5:colcon.colcon_core.verb:set package 'makara_control' build argument 'cmake_args' from command line to 'None'
[0.168s] Level 5:colcon.colcon_core.verb:set package 'makara_control' build argument 'cmake_target' from command line to 'None'
[0.168s] Level 5:colcon.colcon_core.verb:set package 'makara_control' build argument 'cmake_target_skip_unavailable' from command line to 'False'
[0.168s] Level 5:colcon.colcon_core.verb:set package 'makara_control' build argument 'cmake_clean_cache' from command line to 'False'
[0.168s] Level 5:colcon.colcon_core.verb:set package 'makara_control' build argument 'cmake_clean_first' from command line to 'False'
[0.168s] Level 5:colcon.colcon_core.verb:set package 'makara_control' build argument 'cmake_force_configure' from command line to 'False'
[0.168s] Level 5:colcon.colcon_core.verb:set package 'makara_control' build argument 'ament_cmake_args' from command line to 'None'
[0.168s] Level 5:colcon.colcon_core.verb:set package 'makara_control' build argument 'catkin_cmake_args' from command line to 'None'
[0.168s] Level 5:colcon.colcon_core.verb:set package 'makara_control' build argument 'catkin_skip_building_tests' from command line to 'False'
[0.168s] DEBUG:colcon.colcon_core.verb:Building package 'makara_control' with the following arguments: {'ament_cmake_args': None, 'build_base': '/home/swayanshree/projects/Makara-AUV-ROS2/build/makara_control', 'catkin_cmake_args': None, 'catkin_skip_building_tests': False, 'cmake_args': None, 'cmake_clean_cache': False, 'cmake_clean_first': False, 'cmake_force_configure': False, 'cmake_target': None, 'cmake_target_skip_unavailable': False, 'install_base': '/home/swayanshree/projects/Makara-AUV-ROS2/install/makara_control', 'merge_install': False, 'path': '/home/swayanshree/projects/Makara-AUV-ROS2/src/makara_control', 'symlink_install': False, 'test_result_base': None}
[0.168s] Level 5:colcon.colcon_core.verb:set package 'makara_serial' build argument 'cmake_args' from command line to 'None'
[0.168s] Level 5:colcon.colcon_core.verb:set package 'makara_serial' build argument 'cmake_target' from command line to 'None'
[0.168s] Level 5:colcon.colcon_core.verb:set package 'makara_serial' build argument 'cmake_target_skip_unavailable' from command line to 'False'
[0.168s] Level 5:colcon.colcon_core.verb:set package 'makara_serial' build argument 'cmake_clean_cache' from command line to 'False'
[0.168s] Level 5:colcon.colcon_core.verb:set package 'makara_serial' build argument 'cmake_clean_first' from command line to 'False'
[0.168s] Level 5:colcon.colcon_core.verb:set package 'makara_serial' build argument 'cmake_force_configure' from command line to 'False'
[0.168s] Level 5:colcon.colcon_core.verb:set package 'makara_serial' build argument 'ament_cmake_args' from command line to 'None'
[0.168s] Level 5:colcon.colcon_core.verb:set package 'makara_serial' build argument 'catkin_cmake_args' from command line to 'None'
[0.168s] Level 5:colcon.colcon_core.verb:set package 'makara_serial' build argument 'catkin_skip_building_tests' from command line to 'False'
[0.168s] DEBUG:colcon.colcon_core.verb:Building package 'makara_serial' with the following arguments: {'ament_cmake_args': None, 'build_base': '/home/swayanshree/projects/Makara-AUV-ROS2/build/makara_serial', 'catkin_cmake_args': None, 'catkin_skip_building_tests': False, 'cmake_args': None, 'cmake_clean_cache': False, 'cmake_clean_first': False, 'cmake_force_configure': False, 'cmake_target': None, 'cmake_target_skip_unavailable': False, 'install_base': '/home/swayanshree/projects/Makara-AUV-ROS2/install/makara_serial', 'merge_install': False, 'path': '/home/swayanshree/projects/Makara-AUV-ROS2/src/makara_serial', 'symlink_install': False, 'test_result_base': None}
[0.168s] INFO:colcon.colcon_core.executor:Executing jobs using 'parallel' executor
[0.169s] DEBUG:colcon.colcon_parallel_executor.executor.parallel:run_until_complete
[0.170s] INFO:colcon.colcon_ros.task.ament_cmake.build:Building ROS package in '/home/swayanshree/projects/Makara-AUV-ROS2/src/hammerhead_interfaces' with build type 'ament_cmake'
[0.170s] INFO:colcon.colcon_cmake.task.cmake.build:Building CMake package in '/home/swayanshree/projects/Makara-AUV-ROS2/src/hammerhead_interfaces'
[0.171s] INFO:colcon.colcon_core.plugin_system:Skipping extension 'colcon_core.shell.bat': Not used on non-Windows systems
[0.171s] INFO:colcon.colcon_core.shell:Skip shell extension 'powershell' for command environment: Not usable outside of PowerShell
[0.171s] DEBUG:colcon.colcon_core.shell:Skip shell extension 'dsv' for command environment
[0.173s] INFO:colcon.colcon_ros.task.ament_cmake.build:Building ROS package in '/home/swayanshree/projects/Makara-AUV-ROS2/src/makara_interfaces' with build type 'ament_cmake'
[0.173s] INFO:colcon.colcon_cmake.task.cmake.build:Building CMake package in '/home/swayanshree/projects/Makara-AUV-ROS2/src/makara_interfaces'
[0.173s] INFO:colcon.colcon_core.shell:Skip shell extension 'powershell' for command environment: Not usable outside of PowerShell
[0.173s] DEBUG:colcon.colcon_core.shell:Skip shell extension 'dsv' for command environment
[0.175s] INFO:colcon.colcon_ros.task.ament_cmake.build:Building ROS package in '/home/swayanshree/projects/Makara-AUV-ROS2/src/StateSpace' with build type 'ament_cmake'
[0.176s] INFO:colcon.colcon_cmake.task.cmake.build:Building CMake package in '/home/swayanshree/projects/Makara-AUV-ROS2/src/StateSpace'
[0.176s] INFO:colcon.colcon_core.shell:Skip shell extension 'powershell' for command environment: Not usable outside of PowerShell
[0.176s] DEBUG:colcon.colcon_core.shell:Skip shell extension 'dsv' for command environment
[0.177s] INFO:colcon.colcon_ros.task.ament_cmake.build:Building ROS package in '/home/swayanshree/projects/Makara-AUV-ROS2/src/auv_description' with build type 'ament_cmake'
[0.177s] INFO:colcon.colcon_cmake.task.cmake.build:Building CMake package in '/home/swayanshree/projects/Makara-AUV-ROS2/src/auv_description'
[0.177s] INFO:colcon.colcon_core.shell:Skip shell extension 'powershell' for command environment: Not usable outside of PowerShell
[0.177s] DEBUG:colcon.colcon_core.shell:Skip shell extension 'dsv' for command environment
[0.179s] INFO:colcon.colcon_ros.task.ament_cmake.build:Building ROS package in '/home/swayanshree/projects/Makara-AUV-ROS2/src/bluerov2_description' with build type 'ament_cmake'
[0.179s] INFO:colcon.colcon_cmake.task.cmake.build:Building CMake package in '/home/swayanshree/projects/Makara-AUV-ROS2/src/bluerov2_description'
[0.179s] INFO:colcon.colcon_core.shell:Skip shell extension 'powershell' for command environment: Not usable outside of PowerShell
[0.179s] DEBUG:colcon.colcon_core.shell:Skip shell extension 'dsv' for command environment
[0.180s] INFO:colcon.colcon_ros.task.ament_python.build:Building ROS package in '/home/swayanshree/projects/Makara-AUV-ROS2/src/data_sync' with build type 'ament_python'
[0.180s] Level 1:colcon.colcon_core.shell:create_environment_hook('data_sync', 'ament_prefix_path')
[0.181s] INFO:colcon.colcon_core.shell:Creating environment hook '/home/swayanshree/projects/Makara-AUV-ROS2/install/data_sync/share/data_sync/hook/ament_prefix_path.ps1'
[0.181s] INFO:colcon.colcon_core.shell:Creating environment descriptor '/home/swayanshree/projects/Makara-AUV-ROS2/install/data_sync/share/data_sync/hook/ament_prefix_path.dsv'
[0.181s] INFO:colcon.colcon_core.shell:Creating environment hook '/home/swayanshree/projects/Makara-AUV-ROS2/install/data_sync/share/data_sync/hook/ament_prefix_path.sh'
[0.181s] INFO:colcon.colcon_core.shell:Skip shell extension 'powershell' for command environment: Not usable outside of PowerShell
[0.181s] DEBUG:colcon.colcon_core.shell:Skip shell extension 'dsv' for command environment
[0.183s] INFO:colcon.colcon_ros.task.ament_python.build:Building ROS package in '/home/swayanshree/projects/Makara-AUV-ROS2/src/makara_bringup' with build type 'ament_python'
[0.183s] Level 1:colcon.colcon_core.shell:create_environment_hook('makara_bringup', 'ament_prefix_path')
[0.183s] INFO:colcon.colcon_core.shell:Creating environment hook '/home/swayanshree/projects/Makara-AUV-ROS2/install/makara_bringup/share/makara_bringup/hook/ament_prefix_path.ps1'
[0.183s] INFO:colcon.colcon_core.shell:Creating environment descriptor '/home/swayanshree/projects/Makara-AUV-ROS2/install/makara_bringup/share/makara_bringup/hook/ament_prefix_path.dsv'
[0.183s] INFO:colcon.colcon_core.shell:Creating environment hook '/home/swayanshree/projects/Makara-AUV-ROS2/install/makara_bringup/share/makara_bringup/hook/ament_prefix_path.sh'
[0.184s] INFO:colcon.colcon_core.shell:Skip shell extension 'powershell' for command environment: Not usable outside of PowerShell
[0.184s] DEBUG:colcon.colcon_core.shell:Skip shell extension 'dsv' for command environment
[0.185s] INFO:colcon.colcon_ros.task.ament_python.build:Building ROS package in '/home/swayanshree/projects/Makara-AUV-ROS2/src/makara_vision' with build type 'ament_python'
[0.185s] Level 1:colcon.colcon_core.shell:create_environment_hook('makara_vision', 'ament_prefix_path')
[0.185s] INFO:colcon.colcon_core.shell:Creating environment hook '/home/swayanshree/projects/Makara-AUV-ROS2/install/makara_vision/share/makara_vision/hook/ament_prefix_path.ps1'
[0.186s] INFO:colcon.colcon_core.shell:Creating environment descriptor '/home/swayanshree/projects/Makara-AUV-ROS2/install/makara_vision/share/makara_vision/hook/ament_prefix_path.dsv'
[0.186s] INFO:colcon.colcon_core.shell:Creating environment hook '/home/swayanshree/projects/Makara-AUV-ROS2/install/makara_vision/share/makara_vision/hook/ament_prefix_path.sh'
[0.186s] INFO:colcon.colcon_core.shell:Skip shell extension 'powershell' for command environment: Not usable outside of PowerShell
[0.186s] DEBUG:colcon.colcon_core.shell:Skip shell extension 'dsv' for command environment
[0.187s] INFO:colcon.colcon_ros.task.ament_python.build:Building ROS package in '/home/swayanshree/projects/Makara-AUV-ROS2/src/uuv_descriptions' with build type 'ament_python'
[0.188s] Level 1:colcon.colcon_core.shell:create_environment_hook('uuv_descriptions', 'ament_prefix_path')
[0.188s] INFO:colcon.colcon_core.shell:Creating environment hook '/home/swayanshree/projects/Makara-AUV-ROS2/install/uuv_descriptions/share/uuv_descriptions/hook/ament_prefix_path.ps1'
[0.188s] INFO:colcon.colcon_core.shell:Creating environment descriptor '/home/swayanshree/projects/Makara-AUV-ROS2/install/uuv_descriptions/share/uuv_descriptions/hook/ament_prefix_path.dsv'
[0.188s] INFO:colcon.colcon_core.shell:Creating environment hook '/home/swayanshree/projects/Makara-AUV-ROS2/install/uuv_descriptions/share/uuv_descriptions/hook/ament_prefix_path.sh'
[0.188s] INFO:colcon.colcon_core.shell:Skip shell extension 'powershell' for command environment: Not usable outside of PowerShell
[0.188s] DEBUG:colcon.colcon_core.shell:Skip shell extension 'dsv' for command environment
[0.190s] INFO:colcon.colcon_ros.task.ament_python.build:Building ROS package in '/home/swayanshree/projects/Makara-AUV-ROS2/src/uuv_gazebo_ros_plugins' with build type 'ament_python'
[0.190s] Level 1:colcon.colcon_core.shell:create_environment_hook('uuv_gazebo_ros_plugins', 'ament_prefix_path')
[0.190s] INFO:colcon.colcon_core.shell:Creating environment hook '/home/swayanshree/projects/Makara-AUV-ROS2/install/uuv_gazebo_ros_plugins/share/uuv_gazebo_ros_plugins/hook/ament_prefix_path.ps1'
[0.190s] INFO:colcon.colcon_core.shell:Creating environment descriptor '/home/swayanshree/projects/Makara-AUV-ROS2/install/uuv_gazebo_ros_plugins/share/uuv_gazebo_ros_plugins/hook/ament_prefix_path.dsv'
[0.190s] INFO:colcon.colcon_core.shell:Creating environment hook '/home/swayanshree/projects/Makara-AUV-ROS2/install/uuv_gazebo_ros_plugins/share/uuv_gazebo_ros_plugins/hook/ament_prefix_path.sh'
[0.190s] INFO:colcon.colcon_core.shell:Skip shell extension 'powershell' for command environment: Not usable outside of PowerShell
[0.190s] DEBUG:colcon.colcon_core.shell:Skip shell extension 'dsv' for command environment
[0.192s] INFO:colcon.colcon_ros.task.ament_python.build:Building ROS package in '/home/swayanshree/projects/Makara-AUV-ROS2/src/uuv_sensor_ros_plugins' with build type 'ament_python'
[0.192s] Level 1:colcon.colcon_core.shell:create_environment_hook('uuv_sensor_ros_plugins', 'ament_prefix_path')
[0.192s] INFO:colcon.colcon_core.shell:Creating environment hook '/home/swayanshree/projects/Makara-AUV-ROS2/install/uuv_sensor_ros_plugins/share/uuv_sensor_ros_plugins/hook/ament_prefix_path.ps1'
[0.192s] INFO:colcon.colcon_core.shell:Creating environment descriptor '/home/swayanshree/projects/Makara-AUV-ROS2/install/uuv_sensor_ros_plugins/share/uuv_sensor_ros_plugins/hook/ament_prefix_path.dsv'
[0.193s] INFO:colcon.colcon_core.shell:Creating environment hook '/home/swayanshree/projects/Makara-AUV-ROS2/install/uuv_sensor_ros_plugins/share/uuv_sensor_ros_plugins/hook/ament_prefix_path.sh'
[0.193s] INFO:colcon.colcon_core.shell:Skip shell extension 'powershell' for command environment: Not usable outside of PowerShell
[0.193s] DEBUG:colcon.colcon_core.shell:Skip shell extension 'dsv' for command environment
[0.197s] DEBUG:colcon.colcon_core.event_handler.log_command:Invoking command in '/home/swayanshree/projects/Makara-AUV-ROS2/build/hammerhead_interfaces': CMAKE_PREFIX_PATH=${CMAKE_PREFIX_PATH}:/home/swayanshree/projects/Makara-AUV-ROS2/install/uuv_simulator:/home/swayanshree/projects/Makara-AUV-ROS2/install/makara_serial:/home/swayanshree/projects/Makara-AUV-ROS2/install/hammerhead_serial:/home/swayanshree/projects/Makara-AUV-ROS2/install/data_sync:/home/swayanshree/projects/Makara-AUV-ROS2/install/makara_vision:/home/swayanshree/projects/Makara-AUV-ROS2/install/makara_bringup:/opt/ros/jazzy DEBUGINFOD_URLS=https://debuginfod.ubuntu.com /usr/bin/cmake /home/swayanshree/projects/Makara-AUV-ROS2/src/hammerhead_interfaces -DCMAKE_INSTALL_PREFIX=/home/swayanshree/projects/Makara-AUV-ROS2/install/hammerhead_interfaces
[0.198s] DEBUG:colcon.colcon_core.event_handler.log_command:Invoking command in '/home/swayanshree/projects/Makara-AUV-ROS2/build/makara_interfaces': CMAKE_PREFIX_PATH=${CMAKE_PREFIX_PATH}:/home/swayanshree/projects/Makara-AUV-ROS2/install/uuv_simulator:/home/swayanshree/projects/Makara-AUV-ROS2/install/makara_serial:/home/swayanshree/projects/Makara-AUV-ROS2/install/hammerhead_serial:/home/swayanshree/projects/Makara-AUV-ROS2/install/data_sync:/home/swayanshree/projects/Makara-AUV-ROS2/install/makara_vision:/home/swayanshree/projects/Makara-AUV-ROS2/install/makara_bringup:/opt/ros/jazzy DEBUGINFOD_URLS=https://debuginfod.ubuntu.com /usr/bin/cmake /home/swayanshree/projects/Makara-AUV-ROS2/src/makara_interfaces -DCMAKE_INSTALL_PREFIX=/home/swayanshree/projects/Makara-AUV-ROS2/install/makara_interfaces
[0.199s] DEBUG:colcon.colcon_core.event_handler.log_command:Invoking command in '/home/swayanshree/projects/Makara-AUV-ROS2/build/StateSpace': CMAKE_PREFIX_PATH=${CMAKE_PREFIX_PATH}:/home/swayanshree/projects/Makara-AUV-ROS2/install/uuv_simulator:/home/swayanshree/projects/Makara-AUV-ROS2/install/makara_serial:/home/swayanshree/projects/Makara-AUV-ROS2/install/hammerhead_serial:/home/swayanshree/projects/Makara-AUV-ROS2/install/data_sync:/home/swayanshree/projects/Makara-AUV-ROS2/install/makara_vision:/home/swayanshree/projects/Makara-AUV-ROS2/install/makara_bringup:/opt/ros/jazzy DEBUGINFOD_URLS=https://debuginfod.ubuntu.com /usr/bin/cmake /home/swayanshree/projects/Makara-AUV-ROS2/src/StateSpace -DCMAKE_INSTALL_PREFIX=/home/swayanshree/projects/Makara-AUV-ROS2/install/StateSpace
[0.200s] DEBUG:colcon.colcon_core.event_handler.log_command:Invoking command in '/home/swayanshree/projects/Makara-AUV-ROS2/build/auv_description': CMAKE_PREFIX_PATH=${CMAKE_PREFIX_PATH}:/home/swayanshree/projects/Makara-AUV-ROS2/install/uuv_simulator:/home/swayanshree/projects/Makara-AUV-ROS2/install/makara_serial:/home/swayanshree/projects/Makara-AUV-ROS2/install/hammerhead_serial:/home/swayanshree/projects/Makara-AUV-ROS2/install/data_sync:/home/swayanshree/projects/Makara-AUV-ROS2/install/makara_vision:/home/swayanshree/projects/Makara-AUV-ROS2/install/makara_bringup:/opt/ros/jazzy DEBUGINFOD_URLS=https://debuginfod.ubuntu.com /usr/bin/cmake /home/swayanshree/projects/Makara-AUV-ROS2/src/auv_description -DCMAKE_INSTALL_PREFIX=/home/swayanshree/projects/Makara-AUV-ROS2/install/auv_description
[0.201s] DEBUG:colcon.colcon_core.event_handler.log_command:Invoking command in '/home/swayanshree/projects/Makara-AUV-ROS2/build/bluerov2_description': CMAKE_PREFIX_PATH=${CMAKE_PREFIX_PATH}:/home/swayanshree/projects/Makara-AUV-ROS2/install/uuv_simulator:/home/swayanshree/projects/Makara-AUV-ROS2/install/makara_serial:/home/swayanshree/projects/Makara-AUV-ROS2/install/hammerhead_serial:/home/swayanshree/projects/Makara-AUV-ROS2/install/data_sync:/home/swayanshree/projects/Makara-AUV-ROS2/install/makara_vision:/home/swayanshree/projects/Makara-AUV-ROS2/install/makara_bringup:/opt/ros/jazzy DEBUGINFOD_URLS=https://debuginfod.ubuntu.com /usr/bin/cmake /home/swayanshree/projects/Makara-AUV-ROS2/src/bluerov2_description -DCMAKE_INSTALL_PREFIX=/home/swayanshree/projects/Makara-AUV-ROS2/install/bluerov2_description
[0.354s] INFO:colcon.colcon_core.task.python.build:Building Python package in '/home/swayanshree/projects/Makara-AUV-ROS2/src/data_sync'
[0.354s] INFO:colcon.colcon_core.shell:Skip shell extension 'powershell' for command environment: Not usable outside of PowerShell
[0.355s] DEBUG:colcon.colcon_core.shell:Skip shell extension 'dsv' for command environment
[0.485s] INFO:colcon.colcon_core.task.python.build:Building Python package in '/home/swayanshree/projects/Makara-AUV-ROS2/src/makara_bringup'
[0.485s] INFO:colcon.colcon_core.shell:Skip shell extension 'powershell' for command environment: Not usable outside of PowerShell
[0.485s] DEBUG:colcon.colcon_core.shell:Skip shell extension 'dsv' for command environment
[0.636s] INFO:colcon.colcon_core.task.python.build:Building Python package in '/home/swayanshree/projects/Makara-AUV-ROS2/src/makara_vision'
[0.636s] INFO:colcon.colcon_core.shell:Skip shell extension 'powershell' for command environment: Not usable outside of PowerShell
[0.636s] DEBUG:colcon.colcon_core.shell:Skip shell extension 'dsv' for command environment
[0.761s] INFO:colcon.colcon_core.task.python.build:Building Python package in '/home/swayanshree/projects/Makara-AUV-ROS2/src/uuv_descriptions'
[0.761s] INFO:colcon.colcon_core.shell:Skip shell extension 'powershell' for command environment: Not usable outside of PowerShell
[0.761s] DEBUG:colcon.colcon_core.shell:Skip shell extension 'dsv' for command environment
[0.887s] INFO:colcon.colcon_core.task.python.build:Building Python package in '/home/swayanshree/projects/Makara-AUV-ROS2/src/uuv_gazebo_ros_plugins'
[0.888s] INFO:colcon.colcon_core.shell:Skip shell extension 'powershell' for command environment: Not usable outside of PowerShell
[0.888s] DEBUG:colcon.colcon_core.shell:Skip shell extension 'dsv' for command environment
[0.896s] DEBUG:colcon.colcon_core.event_handler.log_command:Invoked command in '/home/swayanshree/projects/Makara-AUV-ROS2/build/auv_description' returned '0': CMAKE_PREFIX_PATH=${CMAKE_PREFIX_PATH}:/home/swayanshree/projects/Makara-AUV-ROS2/install/uuv_simulator:/home/swayanshree/projects/Makara-AUV-ROS2/install/makara_serial:/home/swayanshree/projects/Makara-AUV-ROS2/install/hammerhead_serial:/home/swayanshree/projects/Makara-AUV-ROS2/install/data_sync:/home/swayanshree/projects/Makara-AUV-ROS2/install/makara_vision:/home/swayanshree/projects/Makara-AUV-ROS2/install/makara_bringup:/opt/ros/jazzy DEBUGINFOD_URLS=https://debuginfod.ubuntu.com /usr/bin/cmake /home/swayanshree/projects/Makara-AUV-ROS2/src/auv_description -DCMAKE_INSTALL_PREFIX=/home/swayanshree/projects/Makara-AUV-ROS2/install/auv_description
[0.897s] DEBUG:colcon.colcon_core.event_handler.log_command:Invoking command in '/home/swayanshree/projects/Makara-AUV-ROS2/build/auv_description': CMAKE_PREFIX_PATH=${CMAKE_PREFIX_PATH}:/home/swayanshree/projects/Makara-AUV-ROS2/install/uuv_simulator:/home/swayanshree/projects/Makara-AUV-ROS2/install/makara_serial:/home/swayanshree/projects/Makara-AUV-ROS2/install/hammerhead_serial:/home/swayanshree/projects/Makara-AUV-ROS2/install/data_sync:/home/swayanshree/projects/Makara-AUV-ROS2/install/makara_vision:/home/swayanshree/projects/Makara-AUV-ROS2/install/makara_bringup:/opt/ros/jazzy DEBUGINFOD_URLS=https://debuginfod.ubuntu.com /usr/bin/cmake --build /home/swayanshree/projects/Makara-AUV-ROS2/build/auv_description -- -j16 -l16
[0.898s] DEBUG:colcon.colcon_core.event_handler.log_command:Invoked command in '/home/swayanshree/projects/Makara-AUV-ROS2/build/bluerov2_description' returned '0': CMAKE_PREFIX_PATH=${CMAKE_PREFIX_PATH}:/home/swayanshree/projects/Makara-AUV-ROS2/install/uuv_simulator:/home/swayanshree/projects/Makara-AUV-ROS2/install/makara_serial:/home/swayanshree/projects/Makara-AUV-ROS2/install/hammerhead_serial:/home/swayanshree/projects/Makara-AUV-ROS2/install/data_sync:/home/swayanshree/projects/Makara-AUV-ROS2/install/makara_vision:/home/swayanshree/projects/Makara-AUV-ROS2/install/makara_bringup:/opt/ros/jazzy DEBUGINFOD_URLS=https://debuginfod.ubuntu.com /usr/bin/cmake /home/swayanshree/projects/Makara-AUV-ROS2/src/bluerov2_description -DCMAKE_INSTALL_PREFIX=/home/swayanshree/projects/Makara-AUV-ROS2/install/bluerov2_description
[0.898s] DEBUG:colcon.colcon_core.event_handler.log_command:Invoking command in '/home/swayanshree/projects/Makara-AUV-ROS2/build/bluerov2_description': CMAKE_PREFIX_PATH=${CMAKE_PREFIX_PATH}:/home/swayanshree/projects/Makara-AUV-ROS2/install/uuv_simulator:/home/swayanshree/projects/Makara-AUV-ROS2/install/makara_serial:/home/swayanshree/projects/Makara-AUV-ROS2/install/hammerhead_serial:/home/swayanshree/projects/Makara-AUV-ROS2/install/data_sync:/home/swayanshree/projects/Makara-AUV-ROS2/install/makara_vision:/home/swayanshree/projects/Makara-AUV-ROS2/install/makara_bringup:/opt/ros/jazzy DEBUGINFOD_URLS=https://debuginfod.ubuntu.com /usr/bin/cmake --build /home/swayanshree/projects/Makara-AUV-ROS2/build/bluerov2_description -- -j16 -l16
[1.023s] INFO:colcon.colcon_core.task.python.build:Building Python package in '/home/swayanshree/projects/Makara-AUV-ROS2/src/uuv_sensor_ros_plugins'
[1.023s] INFO:colcon.colcon_core.shell:Skip shell extension 'powershell' for command environment: Not usable outside of PowerShell
[1.023s] DEBUG:colcon.colcon_core.shell:Skip shell extension 'dsv' for command environment
[1.031s] DEBUG:colcon.colcon_core.event_handler.log_command:Invoked command in '/home/swayanshree/projects/Makara-AUV-ROS2/build/auv_description' returned '0': CMAKE_PREFIX_PATH=${CMAKE_PREFIX_PATH}:/home/swayanshree/projects/Makara-AUV-ROS2/install/uuv_simulator:/home/swayanshree/projects/Makara-AUV-ROS2/install/makara_serial:/home/swayanshree/projects/Makara-AUV-ROS2/install/hammerhead_serial:/home/swayanshree/projects/Makara-AUV-ROS2/install/data_sync:/home/swayanshree/projects/Makara-AUV-ROS2/install/makara_vision:/home/swayanshree/projects/Makara-AUV-ROS2/install/makara_bringup:/opt/ros/jazzy DEBUGINFOD_URLS=https://debuginfod.ubuntu.com /usr/bin/cmake --build /home/swayanshree/projects/Makara-AUV-ROS2/build/auv_description -- -j16 -l16
[1.038s] DEBUG:colcon.colcon_core.event_handler.log_command:Invoking command in '/home/swayanshree/projects/Makara-AUV-ROS2/build/auv_description': CMAKE_PREFIX_PATH=${CMAKE_PREFIX_PATH}:/home/swayanshree/projects/Makara-AUV-ROS2/install/uuv_simulator:/home/swayanshree/projects/Makara-AUV-ROS2/install/makara_serial:/home/swayanshree/projects/Makara-AUV-ROS2/install/hammerhead_serial:/home/swayanshree/projects/Makara-AUV-ROS2/install/data_sync:/home/swayanshree/projects/Makara-AUV-ROS2/install/makara_vision:/home/swayanshree/projects/Makara-AUV-ROS2/install/makara_bringup:/opt/ros/jazzy DEBUGINFOD_URLS=https://debuginfod.ubuntu.com /usr/bin/cmake --install /home/swayanshree/projects/Makara-AUV-ROS2/build/auv_description
[1.038s] DEBUG:colcon.colcon_core.event_handler.log_command:Invoked command in '/home/swayanshree/projects/Makara-AUV-ROS2/build/bluerov2_description' returned '0': CMAKE_PREFIX_PATH=${CMAKE_PREFIX_PATH}:/home/swayanshree/projects/Makara-AUV-ROS2/install/uuv_simulator:/home/swayanshree/projects/Makara-AUV-ROS2/install/makara_serial:/home/swayanshree/projects/Makara-AUV-ROS2/install/hammerhead_serial:/home/swayanshree/projects/Makara-AUV-ROS2/install/data_sync:/home/swayanshree/projects/Makara-AUV-ROS2/install/makara_vision:/home/swayanshree/projects/Makara-AUV-ROS2/install/makara_bringup:/opt/ros/jazzy DEBUGINFOD_URLS=https://debuginfod.ubuntu.com /usr/bin/cmake --build /home/swayanshree/projects/Makara-AUV-ROS2/build/bluerov2_description -- -j16 -l16
[1.039s] DEBUG:colcon.colcon_core.event_handler.log_command:Invoking command in '/home/swayanshree/projects/Makara-AUV-ROS2/build/bluerov2_description': CMAKE_PREFIX_PATH=${CMAKE_PREFIX_PATH}:/home/swayanshree/projects/Makara-AUV-ROS2/install/uuv_simulator:/home/swayanshree/projects/Makara-AUV-ROS2/install/makara_serial:/home/swayanshree/projects/Makara-AUV-ROS2/install/hammerhead_serial:/home/swayanshree/projects/Makara-AUV-ROS2/install/data_sync:/home/swayanshree/projects/Makara-AUV-ROS2/install/makara_vision:/home/swayanshree/projects/Makara-AUV-ROS2/install/makara_bringup:/opt/ros/jazzy DEBUGINFOD_URLS=https://debuginfod.ubuntu.com /usr/bin/cmake --install /home/swayanshree/projects/Makara-AUV-ROS2/build/bluerov2_description
[1.047s] Level 1:colcon.colcon_core.environment:create_environment_scripts_only(auv_description)
[1.047s] DEBUG:colcon.colcon_core.event_handler.log_command:Invoked command in '/home/swayanshree/projects/Makara-AUV-ROS2/build/auv_description' returned '0': CMAKE_PREFIX_PATH=${CMAKE_PREFIX_PATH}:/home/swayanshree/projects/Makara-AUV-ROS2/install/uuv_simulator:/home/swayanshree/projects/Makara-AUV-ROS2/install/makara_serial:/home/swayanshree/projects/Makara-AUV-ROS2/install/hammerhead_serial:/home/swayanshree/projects/Makara-AUV-ROS2/install/data_sync:/home/swayanshree/projects/Makara-AUV-ROS2/install/makara_vision:/home/swayanshree/projects/Makara-AUV-ROS2/install/makara_bringup:/opt/ros/jazzy DEBUGINFOD_URLS=https://debuginfod.ubuntu.com /usr/bin/cmake --install /home/swayanshree/projects/Makara-AUV-ROS2/build/auv_description
[1.051s] Level 1:colcon.colcon_core.environment:checking '/home/swayanshree/projects/Makara-AUV-ROS2/install/auv_description' for CMake module files
[1.051s] Level 1:colcon.colcon_core.environment:checking '/home/swayanshree/projects/Makara-AUV-ROS2/install/auv_description' for CMake config files
[1.051s] Level 1:colcon.colcon_core.shell:create_environment_hook('auv_description', 'cmake_prefix_path')
[1.052s] INFO:colcon.colcon_core.shell:Creating environment hook '/home/swayanshree/projects/Makara-AUV-ROS2/install/auv_description/share/auv_description/hook/cmake_prefix_path.ps1'
[1.052s] INFO:colcon.colcon_core.shell:Creating environment descriptor '/home/swayanshree/projects/Makara-AUV-ROS2/install/auv_description/share/auv_description/hook/cmake_prefix_path.dsv'
[1.053s] INFO:colcon.colcon_core.shell:Creating environment hook '/home/swayanshree/projects/Makara-AUV-ROS2/install/auv_description/share/auv_description/hook/cmake_prefix_path.sh'
[1.053s] Level 1:colcon.colcon_core.environment:checking '/home/swayanshree/projects/Makara-AUV-ROS2/install/auv_description/lib'
[1.053s] Level 1:colcon.colcon_core.environment:checking '/home/swayanshree/projects/Makara-AUV-ROS2/install/auv_description/bin'
[1.053s] Level 1:colcon.colcon_core.environment:checking '/home/swayanshree/projects/Makara-AUV-ROS2/install/auv_description/lib/pkgconfig/auv_description.pc'
[1.054s] Level 1:colcon.colcon_core.environment:checking '/home/swayanshree/projects/Makara-AUV-ROS2/install/auv_description/lib/python3.12/site-packages'
[1.054s] Level 1:colcon.colcon_core.environment:checking '/home/swayanshree/projects/Makara-AUV-ROS2/install/auv_description/bin'
[1.054s] INFO:colcon.colcon_core.shell:Creating package script '/home/swayanshree/projects/Makara-AUV-ROS2/install/auv_description/share/auv_description/package.ps1'
[1.055s] INFO:colcon.colcon_core.shell:Creating package descriptor '/home/swayanshree/projects/Makara-AUV-ROS2/install/auv_description/share/auv_description/package.dsv'
[1.056s] INFO:colcon.colcon_core.shell:Creating package script '/home/swayanshree/projects/Makara-AUV-ROS2/install/auv_description/share/auv_description/package.sh'
[1.056s] INFO:colcon.colcon_core.shell:Creating package script '/home/swayanshree/projects/Makara-AUV-ROS2/install/auv_description/share/auv_description/package.bash'
[1.057s] INFO:colcon.colcon_core.shell:Creating package script '/home/swayanshree/projects/Makara-AUV-ROS2/install/auv_description/share/auv_description/package.zsh'
[1.058s] Level 1:colcon.colcon_core.environment:create_file_with_runtime_dependencies(/home/swayanshree/projects/Makara-AUV-ROS2/install/auv_description/share/colcon-core/packages/auv_description)
[1.058s] Level 1:colcon.colcon_core.environment:create_environment_scripts_only(auv_description)
[1.059s] Level 1:colcon.colcon_core.environment:checking '/home/swayanshree/projects/Makara-AUV-ROS2/install/auv_description' for CMake module files
[1.059s] Level 1:colcon.colcon_core.environment:checking '/home/swayanshree/projects/Makara-AUV-ROS2/install/auv_description' for CMake config files
[1.059s] Level 1:colcon.colcon_core.shell:create_environment_hook('auv_description', 'cmake_prefix_path')
[1.060s] INFO:colcon.colcon_core.shell:Creating environment hook '/home/swayanshree/projects/Makara-AUV-ROS2/install/auv_description/share/auv_description/hook/cmake_prefix_path.ps1'
[1.060s] INFO:colcon.colcon_core.shell:Creating environment descriptor '/home/swayanshree/projects/Makara-AUV-ROS2/install/auv_description/share/auv_description/hook/cmake_prefix_path.dsv'
[1.060s] INFO:colcon.colcon_core.shell:Creating environment hook '/home/swayanshree/projects/Makara-AUV-ROS2/install/auv_description/share/auv_description/hook/cmake_prefix_path.sh'
[1.061s] Level 1:colcon.colcon_core.environment:checking '/home/swayanshree/projects/Makara-AUV-ROS2/install/auv_description/lib'
[1.061s] Level 1:colcon.colcon_core.environment:checking '/home/swayanshree/projects/Makara-AUV-ROS2/install/auv_description/bin'
[1.061s] Level 1:colcon.colcon_core.environment:checking '/home/swayanshree/projects/Makara-AUV-ROS2/install/auv_description/lib/pkgconfig/auv_description.pc'
[1.061s] Level 1:colcon.colcon_core.environment:checking '/home/swayanshree/projects/Makara-AUV-ROS2/install/auv_description/lib/python3.12/site-packages'
[1.062s] Level 1:colcon.colcon_core.environment:checking '/home/swayanshree/projects/Makara-AUV-ROS2/install/auv_description/bin'
[1.062s] INFO:colcon.colcon_core.shell:Creating package script '/home/swayanshree/projects/Makara-AUV-ROS2/install/auv_description/share/auv_description/package.ps1'
[1.063s] INFO:colcon.colcon_core.shell:Creating package descriptor '/home/swayanshree/projects/Makara-AUV-ROS2/install/auv_description/share/auv_description/package.dsv'
[1.063s] INFO:colcon.colcon_core.shell:Creating package script '/home/swayanshree/projects/Makara-AUV-ROS2/install/auv_description/share/auv_description/package.sh'
[1.064s] INFO:colcon.colcon_core.shell:Creating package script '/home/swayanshree/projects/Makara-AUV-ROS2/install/auv_description/share/auv_description/package.bash'
[1.064s] INFO:colcon.colcon_core.shell:Creating package script '/home/swayanshree/projects/Makara-AUV-ROS2/install/auv_description/share/auv_description/package.zsh'
[1.064s] Level 1:colcon.colcon_core.environment:create_file_with_runtime_dependencies(/home/swayanshree/projects/Makara-AUV-ROS2/install/auv_description/share/colcon-core/packages/auv_description)
[1.078s] Level 1:colcon.colcon_core.environment:create_environment_scripts_only(bluerov2_description)
[1.078s] Level 1:colcon.colcon_core.environment:checking '/home/swayanshree/projects/Makara-AUV-ROS2/install/bluerov2_description' for CMake module files
[1.079s] DEBUG:colcon.colcon_core.event_handler.log_command:Invoked command in '/home/swayanshree/projects/Makara-AUV-ROS2/build/bluerov2_description' returned '0': CMAKE_PREFIX_PATH=${CMAKE_PREFIX_PATH}:/home/swayanshree/projects/Makara-AUV-ROS2/install/uuv_simulator:/home/swayanshree/projects/Makara-AUV-ROS2/install/makara_serial:/home/swayanshree/projects/Makara-AUV-ROS2/install/hammerhead_serial:/home/swayanshree/projects/Makara-AUV-ROS2/install/data_sync:/home/swayanshree/projects/Makara-AUV-ROS2/install/makara_vision:/home/swayanshree/projects/Makara-AUV-ROS2/install/makara_bringup:/opt/ros/jazzy DEBUGINFOD_URLS=https://debuginfod.ubuntu.com /usr/bin/cmake --install /home/swayanshree/projects/Makara-AUV-ROS2/build/bluerov2_description
[1.079s] Level 1:colcon.colcon_core.environment:checking '/home/swayanshree/projects/Makara-AUV-ROS2/install/bluerov2_description' for CMake config files
[1.079s] Level 1:colcon.colcon_core.shell:create_environment_hook('bluerov2_description', 'cmake_prefix_path')
[1.079s] INFO:colcon.colcon_core.shell:Creating environment hook '/home/swayanshree/projects/Makara-AUV-ROS2/install/bluerov2_description/share/bluerov2_description/hook/cmake_prefix_path.ps1'
[1.079s] INFO:colcon.colcon_core.shell:Creating environment descriptor '/home/swayanshree/projects/Makara-AUV-ROS2/install/bluerov2_description/share/bluerov2_description/hook/cmake_prefix_path.dsv'
[1.079s] INFO:colcon.colcon_core.shell:Creating environment hook '/home/swayanshree/projects/Makara-AUV-ROS2/install/bluerov2_description/share/bluerov2_description/hook/cmake_prefix_path.sh'
[1.080s] Level 1:colcon.colcon_core.environment:checking '/home/swayanshree/projects/Makara-AUV-ROS2/install/bluerov2_description/bin'
[1.080s] Level 1:colcon.colcon_core.environment:checking '/home/swayanshree/projects/Makara-AUV-ROS2/install/bluerov2_description/lib/pkgconfig/bluerov2_description.pc'
[1.080s] Level 1:colcon.colcon_core.environment:checking '/home/swayanshree/projects/Makara-AUV-ROS2/install/bluerov2_description/lib/python3.12/site-packages'
[1.080s] Level 1:colcon.colcon_core.environment:checking '/home/swayanshree/projects/Makara-AUV-ROS2/install/bluerov2_description/bin'
[1.080s] INFO:colcon.colcon_core.shell:Creating package script '/home/swayanshree/projects/Makara-AUV-ROS2/install/bluerov2_description/share/bluerov2_description/package.ps1'
[1.080s] INFO:colcon.colcon_core.shell:Creating package descriptor '/home/swayanshree/projects/Makara-AUV-ROS2/install/bluerov2_description/share/bluerov2_description/package.dsv'
[1.081s] INFO:colcon.colcon_core.shell:Creating package script '/home/swayanshree/projects/Makara-AUV-ROS2/install/bluerov2_description/share/bluerov2_description/package.sh'
[1.081s] INFO:colcon.colcon_core.shell:Creating package script '/home/swayanshree/projects/Makara-AUV-ROS2/install/bluerov2_description/share/bluerov2_description/package.bash'
[1.081s] INFO:colcon.colcon_core.shell:Creating package script '/home/swayanshree/projects/Makara-AUV-ROS2/install/bluerov2_description/share/bluerov2_description/package.zsh'
[1.081s] Level 1:colcon.colcon_core.environment:create_file_with_runtime_dependencies(/home/swayanshree/projects/Makara-AUV-ROS2/install/bluerov2_description/share/colcon-core/packages/bluerov2_description)
[1.081s] Level 1:colcon.colcon_core.environment:create_environment_scripts_only(bluerov2_description)
[1.081s] Level 1:colcon.colcon_core.environment:checking '/home/swayanshree/projects/Makara-AUV-ROS2/install/bluerov2_description' for CMake module files
[1.082s] Level 1:colcon.colcon_core.environment:checking '/home/swayanshree/projects/Makara-AUV-ROS2/install/bluerov2_description' for CMake config files
[1.082s] Level 1:colcon.colcon_core.shell:create_environment_hook('bluerov2_description', 'cmake_prefix_path')
[1.082s] INFO:colcon.colcon_core.shell:Creating environment hook '/home/swayanshree/projects/Makara-AUV-ROS2/install/bluerov2_description/share/bluerov2_description/hook/cmake_prefix_path.ps1'
[1.082s] INFO:colcon.colcon_core.shell:Creating environment descriptor '/home/swayanshree/projects/Makara-AUV-ROS2/install/bluerov2_description/share/bluerov2_description/hook/cmake_prefix_path.dsv'
[1.082s] INFO:colcon.colcon_core.shell:Creating environment hook '/home/swayanshree/projects/Makara-AUV-ROS2/install/bluerov2_description/share/bluerov2_description/hook/cmake_prefix_path.sh'
[1.082s] Level 1:colcon.colcon_core.environment:checking '/home/swayanshree/projects/Makara-AUV-ROS2/install/bluerov2_description/bin'
[1.082s] Level 1:colcon.colcon_core.environment:checking '/home/swayanshree/projects/Makara-AUV-ROS2/install/bluerov2_description/lib/pkgconfig/bluerov2_description.pc'
[1.083s] Level 1:colcon.colcon_core.environment:checking '/home/swayanshree/projects/Makara-AUV-ROS2/install/bluerov2_description/lib/python3.12/site-packages'
[1.083s] Level 1:colcon.colcon_core.environment:checking '/home/swayanshree/projects/Makara-AUV-ROS2/install/bluerov2_description/bin'
[1.083s] INFO:colcon.colcon_core.shell:Creating package script '/home/swayanshree/projects/Makara-AUV-ROS2/install/bluerov2_description/share/bluerov2_description/package.ps1'
[1.083s] INFO:colcon.colcon_core.shell:Creating package descriptor '/home/swayanshree/projects/Makara-AUV-ROS2/install/bluerov2_description/share/bluerov2_description/package.dsv'
[1.083s] INFO:colcon.colcon_core.shell:Creating package script '/home/swayanshree/projects/Makara-AUV-ROS2/install/bluerov2_description/share/bluerov2_description/package.sh'
[1.084s] INFO:colcon.colcon_core.shell:Creating package script '/home/swayanshree/projects/Makara-AUV-ROS2/install/bluerov2_description/share/bluerov2_description/package.bash'
[1.084s] INFO:colcon.colcon_core.shell:Creating package script '/home/swayanshree/projects/Makara-AUV-ROS2/install/bluerov2_description/share/bluerov2_description/package.zsh'
[1.084s] Level 1:colcon.colcon_core.environment:create_file_with_runtime_dependencies(/home/swayanshree/projects/Makara-AUV-ROS2/install/bluerov2_description/share/colcon-core/packages/bluerov2_description)
[1.109s] DEBUG:colcon.colcon_core.event_handler.log_command:Invoked command in '/home/swayanshree/projects/Makara-AUV-ROS2/build/StateSpace' returned '0': CMAKE_PREFIX_PATH=${CMAKE_PREFIX_PATH}:/home/swayanshree/projects/Makara-AUV-ROS2/install/uuv_simulator:/home/swayanshree/projects/Makara-AUV-ROS2/install/makara_serial:/home/swayanshree/projects/Makara-AUV-ROS2/install/hammerhead_serial:/home/swayanshree/projects/Makara-AUV-ROS2/install/data_sync:/home/swayanshree/projects/Makara-AUV-ROS2/install/makara_vision:/home/swayanshree/projects/Makara-AUV-ROS2/install/makara_bringup:/opt/ros/jazzy DEBUGINFOD_URLS=https://debuginfod.ubuntu.com /usr/bin/cmake /home/swayanshree/projects/Makara-AUV-ROS2/src/StateSpace -DCMAKE_INSTALL_PREFIX=/home/swayanshree/projects/Makara-AUV-ROS2/install/StateSpace
[1.110s] DEBUG:colcon.colcon_core.event_handler.log_command:Invoking command in '/home/swayanshree/projects/Makara-AUV-ROS2/build/StateSpace': CMAKE_PREFIX_PATH=${CMAKE_PREFIX_PATH}:/home/swayanshree/projects/Makara-AUV-ROS2/install/uuv_simulator:/home/swayanshree/projects/Makara-AUV-ROS2/install/makara_serial:/home/swayanshree/projects/Makara-AUV-ROS2/install/hammerhead_serial:/home/swayanshree/projects/Makara-AUV-ROS2/install/data_sync:/home/swayanshree/projects/Makara-AUV-ROS2/install/makara_vision:/home/swayanshree/projects/Makara-AUV-ROS2/install/makara_bringup:/opt/ros/jazzy DEBUGINFOD_URLS=https://debuginfod.ubuntu.com /usr/bin/cmake --build /home/swayanshree/projects/Makara-AUV-ROS2/build/StateSpace -- -j16 -l16
[1.134s] DEBUG:colcon.colcon_core.event_handler.log_command:Invoked command in '/home/swayanshree/projects/Makara-AUV-ROS2/build/StateSpace' returned '0': CMAKE_PREFIX_PATH=${CMAKE_PREFIX_PATH}:/home/swayanshree/projects/Makara-AUV-ROS2/install/uuv_simulator:/home/swayanshree/projects/Makara-AUV-ROS2/install/makara_serial:/home/swayanshree/projects/Makara-AUV-ROS2/install/hammerhead_serial:/home/swayanshree/projects/Makara-AUV-ROS2/install/data_sync:/home/swayanshree/projects/Makara-AUV-ROS2/install/makara_vision:/home/swayanshree/projects/Makara-AUV-ROS2/install/makara_bringup:/opt/ros/jazzy DEBUGINFOD_URLS=https://debuginfod.ubuntu.com /usr/bin/cmake --build /home/swayanshree/projects/Makara-AUV-ROS2/build/StateSpace -- -j16 -l16
[1.135s] DEBUG:colcon.colcon_core.event_handler.log_command:Invoking command in '/home/swayanshree/projects/Makara-AUV-ROS2/build/StateSpace': CMAKE_PREFIX_PATH=${CMAKE_PREFIX_PATH}:/home/swayanshree/projects/Makara-AUV-ROS2/install/uuv_simulator:/home/swayanshree/projects/Makara-AUV-ROS2/install/makara_serial:/home/swayanshree/projects/Makara-AUV-ROS2/install/hammerhead_serial:/home/swayanshree/projects/Makara-AUV-ROS2/install/data_sync:/home/swayanshree/projects/Makara-AUV-ROS2/install/makara_vision:/home/swayanshree/projects/Makara-AUV-ROS2/install/makara_bringup:/opt/ros/jazzy DEBUGINFOD_URLS=https://debuginfod.ubuntu.com /usr/bin/cmake --install /home/swayanshree/projects/Makara-AUV-ROS2/build/StateSpace
[1.142s] Level 1:colcon.colcon_core.environment:create_environment_scripts_only(StateSpace)
[1.142s] Level 1:colcon.colcon_core.environment:checking '/home/swayanshree/projects/Makara-AUV-ROS2/install/StateSpace' for CMake module files
[1.142s] DEBUG:colcon.colcon_core.event_handler.log_command:Invoked command in '/home/swayanshree/projects/Makara-AUV-ROS2/build/StateSpace' returned '0': CMAKE_PREFIX_PATH=${CMAKE_PREFIX_PATH}:/home/swayanshree/projects/Makara-AUV-ROS2/install/uuv_simulator:/home/swayanshree/projects/Makara-AUV-ROS2/install/makara_serial:/home/swayanshree/projects/Makara-AUV-ROS2/install/hammerhead_serial:/home/swayanshree/projects/Makara-AUV-ROS2/install/data_sync:/home/swayanshree/projects/Makara-AUV-ROS2/install/makara_vision:/home/swayanshree/projects/Makara-AUV-ROS2/install/makara_bringup:/opt/ros/jazzy DEBUGINFOD_URLS=https://debuginfod.ubuntu.com /usr/bin/cmake --install /home/swayanshree/projects/Makara-AUV-ROS2/build/StateSpace
[1.142s] Level 1:colcon.colcon_core.environment:checking '/home/swayanshree/projects/Makara-AUV-ROS2/install/StateSpace' for CMake config files
[1.143s] Level 1:colcon.colcon_core.shell:create_environment_hook('StateSpace', 'cmake_prefix_path')
[1.143s] INFO:colcon.colcon_core.shell:Creating environment hook '/home/swayanshree/projects/Makara-AUV-ROS2/install/StateSpace/share/StateSpace/hook/cmake_prefix_path.ps1'
[1.143s] INFO:colcon.colcon_core.shell:Creating environment descriptor '/home/swayanshree/projects/Makara-AUV-ROS2/install/StateSpace/share/StateSpace/hook/cmake_prefix_path.dsv'
[1.143s] INFO:colcon.colcon_core.shell:Creating environment hook '/home/swayanshree/projects/Makara-AUV-ROS2/install/StateSpace/share/StateSpace/hook/cmake_prefix_path.sh'
[1.143s] Level 1:colcon.colcon_core.environment:checking '/home/swayanshree/projects/Makara-AUV-ROS2/install/StateSpace/lib'
[1.143s] Level 1:colcon.colcon_core.environment:checking '/home/swayanshree/projects/Makara-AUV-ROS2/install/StateSpace/bin'
[1.143s] Level 1:colcon.colcon_core.environment:checking '/home/swayanshree/projects/Makara-AUV-ROS2/install/StateSpace/lib/pkgconfig/StateSpace.pc'
[1.144s] Level 1:colcon.colcon_core.environment:checking '/home/swayanshree/projects/Makara-AUV-ROS2/install/StateSpace/lib/python3.12/site-packages'
[1.144s] Level 1:colcon.colcon_core.environment:checking '/home/swayanshree/projects/Makara-AUV-ROS2/install/StateSpace/bin'
[1.144s] INFO:colcon.colcon_core.shell:Creating package script '/home/swayanshree/projects/Makara-AUV-ROS2/install/StateSpace/share/StateSpace/package.ps1'
[1.144s] INFO:colcon.colcon_core.shell:Creating package descriptor '/home/swayanshree/projects/Makara-AUV-ROS2/install/StateSpace/share/StateSpace/package.dsv'
[1.144s] INFO:colcon.colcon_core.shell:Creating package script '/home/swayanshree/projects/Makara-AUV-ROS2/install/StateSpace/share/StateSpace/package.sh'
[1.145s] INFO:colcon.colcon_core.shell:Creating package script '/home/swayanshree/projects/Makara-AUV-ROS2/install/StateSpace/share/StateSpace/package.bash'
[1.145s] INFO:colcon.colcon_core.shell:Creating package script '/home/swayanshree/projects/Makara-AUV-ROS2/install/StateSpace/share/StateSpace/package.zsh'
[1.145s] Level 1:colcon.colcon_core.environment:create_file_with_runtime_dependencies(/home/swayanshree/projects/Makara-AUV-ROS2/install/StateSpace/share/colcon-core/packages/StateSpace)
[1.145s] Level 1:colcon.colcon_core.environment:create_environment_scripts_only(StateSpace)
[1.145s] Level 1:colcon.colcon_core.environment:checking '/home/swayanshree/projects/Makara-AUV-ROS2/install/StateSpace' for CMake module files
[1.145s] Level 1:colcon.colcon_core.environment:checking '/home/swayanshree/projects/Makara-AUV-ROS2/install/StateSpace' for CMake config files
[1.145s] Level 1:colcon.colcon_core.shell:create_environment_hook('StateSpace', 'cmake_prefix_path')
[1.146s] INFO:colcon.colcon_core.shell:Creating environment hook '/home/swayanshree/projects/Makara-AUV-ROS2/install/StateSpace/share/StateSpace/hook/cmake_prefix_path.ps1'
[1.146s] INFO:colcon.colcon_core.shell:Creating environment descriptor '/home/swayanshree/projects/Makara-AUV-ROS2/install/StateSpace/share/StateSpace/hook/cmake_prefix_path.dsv'
[1.146s] INFO:colcon.colcon_core.shell:Creating environment hook '/home/swayanshree/projects/Makara-AUV-ROS2/install/StateSpace/share/StateSpace/hook/cmake_prefix_path.sh'
[1.146s] Level 1:colcon.colcon_core.environment:checking '/home/swayanshree/projects/Makara-AUV-ROS2/install/StateSpace/lib'
[1.146s] Level 1:colcon.colcon_core.environment:checking '/home/swayanshree/projects/Makara-AUV-ROS2/install/StateSpace/bin'
[1.146s] Level 1:colcon.colcon_core.environment:checking '/home/swayanshree/projects/Makara-AUV-ROS2/install/StateSpace/lib/pkgconfig/StateSpace.pc'
[1.146s] Level 1:colcon.colcon_core.environment:checking '/home/swayanshree/projects/Makara-AUV-ROS2/install/StateSpace/lib/python3.12/site-packages'
[1.147s] Level 1:colcon.colcon_core.environment:checking '/home/swayanshree/projects/Makara-AUV-ROS2/install/StateSpace/bin'
[1.147s] INFO:colcon.colcon_core.shell:Creating package script '/home/swayanshree/projects/Makara-AUV-ROS2/install/StateSpace/share/StateSpace/package.ps1'
[1.147s] INFO:colcon.colcon_core.shell:Creating package descriptor '/home/swayanshree/projects/Makara-AUV-ROS2/install/StateSpace/share/StateSpace/package.dsv'
[1.147s] INFO:colcon.colcon_core.shell:Creating package script '/home/swayanshree/projects/Makara-AUV-ROS2/install/StateSpace/share/StateSpace/package.sh'
[1.147s] INFO:colcon.colcon_core.shell:Creating package script '/home/swayanshree/projects/Makara-AUV-ROS2/install/StateSpace/share/StateSpace/package.bash'
[1.148s] INFO:colcon.colcon_core.shell:Creating package script '/home/swayanshree/projects/Makara-AUV-ROS2/install/StateSpace/share/StateSpace/package.zsh'
[1.148s] Level 1:colcon.colcon_core.environment:create_file_with_runtime_dependencies(/home/swayanshree/projects/Makara-AUV-ROS2/install/StateSpace/share/colcon-core/packages/StateSpace)
[1.420s] DEBUG:colcon.colcon_core.event_handler.log_command:Invoking command in '/home/swayanshree/projects/Makara-AUV-ROS2/src/uuv_sensor_ros_plugins': DEBUGINFOD_URLS=https://debuginfod.ubuntu.com PYTHONPATH=/home/swayanshree/projects/Makara-AUV-ROS2/build/uuv_sensor_ros_plugins/prefix_override:/usr/lib/python3/dist-packages/colcon_core/task/python/colcon_distutils_commands:/home/swayanshree/projects/Makara-AUV-ROS2/install/uuv_sensor_ros_plugins/lib/python3.12/site-packages:${PYTHONPATH} /usr/bin/python3 -W ignore:setup.py install is deprecated -W ignore:easy_install command is deprecated setup.py egg_info --egg-base ../../build/uuv_sensor_ros_plugins build --build-base /home/swayanshree/projects/Makara-AUV-ROS2/build/uuv_sensor_ros_plugins/build install --record /home/swayanshree/projects/Makara-AUV-ROS2/build/uuv_sensor_ros_plugins/install.log --single-version-externally-managed install_data
[1.422s] DEBUG:colcon.colcon_core.event_handler.log_command:Invoking command in '/home/swayanshree/projects/Makara-AUV-ROS2/src/data_sync': DEBUGINFOD_URLS=https://debuginfod.ubuntu.com PYTHONPATH=/home/swayanshree/projects/Makara-AUV-ROS2/build/data_sync/prefix_override:/usr/lib/python3/dist-packages/colcon_core/task/python/colcon_distutils_commands:/home/swayanshree/projects/Makara-AUV-ROS2/install/data_sync/lib/python3.12/site-packages:${PYTHONPATH} /usr/bin/python3 -W ignore:setup.py install is deprecated -W ignore:easy_install command is deprecated setup.py egg_info --egg-base ../../build/data_sync build --build-base /home/swayanshree/projects/Makara-AUV-ROS2/build/data_sync/build install --record /home/swayanshree/projects/Makara-AUV-ROS2/build/data_sync/install.log --single-version-externally-managed install_data
[1.486s] DEBUG:colcon.colcon_core.event_handler.log_command:Invoking command in '/home/swayanshree/projects/Makara-AUV-ROS2/src/makara_vision': DEBUGINFOD_URLS=https://debuginfod.ubuntu.com PYTHONPATH=/home/swayanshree/projects/Makara-AUV-ROS2/build/makara_vision/prefix_override:/usr/lib/python3/dist-packages/colcon_core/task/python/colcon_distutils_commands:/home/swayanshree/projects/Makara-AUV-ROS2/install/makara_vision/lib/python3.12/site-packages:${PYTHONPATH} /usr/bin/python3 -W ignore:setup.py install is deprecated -W ignore:easy_install command is deprecated setup.py egg_info --egg-base ../../build/makara_vision build --build-base /home/swayanshree/projects/Makara-AUV-ROS2/build/makara_vision/build install --record /home/swayanshree/projects/Makara-AUV-ROS2/build/makara_vision/install.log --single-version-externally-managed install_data
[1.503s] DEBUG:colcon.colcon_core.event_handler.log_command:Invoking command in '/home/swayanshree/projects/Makara-AUV-ROS2/src/uuv_descriptions': DEBUGINFOD_URLS=https://debuginfod.ubuntu.com PYTHONPATH=/home/swayanshree/projects/Makara-AUV-ROS2/build/uuv_descriptions/prefix_override:/usr/lib/python3/dist-packages/colcon_core/task/python/colcon_distutils_commands:/home/swayanshree/projects/Makara-AUV-ROS2/install/uuv_descriptions/lib/python3.12/site-packages:${PYTHONPATH} /usr/bin/python3 -W ignore:setup.py install is deprecated -W ignore:easy_install command is deprecated setup.py egg_info --egg-base ../../build/uuv_descriptions build --build-base /home/swayanshree/projects/Makara-AUV-ROS2/build/uuv_descriptions/build install --record /home/swayanshree/projects/Makara-AUV-ROS2/build/uuv_descriptions/install.log --single-version-externally-managed install_data
[1.531s] DEBUG:colcon.colcon_core.event_handler.log_command:Invoking command in '/home/swayanshree/projects/Makara-AUV-ROS2/src/makara_bringup': DEBUGINFOD_URLS=https://debuginfod.ubuntu.com PYTHONPATH=/home/swayanshree/projects/Makara-AUV-ROS2/build/makara_bringup/prefix_override:/usr/lib/python3/dist-packages/colcon_core/task/python/colcon_distutils_commands:/home/swayanshree/projects/Makara-AUV-ROS2/install/makara_bringup/lib/python3.12/site-packages:${PYTHONPATH} /usr/bin/python3 -W ignore:setup.py install is deprecated -W ignore:easy_install command is deprecated setup.py egg_info --egg-base ../../build/makara_bringup build --build-base /home/swayanshree/projects/Makara-AUV-ROS2/build/makara_bringup/build install --record /home/swayanshree/projects/Makara-AUV-ROS2/build/makara_bringup/install.log --single-version-externally-managed install_data
[1.609s] DEBUG:colcon.colcon_core.event_handler.log_command:Invoking command in '/home/swayanshree/projects/Makara-AUV-ROS2/src/uuv_gazebo_ros_plugins': DEBUGINFOD_URLS=https://debuginfod.ubuntu.com PYTHONPATH=/home/swayanshree/projects/Makara-AUV-ROS2/build/uuv_gazebo_ros_plugins/prefix_override:/usr/lib/python3/dist-packages/colcon_core/task/python/colcon_distutils_commands:/home/swayanshree/projects/Makara-AUV-ROS2/install/uuv_gazebo_ros_plugins/lib/python3.12/site-packages:${PYTHONPATH} /usr/bin/python3 -W ignore:setup.py install is deprecated -W ignore:easy_install command is deprecated setup.py egg_info --egg-base ../../build/uuv_gazebo_ros_plugins build --build-base /home/swayanshree/projects/Makara-AUV-ROS2/build/uuv_gazebo_ros_plugins/build install --record /home/swayanshree/projects/Makara-AUV-ROS2/build/uuv_gazebo_ros_plugins/install.log --single-version-externally-managed install_data
[1.736s] Level 1:colcon.colcon_core.environment:checking '/home/swayanshree/projects/Makara-AUV-ROS2/install/uuv_sensor_ros_plugins' for CMake module files
[1.737s] DEBUG:colcon.colcon_core.event_handler.log_command:Invoked command in '/home/swayanshree/projects/Makara-AUV-ROS2/src/uuv_sensor_ros_plugins' returned '0': DEBUGINFOD_URLS=https://debuginfod.ubuntu.com PYTHONPATH=/home/swayanshree/projects/Makara-AUV-ROS2/build/uuv_sensor_ros_plugins/prefix_override:/usr/lib/python3/dist-packages/colcon_core/task/python/colcon_distutils_commands:/home/swayanshree/projects/Makara-AUV-ROS2/install/uuv_sensor_ros_plugins/lib/python3.12/site-packages:${PYTHONPATH} /usr/bin/python3 -W ignore:setup.py install is deprecated -W ignore:easy_install command is deprecated setup.py egg_info --egg-base ../../build/uuv_sensor_ros_plugins build --build-base /home/swayanshree/projects/Makara-AUV-ROS2/build/uuv_sensor_ros_plugins/build install --record /home/swayanshree/projects/Makara-AUV-ROS2/build/uuv_sensor_ros_plugins/install.log --single-version-externally-managed install_data
[1.737s] Level 1:colcon.colcon_core.environment:checking '/home/swayanshree/projects/Makara-AUV-ROS2/install/uuv_sensor_ros_plugins' for CMake config files
[1.738s] Level 1:colcon.colcon_core.environment:checking '/home/swayanshree/projects/Makara-AUV-ROS2/install/uuv_sensor_ros_plugins/lib'
[1.738s] Level 1:colcon.colcon_core.environment:checking '/home/swayanshree/projects/Makara-AUV-ROS2/install/uuv_sensor_ros_plugins/bin'
[1.738s] Level 1:colcon.colcon_core.environment:checking '/home/swayanshree/projects/Makara-AUV-ROS2/install/uuv_sensor_ros_plugins/lib/pkgconfig/uuv_sensor_ros_plugins.pc'
[1.738s] Level 1:colcon.colcon_core.environment:checking '/home/swayanshree/projects/Makara-AUV-ROS2/install/uuv_sensor_ros_plugins/lib/python3.12/site-packages'
[1.738s] Level 1:colcon.colcon_core.shell:create_environment_hook('uuv_sensor_ros_plugins', 'pythonpath')
[1.738s] INFO:colcon.colcon_core.shell:Creating environment hook '/home/swayanshree/projects/Makara-AUV-ROS2/install/uuv_sensor_ros_plugins/share/uuv_sensor_ros_plugins/hook/pythonpath.ps1'
[1.739s] INFO:colcon.colcon_core.shell:Creating environment descriptor '/home/swayanshree/projects/Makara-AUV-ROS2/install/uuv_sensor_ros_plugins/share/uuv_sensor_ros_plugins/hook/pythonpath.dsv'
[1.739s] INFO:colcon.colcon_core.shell:Creating environment hook '/home/swayanshree/projects/Makara-AUV-ROS2/install/uuv_sensor_ros_plugins/share/uuv_sensor_ros_plugins/hook/pythonpath.sh'
[1.739s] Level 1:colcon.colcon_core.environment:checking '/home/swayanshree/projects/Makara-AUV-ROS2/install/uuv_sensor_ros_plugins/bin'
[1.739s] Level 1:colcon.colcon_core.environment:create_environment_scripts_only(uuv_sensor_ros_plugins)
[1.740s] INFO:colcon.colcon_core.shell:Creating package script '/home/swayanshree/projects/Makara-AUV-ROS2/install/uuv_sensor_ros_plugins/share/uuv_sensor_ros_plugins/package.ps1'
[1.740s] INFO:colcon.colcon_core.shell:Creating package descriptor '/home/swayanshree/projects/Makara-AUV-ROS2/install/uuv_sensor_ros_plugins/share/uuv_sensor_ros_plugins/package.dsv'
[1.740s] INFO:colcon.colcon_core.shell:Creating package script '/home/swayanshree/projects/Makara-AUV-ROS2/install/uuv_sensor_ros_plugins/share/uuv_sensor_ros_plugins/package.sh'
[1.741s] INFO:colcon.colcon_core.shell:Creating package script '/home/swayanshree/projects/Makara-AUV-ROS2/install/uuv_sensor_ros_plugins/share/uuv_sensor_ros_plugins/package.bash'
[1.741s] INFO:colcon.colcon_core.shell:Creating package script '/home/swayanshree/projects/Makara-AUV-ROS2/install/uuv_sensor_ros_plugins/share/uuv_sensor_ros_plugins/package.zsh'
[1.741s] Level 1:colcon.colcon_core.environment:create_file_with_runtime_dependencies(/home/swayanshree/projects/Makara-AUV-ROS2/install/uuv_sensor_ros_plugins/share/colcon-core/packages/uuv_sensor_ros_plugins)
[1.742s] Level 1:colcon.colcon_core.environment:checking '/home/swayanshree/projects/Makara-AUV-ROS2/install/data_sync' for CMake module files
[1.742s] DEBUG:colcon.colcon_core.event_handler.log_command:Invoked command in '/home/swayanshree/projects/Makara-AUV-ROS2/src/data_sync' returned '0': DEBUGINFOD_URLS=https://debuginfod.ubuntu.com PYTHONPATH=/home/swayanshree/projects/Makara-AUV-ROS2/build/data_sync/prefix_override:/usr/lib/python3/dist-packages/colcon_core/task/python/colcon_distutils_commands:/home/swayanshree/projects/Makara-AUV-ROS2/install/data_sync/lib/python3.12/site-packages:${PYTHONPATH} /usr/bin/python3 -W ignore:setup.py install is deprecated -W ignore:easy_install command is deprecated setup.py egg_info --egg-base ../../build/data_sync build --build-base /home/swayanshree/projects/Makara-AUV-ROS2/build/data_sync/build install --record /home/swayanshree/projects/Makara-AUV-ROS2/build/data_sync/install.log --single-version-externally-managed install_data
[1.742s] Level 1:colcon.colcon_core.environment:checking '/home/swayanshree/projects/Makara-AUV-ROS2/install/data_sync' for CMake config files
[1.743s] Level 1:colcon.colcon_core.environment:checking '/home/swayanshree/projects/Makara-AUV-ROS2/install/data_sync/lib'
[1.743s] Level 1:colcon.colcon_core.environment:checking '/home/swayanshree/projects/Makara-AUV-ROS2/install/data_sync/bin'
[1.743s] Level 1:colcon.colcon_core.environment:checking '/home/swayanshree/projects/Makara-AUV-ROS2/install/data_sync/lib/pkgconfig/data_sync.pc'
[1.743s] Level 1:colcon.colcon_core.environment:checking '/home/swayanshree/projects/Makara-AUV-ROS2/install/data_sync/lib/python3.12/site-packages'
[1.743s] Level 1:colcon.colcon_core.shell:create_environment_hook('data_sync', 'pythonpath')
[1.743s] INFO:colcon.colcon_core.shell:Creating environment hook '/home/swayanshree/projects/Makara-AUV-ROS2/install/data_sync/share/data_sync/hook/pythonpath.ps1'
[1.743s] INFO:colcon.colcon_core.shell:Creating environment descriptor '/home/swayanshree/projects/Makara-AUV-ROS2/install/data_sync/share/data_sync/hook/pythonpath.dsv'
[1.744s] INFO:colcon.colcon_core.shell:Creating environment hook '/home/swayanshree/projects/Makara-AUV-ROS2/install/data_sync/share/data_sync/hook/pythonpath.sh'
[1.744s] Level 1:colcon.colcon_core.environment:checking '/home/swayanshree/projects/Makara-AUV-ROS2/install/data_sync/bin'
[1.744s] Level 1:colcon.colcon_core.environment:create_environment_scripts_only(data_sync)
[1.744s] INFO:colcon.colcon_core.shell:Creating package script '/home/swayanshree/projects/Makara-AUV-ROS2/install/data_sync/share/data_sync/package.ps1'
[1.745s] INFO:colcon.colcon_core.shell:Creating package descriptor '/home/swayanshree/projects/Makara-AUV-ROS2/install/data_sync/share/data_sync/package.dsv'
[1.745s] INFO:colcon.colcon_core.shell:Creating package script '/home/swayanshree/projects/Makara-AUV-ROS2/install/data_sync/share/data_sync/package.sh'
[1.745s] INFO:colcon.colcon_core.shell:Creating package script '/home/swayanshree/projects/Makara-AUV-ROS2/install/data_sync/share/data_sync/package.bash'
[1.746s] INFO:colcon.colcon_core.shell:Creating package script '/home/swayanshree/projects/Makara-AUV-ROS2/install/data_sync/share/data_sync/package.zsh'
[1.746s] Level 1:colcon.colcon_core.environment:create_file_with_runtime_dependencies(/home/swayanshree/projects/Makara-AUV-ROS2/install/data_sync/share/colcon-core/packages/data_sync)
[1.821s] Level 1:colcon.colcon_core.environment:checking '/home/swayanshree/projects/Makara-AUV-ROS2/install/makara_vision' for CMake module files
[1.822s] DEBUG:colcon.colcon_core.event_handler.log_command:Invoked command in '/home/swayanshree/projects/Makara-AUV-ROS2/src/makara_vision' returned '0': DEBUGINFOD_URLS=https://debuginfod.ubuntu.com PYTHONPATH=/home/swayanshree/projects/Makara-AUV-ROS2/build/makara_vision/prefix_override:/usr/lib/python3/dist-packages/colcon_core/task/python/colcon_distutils_commands:/home/swayanshree/projects/Makara-AUV-ROS2/install/makara_vision/lib/python3.12/site-packages:${PYTHONPATH} /usr/bin/python3 -W ignore:setup.py install is deprecated -W ignore:easy_install command is deprecated setup.py egg_info --egg-base ../../build/makara_vision build --build-base /home/swayanshree/projects/Makara-AUV-ROS2/build/makara_vision/build install --record /home/swayanshree/projects/Makara-AUV-ROS2/build/makara_vision/install.log --single-version-externally-managed install_data
[1.822s] Level 1:colcon.colcon_core.environment:checking '/home/swayanshree/projects/Makara-AUV-ROS2/install/makara_vision' for CMake config files
[1.822s] Level 1:colcon.colcon_core.environment:checking '/home/swayanshree/projects/Makara-AUV-ROS2/install/makara_vision/lib'
[1.822s] Level 1:colcon.colcon_core.environment:checking '/home/swayanshree/projects/Makara-AUV-ROS2/install/makara_vision/bin'
[1.822s] Level 1:colcon.colcon_core.environment:checking '/home/swayanshree/projects/Makara-AUV-ROS2/install/makara_vision/lib/pkgconfig/makara_vision.pc'
[1.822s] Level 1:colcon.colcon_core.environment:checking '/home/swayanshree/projects/Makara-AUV-ROS2/install/makara_vision/lib/python3.12/site-packages'
[1.822s] Level 1:colcon.colcon_core.shell:create_environment_hook('makara_vision', 'pythonpath')
[1.822s] INFO:colcon.colcon_core.shell:Creating environment hook '/home/swayanshree/projects/Makara-AUV-ROS2/install/makara_vision/share/makara_vision/hook/pythonpath.ps1'
[1.823s] INFO:colcon.colcon_core.shell:Creating environment descriptor '/home/swayanshree/projects/Makara-AUV-ROS2/install/makara_vision/share/makara_vision/hook/pythonpath.dsv'
[1.824s] INFO:colcon.colcon_core.shell:Creating environment hook '/home/swayanshree/projects/Makara-AUV-ROS2/install/makara_vision/share/makara_vision/hook/pythonpath.sh'
[1.825s] Level 1:colcon.colcon_core.environment:checking '/home/swayanshree/projects/Makara-AUV-ROS2/install/makara_vision/bin'
[1.825s] Level 1:colcon.colcon_core.environment:create_environment_scripts_only(makara_vision)
[1.825s] INFO:colcon.colcon_core.shell:Creating package script '/home/swayanshree/projects/Makara-AUV-ROS2/install/makara_vision/share/makara_vision/package.ps1'
[1.826s] INFO:colcon.colcon_core.shell:Creating package descriptor '/home/swayanshree/projects/Makara-AUV-ROS2/install/makara_vision/share/makara_vision/package.dsv'
[1.826s] INFO:colcon.colcon_core.shell:Creating package script '/home/swayanshree/projects/Makara-AUV-ROS2/install/makara_vision/share/makara_vision/package.sh'
[1.826s] INFO:colcon.colcon_core.shell:Creating package script '/home/swayanshree/projects/Makara-AUV-ROS2/install/makara_vision/share/makara_vision/package.bash'
[1.826s] INFO:colcon.colcon_core.shell:Creating package script '/home/swayanshree/projects/Makara-AUV-ROS2/install/makara_vision/share/makara_vision/package.zsh'
[1.827s] Level 1:colcon.colcon_core.environment:create_file_with_runtime_dependencies(/home/swayanshree/projects/Makara-AUV-ROS2/install/makara_vision/share/colcon-core/packages/makara_vision)
[1.916s] Level 1:colcon.colcon_core.environment:checking '/home/swayanshree/projects/Makara-AUV-ROS2/install/makara_bringup' for CMake module files
[1.917s] DEBUG:colcon.colcon_core.event_handler.log_command:Invoked command in '/home/swayanshree/projects/Makara-AUV-ROS2/src/makara_bringup' returned '0': DEBUGINFOD_URLS=https://debuginfod.ubuntu.com PYTHONPATH=/home/swayanshree/projects/Makara-AUV-ROS2/build/makara_bringup/prefix_override:/usr/lib/python3/dist-packages/colcon_core/task/python/colcon_distutils_commands:/home/swayanshree/projects/Makara-AUV-ROS2/install/makara_bringup/lib/python3.12/site-packages:${PYTHONPATH} /usr/bin/python3 -W ignore:setup.py install is deprecated -W ignore:easy_install command is deprecated setup.py egg_info --egg-base ../../build/makara_bringup build --build-base /home/swayanshree/projects/Makara-AUV-ROS2/build/makara_bringup/build install --record /home/swayanshree/projects/Makara-AUV-ROS2/build/makara_bringup/install.log --single-version-externally-managed install_data
[1.917s] Level 1:colcon.colcon_core.environment:checking '/home/swayanshree/projects/Makara-AUV-ROS2/install/makara_bringup' for CMake config files
[1.918s] Level 1:colcon.colcon_core.environment:checking '/home/swayanshree/projects/Makara-AUV-ROS2/install/makara_bringup/lib'
[1.918s] Level 1:colcon.colcon_core.environment:checking '/home/swayanshree/projects/Makara-AUV-ROS2/install/makara_bringup/bin'
[1.918s] Level 1:colcon.colcon_core.environment:checking '/home/swayanshree/projects/Makara-AUV-ROS2/install/makara_bringup/lib/pkgconfig/makara_bringup.pc'
[1.918s] Level 1:colcon.colcon_core.environment:checking '/home/swayanshree/projects/Makara-AUV-ROS2/install/makara_bringup/lib/python3.12/site-packages'
[1.918s] Level 1:colcon.colcon_core.shell:create_environment_hook('makara_bringup', 'pythonpath')
[1.918s] INFO:colcon.colcon_core.shell:Creating environment hook '/home/swayanshree/projects/Makara-AUV-ROS2/install/makara_bringup/share/makara_bringup/hook/pythonpath.ps1'
[1.919s] INFO:colcon.colcon_core.shell:Creating environment descriptor '/home/swayanshree/projects/Makara-AUV-ROS2/install/makara_bringup/share/makara_bringup/hook/pythonpath.dsv'
[1.919s] INFO:colcon.colcon_core.shell:Creating environment hook '/home/swayanshree/projects/Makara-AUV-ROS2/install/makara_bringup/share/makara_bringup/hook/pythonpath.sh'
[1.920s] Level 1:colcon.colcon_core.environment:checking '/home/swayanshree/projects/Makara-AUV-ROS2/install/makara_bringup/bin'
[1.920s] Level 1:colcon.colcon_core.environment:create_environment_scripts_only(makara_bringup)
[1.920s] INFO:colcon.colcon_core.shell:Creating package script '/home/swayanshree/projects/Makara-AUV-ROS2/install/makara_bringup/share/makara_bringup/package.ps1'
[1.921s] INFO:colcon.colcon_core.shell:Creating package descriptor '/home/swayanshree/projects/Makara-AUV-ROS2/install/makara_bringup/share/makara_bringup/package.dsv'
[1.921s] INFO:colcon.colcon_core.shell:Creating package script '/home/swayanshree/projects/Makara-AUV-ROS2/install/makara_bringup/share/makara_bringup/package.sh'
[1.921s] INFO:colcon.colcon_core.shell:Creating package script '/home/swayanshree/projects/Makara-AUV-ROS2/install/makara_bringup/share/makara_bringup/package.bash'
[1.922s] INFO:colcon.colcon_core.shell:Creating package script '/home/swayanshree/projects/Makara-AUV-ROS2/install/makara_bringup/share/makara_bringup/package.zsh'
[1.922s] Level 1:colcon.colcon_core.environment:create_file_with_runtime_dependencies(/home/swayanshree/projects/Makara-AUV-ROS2/install/makara_bringup/share/colcon-core/packages/makara_bringup)
[1.959s] Level 1:colcon.colcon_core.environment:checking '/home/swayanshree/projects/Makara-AUV-ROS2/install/uuv_descriptions' for CMake module files
[1.959s] DEBUG:colcon.colcon_core.event_handler.log_command:Invoked command in '/home/swayanshree/projects/Makara-AUV-ROS2/src/uuv_descriptions' returned '0': DEBUGINFOD_URLS=https://debuginfod.ubuntu.com PYTHONPATH=/home/swayanshree/projects/Makara-AUV-ROS2/build/uuv_descriptions/prefix_override:/usr/lib/python3/dist-packages/colcon_core/task/python/colcon_distutils_commands:/home/swayanshree/projects/Makara-AUV-ROS2/install/uuv_descriptions/lib/python3.12/site-packages:${PYTHONPATH} /usr/bin/python3 -W ignore:setup.py install is deprecated -W ignore:easy_install command is deprecated setup.py egg_info --egg-base ../../build/uuv_descriptions build --build-base /home/swayanshree/projects/Makara-AUV-ROS2/build/uuv_descriptions/build install --record /home/swayanshree/projects/Makara-AUV-ROS2/build/uuv_descriptions/install.log --single-version-externally-managed install_data
[1.960s] Level 1:colcon.colcon_core.environment:checking '/home/swayanshree/projects/Makara-AUV-ROS2/install/uuv_descriptions' for CMake config files
[1.960s] Level 1:colcon.colcon_core.environment:checking '/home/swayanshree/projects/Makara-AUV-ROS2/install/uuv_descriptions/lib'
[1.960s] Level 1:colcon.colcon_core.environment:checking '/home/swayanshree/projects/Makara-AUV-ROS2/install/uuv_descriptions/bin'
[1.960s] Level 1:colcon.colcon_core.environment:checking '/home/swayanshree/projects/Makara-AUV-ROS2/install/uuv_descriptions/lib/pkgconfig/uuv_descriptions.pc'
[1.961s] Level 1:colcon.colcon_core.environment:checking '/home/swayanshree/projects/Makara-AUV-ROS2/install/uuv_descriptions/lib/python3.12/site-packages'
[1.961s] Level 1:colcon.colcon_core.shell:create_environment_hook('uuv_descriptions', 'pythonpath')
[1.961s] INFO:colcon.colcon_core.shell:Creating environment hook '/home/swayanshree/projects/Makara-AUV-ROS2/install/uuv_descriptions/share/uuv_descriptions/hook/pythonpath.ps1'
[1.961s] INFO:colcon.colcon_core.shell:Creating environment descriptor '/home/swayanshree/projects/Makara-AUV-ROS2/install/uuv_descriptions/share/uuv_descriptions/hook/pythonpath.dsv'
[1.961s] INFO:colcon.colcon_core.shell:Creating environment hook '/home/swayanshree/projects/Makara-AUV-ROS2/install/uuv_descriptions/share/uuv_descriptions/hook/pythonpath.sh'
[1.962s] Level 1:colcon.colcon_core.environment:checking '/home/swayanshree/projects/Makara-AUV-ROS2/install/uuv_descriptions/bin'
[1.962s] Level 1:colcon.colcon_core.environment:create_environment_scripts_only(uuv_descriptions)
[1.962s] INFO:colcon.colcon_core.shell:Creating package script '/home/swayanshree/projects/Makara-AUV-ROS2/install/uuv_descriptions/share/uuv_descriptions/package.ps1'
[1.963s] INFO:colcon.colcon_core.shell:Creating package descriptor '/home/swayanshree/projects/Makara-AUV-ROS2/install/uuv_descriptions/share/uuv_descriptions/package.dsv'
[1.963s] INFO:colcon.colcon_core.shell:Creating package script '/home/swayanshree/projects/Makara-AUV-ROS2/install/uuv_descriptions/share/uuv_descriptions/package.sh'
[1.964s] INFO:colcon.colcon_core.shell:Creating package script '/home/swayanshree/projects/Makara-AUV-ROS2/install/uuv_descriptions/share/uuv_descriptions/package.bash'
[1.964s] INFO:colcon.colcon_core.shell:Creating package script '/home/swayanshree/projects/Makara-AUV-ROS2/install/uuv_descriptions/share/uuv_descriptions/package.zsh'
[1.964s] Level 1:colcon.colcon_core.environment:create_file_with_runtime_dependencies(/home/swayanshree/projects/Makara-AUV-ROS2/install/uuv_descriptions/share/colcon-core/packages/uuv_descriptions)
[2.009s] Level 1:colcon.colcon_core.environment:checking '/home/swayanshree/projects/Makara-AUV-ROS2/install/uuv_gazebo_ros_plugins' for CMake module files
[2.010s] DEBUG:colcon.colcon_core.event_handler.log_command:Invoked command in '/home/swayanshree/projects/Makara-AUV-ROS2/src/uuv_gazebo_ros_plugins' returned '0': DEBUGINFOD_URLS=https://debuginfod.ubuntu.com PYTHONPATH=/home/swayanshree/projects/Makara-AUV-ROS2/build/uuv_gazebo_ros_plugins/prefix_override:/usr/lib/python3/dist-packages/colcon_core/task/python/colcon_distutils_commands:/home/swayanshree/projects/Makara-AUV-ROS2/install/uuv_gazebo_ros_plugins/lib/python3.12/site-packages:${PYTHONPATH} /usr/bin/python3 -W ignore:setup.py install is deprecated -W ignore:easy_install command is deprecated setup.py egg_info --egg-base ../../build/uuv_gazebo_ros_plugins build --build-base /home/swayanshree/projects/Makara-AUV-ROS2/build/uuv_gazebo_ros_plugins/build install --record /home/swayanshree/projects/Makara-AUV-ROS2/build/uuv_gazebo_ros_plugins/install.log --single-version-externally-managed install_data
[2.010s] Level 1:colcon.colcon_core.environment:checking '/home/swayanshree/projects/Makara-AUV-ROS2/install/uuv_gazebo_ros_plugins' for CMake config files
[2.010s] Level 1:colcon.colcon_core.environment:checking '/home/swayanshree/projects/Makara-AUV-ROS2/install/uuv_gazebo_ros_plugins/lib'
[2.010s] Level 1:colcon.colcon_core.environment:checking '/home/swayanshree/projects/Makara-AUV-ROS2/install/uuv_gazebo_ros_plugins/bin'
[2.010s] Level 1:colcon.colcon_core.environment:checking '/home/swayanshree/projects/Makara-AUV-ROS2/install/uuv_gazebo_ros_plugins/lib/pkgconfig/uuv_gazebo_ros_plugins.pc'
[2.010s] Level 1:colcon.colcon_core.environment:checking '/home/swayanshree/projects/Makara-AUV-ROS2/install/uuv_gazebo_ros_plugins/lib/python3.12/site-packages'
[2.011s] Level 1:colcon.colcon_core.shell:create_environment_hook('uuv_gazebo_ros_plugins', 'pythonpath')
[2.011s] INFO:colcon.colcon_core.shell:Creating environment hook '/home/swayanshree/projects/Makara-AUV-ROS2/install/uuv_gazebo_ros_plugins/share/uuv_gazebo_ros_plugins/hook/pythonpath.ps1'
[2.011s] INFO:colcon.colcon_core.shell:Creating environment descriptor '/home/swayanshree/projects/Makara-AUV-ROS2/install/uuv_gazebo_ros_plugins/share/uuv_gazebo_ros_plugins/hook/pythonpath.dsv'
[2.011s] INFO:colcon.colcon_core.shell:Creating environment hook '/home/swayanshree/projects/Makara-AUV-ROS2/install/uuv_gazebo_ros_plugins/share/uuv_gazebo_ros_plugins/hook/pythonpath.sh'
[2.011s] Level 1:colcon.colcon_core.environment:checking '/home/swayanshree/projects/Makara-AUV-ROS2/install/uuv_gazebo_ros_plugins/bin'
[2.011s] Level 1:colcon.colcon_core.environment:create_environment_scripts_only(uuv_gazebo_ros_plugins)
[2.012s] INFO:colcon.colcon_core.shell:Creating package script '/home/swayanshree/projects/Makara-AUV-ROS2/install/uuv_gazebo_ros_plugins/share/uuv_gazebo_ros_plugins/package.ps1'
[2.012s] INFO:colcon.colcon_core.shell:Creating package descriptor '/home/swayanshree/projects/Makara-AUV-ROS2/install/uuv_gazebo_ros_plugins/share/uuv_gazebo_ros_plugins/package.dsv'
[2.012s] INFO:colcon.colcon_core.shell:Creating package script '/home/swayanshree/projects/Makara-AUV-ROS2/install/uuv_gazebo_ros_plugins/share/uuv_gazebo_ros_plugins/package.sh'
[2.012s] INFO:colcon.colcon_core.shell:Creating package script '/home/swayanshree/projects/Makara-AUV-ROS2/install/uuv_gazebo_ros_plugins/share/uuv_gazebo_ros_plugins/package.bash'
[2.012s] INFO:colcon.colcon_core.shell:Creating package script '/home/swayanshree/projects/Makara-AUV-ROS2/install/uuv_gazebo_ros_plugins/share/uuv_gazebo_ros_plugins/package.zsh'
[2.012s] Level 1:colcon.colcon_core.environment:create_file_with_runtime_dependencies(/home/swayanshree/projects/Makara-AUV-ROS2/install/uuv_gazebo_ros_plugins/share/colcon-core/packages/uuv_gazebo_ros_plugins)
[2.691s] DEBUG:colcon.colcon_core.event_handler.log_command:Invoked command in '/home/swayanshree/projects/Makara-AUV-ROS2/build/hammerhead_interfaces' returned '0': CMAKE_PREFIX_PATH=${CMAKE_PREFIX_PATH}:/home/swayanshree/projects/Makara-AUV-ROS2/install/uuv_simulator:/home/swayanshree/projects/Makara-AUV-ROS2/install/makara_serial:/home/swayanshree/projects/Makara-AUV-ROS2/install/hammerhead_serial:/home/swayanshree/projects/Makara-AUV-ROS2/install/data_sync:/home/swayanshree/projects/Makara-AUV-ROS2/install/makara_vision:/home/swayanshree/projects/Makara-AUV-ROS2/install/makara_bringup:/opt/ros/jazzy DEBUGINFOD_URLS=https://debuginfod.ubuntu.com /usr/bin/cmake /home/swayanshree/projects/Makara-AUV-ROS2/src/hammerhead_interfaces -DCMAKE_INSTALL_PREFIX=/home/swayanshree/projects/Makara-AUV-ROS2/install/hammerhead_interfaces
[2.692s] DEBUG:colcon.colcon_core.event_handler.log_command:Invoking command in '/home/swayanshree/projects/Makara-AUV-ROS2/build/hammerhead_interfaces': CMAKE_PREFIX_PATH=${CMAKE_PREFIX_PATH}:/home/swayanshree/projects/Makara-AUV-ROS2/install/uuv_simulator:/home/swayanshree/projects/Makara-AUV-ROS2/install/makara_serial:/home/swayanshree/projects/Makara-AUV-ROS2/install/hammerhead_serial:/home/swayanshree/projects/Makara-AUV-ROS2/install/data_sync:/home/swayanshree/projects/Makara-AUV-ROS2/install/makara_vision:/home/swayanshree/projects/Makara-AUV-ROS2/install/makara_bringup:/opt/ros/jazzy DEBUGINFOD_URLS=https://debuginfod.ubuntu.com /usr/bin/cmake --build /home/swayanshree/projects/Makara-AUV-ROS2/build/hammerhead_interfaces -- -j16 -l16
[2.734s] DEBUG:colcon.colcon_core.event_handler.log_command:Invoked command in '/home/swayanshree/projects/Makara-AUV-ROS2/build/makara_interfaces' returned '0': CMAKE_PREFIX_PATH=${CMAKE_PREFIX_PATH}:/home/swayanshree/projects/Makara-AUV-ROS2/install/uuv_simulator:/home/swayanshree/projects/Makara-AUV-ROS2/install/makara_serial:/home/swayanshree/projects/Makara-AUV-ROS2/install/hammerhead_serial:/home/swayanshree/projects/Makara-AUV-ROS2/install/data_sync:/home/swayanshree/projects/Makara-AUV-ROS2/install/makara_vision:/home/swayanshree/projects/Makara-AUV-ROS2/install/makara_bringup:/opt/ros/jazzy DEBUGINFOD_URLS=https://debuginfod.ubuntu.com /usr/bin/cmake /home/swayanshree/projects/Makara-AUV-ROS2/src/makara_interfaces -DCMAKE_INSTALL_PREFIX=/home/swayanshree/projects/Makara-AUV-ROS2/install/makara_interfaces
[2.735s] DEBUG:colcon.colcon_core.event_handler.log_command:Invoking command in '/home/swayanshree/projects/Makara-AUV-ROS2/build/makara_interfaces': CMAKE_PREFIX_PATH=${CMAKE_PREFIX_PATH}:/home/swayanshree/projects/Makara-AUV-ROS2/install/uuv_simulator:/home/swayanshree/projects/Makara-AUV-ROS2/install/makara_serial:/home/swayanshree/projects/Makara-AUV-ROS2/install/hammerhead_serial:/home/swayanshree/projects/Makara-AUV-ROS2/install/data_sync:/home/swayanshree/projects/Makara-AUV-ROS2/install/makara_vision:/home/swayanshree/projects/Makara-AUV-ROS2/install/makara_bringup:/opt/ros/jazzy DEBUGINFOD_URLS=https://debuginfod.ubuntu.com /usr/bin/cmake --build /home/swayanshree/projects/Makara-AUV-ROS2/build/makara_interfaces -- -j16 -l16
[8.416s] DEBUG:colcon.colcon_core.event_handler.log_command:Invoked command in '/home/swayanshree/projects/Makara-AUV-ROS2/build/hammerhead_interfaces' returned '0': CMAKE_PREFIX_PATH=${CMAKE_PREFIX_PATH}:/home/swayanshree/projects/Makara-AUV-ROS2/install/uuv_simulator:/home/swayanshree/projects/Makara-AUV-ROS2/install/makara_serial:/home/swayanshree/projects/Makara-AUV-ROS2/install/hammerhead_serial:/home/swayanshree/projects/Makara-AUV-ROS2/install/data_sync:/home/swayanshree/projects/Makara-AUV-ROS2/install/makara_vision:/home/swayanshree/projects/Makara-AUV-ROS2/install/makara_bringup:/opt/ros/jazzy DEBUGINFOD_URLS=https://debuginfod.ubuntu.com /usr/bin/cmake --build /home/swayanshree/projects/Makara-AUV-ROS2/build/hammerhead_interfaces -- -j16 -l16
[8.417s] DEBUG:colcon.colcon_core.event_handler.log_command:Invoking command in '/home/swayanshree/projects/Makara-AUV-ROS2/build/hammerhead_interfaces': CMAKE_PREFIX_PATH=${CMAKE_PREFIX_PATH}:/home/swayanshree/projects/Makara-AUV-ROS2/install/uuv_simulator:/home/swayanshree/projects/Makara-AUV-ROS2/install/makara_serial:/home/swayanshree/projects/Makara-AUV-ROS2/install/hammerhead_serial:/home/swayanshree/projects/Makara-AUV-ROS2/install/data_sync:/home/swayanshree/projects/Makara-AUV-ROS2/install/makara_vision:/home/swayanshree/projects/Makara-AUV-ROS2/install/makara_bringup:/opt/ros/jazzy DEBUGINFOD_URLS=https://debuginfod.ubuntu.com /usr/bin/cmake --install /home/swayanshree/projects/Makara-AUV-ROS2/build/hammerhead_interfaces
[8.495s] Level 1:colcon.colcon_core.environment:create_environment_scripts_only(hammerhead_interfaces)
[8.495s] Level 1:colcon.colcon_core.environment:checking '/home/swayanshree/projects/Makara-AUV-ROS2/install/hammerhead_interfaces' for CMake module files
[8.496s] DEBUG:colcon.colcon_core.event_handler.log_command:Invoked command in '/home/swayanshree/projects/Makara-AUV-ROS2/build/hammerhead_interfaces' returned '0': CMAKE_PREFIX_PATH=${CMAKE_PREFIX_PATH}:/home/swayanshree/projects/Makara-AUV-ROS2/install/uuv_simulator:/home/swayanshree/projects/Makara-AUV-ROS2/install/makara_serial:/home/swayanshree/projects/Makara-AUV-ROS2/install/hammerhead_serial:/home/swayanshree/projects/Makara-AUV-ROS2/install/data_sync:/home/swayanshree/projects/Makara-AUV-ROS2/install/makara_vision:/home/swayanshree/projects/Makara-AUV-ROS2/install/makara_bringup:/opt/ros/jazzy DEBUGINFOD_URLS=https://debuginfod.ubuntu.com /usr/bin/cmake --install /home/swayanshree/projects/Makara-AUV-ROS2/build/hammerhead_interfaces
[8.496s] Level 1:colcon.colcon_core.environment:checking '/home/swayanshree/projects/Makara-AUV-ROS2/install/hammerhead_interfaces' for CMake config files
[8.496s] Level 1:colcon.colcon_core.shell:create_environment_hook('hammerhead_interfaces', 'cmake_prefix_path')
[8.496s] INFO:colcon.colcon_core.shell:Creating environment hook '/home/swayanshree/projects/Makara-AUV-ROS2/install/hammerhead_interfaces/share/hammerhead_interfaces/hook/cmake_prefix_path.ps1'
[8.497s] INFO:colcon.colcon_core.shell:Creating environment descriptor '/home/swayanshree/projects/Makara-AUV-ROS2/install/hammerhead_interfaces/share/hammerhead_interfaces/hook/cmake_prefix_path.dsv'
[8.497s] INFO:colcon.colcon_core.shell:Creating environment hook '/home/swayanshree/projects/Makara-AUV-ROS2/install/hammerhead_interfaces/share/hammerhead_interfaces/hook/cmake_prefix_path.sh'
[8.497s] Level 1:colcon.colcon_core.environment:checking '/home/swayanshree/projects/Makara-AUV-ROS2/install/hammerhead_interfaces/lib'
[8.497s] Level 1:colcon.colcon_core.shell:create_environment_hook('hammerhead_interfaces', 'ld_library_path_lib')
[8.497s] INFO:colcon.colcon_core.shell:Creating environment hook '/home/swayanshree/projects/Makara-AUV-ROS2/install/hammerhead_interfaces/share/hammerhead_interfaces/hook/ld_library_path_lib.ps1'
[8.498s] INFO:colcon.colcon_core.shell:Creating environment descriptor '/home/swayanshree/projects/Makara-AUV-ROS2/install/hammerhead_interfaces/share/hammerhead_interfaces/hook/ld_library_path_lib.dsv'
[8.498s] INFO:colcon.colcon_core.shell:Creating environment hook '/home/swayanshree/projects/Makara-AUV-ROS2/install/hammerhead_interfaces/share/hammerhead_interfaces/hook/ld_library_path_lib.sh'
[8.498s] Level 1:colcon.colcon_core.environment:checking '/home/swayanshree/projects/Makara-AUV-ROS2/install/hammerhead_interfaces/bin'
[8.498s] Level 1:colcon.colcon_core.environment:checking '/home/swayanshree/projects/Makara-AUV-ROS2/install/hammerhead_interfaces/lib/pkgconfig/hammerhead_interfaces.pc'
[8.498s] Level 1:colcon.colcon_core.environment:checking '/home/swayanshree/projects/Makara-AUV-ROS2/install/hammerhead_interfaces/lib/python3.12/site-packages'
[8.498s] Level 1:colcon.colcon_core.shell:create_environment_hook('hammerhead_interfaces', 'pythonpath')
[8.498s] INFO:colcon.colcon_core.shell:Creating environment hook '/home/swayanshree/projects/Makara-AUV-ROS2/install/hammerhead_interfaces/share/hammerhead_interfaces/hook/pythonpath.ps1'
[8.498s] INFO:colcon.colcon_core.shell:Creating environment descriptor '/home/swayanshree/projects/Makara-AUV-ROS2/install/hammerhead_interfaces/share/hammerhead_interfaces/hook/pythonpath.dsv'
[8.498s] INFO:colcon.colcon_core.shell:Creating environment hook '/home/swayanshree/projects/Makara-AUV-ROS2/install/hammerhead_interfaces/share/hammerhead_interfaces/hook/pythonpath.sh'
[8.499s] Level 1:colcon.colcon_core.environment:checking '/home/swayanshree/projects/Makara-AUV-ROS2/install/hammerhead_interfaces/bin'
[8.499s] INFO:colcon.colcon_core.shell:Creating package script '/home/swayanshree/projects/Makara-AUV-ROS2/install/hammerhead_interfaces/share/hammerhead_interfaces/package.ps1'
[8.500s] INFO:colcon.colcon_core.shell:Creating package descriptor '/home/swayanshree/projects/Makara-AUV-ROS2/install/hammerhead_interfaces/share/hammerhead_interfaces/package.dsv'
[8.500s] INFO:colcon.colcon_core.shell:Creating package script '/home/swayanshree/projects/Makara-AUV-ROS2/install/hammerhead_interfaces/share/hammerhead_interfaces/package.sh'
[8.500s] INFO:colcon.colcon_core.shell:Creating package script '/home/swayanshree/projects/Makara-AUV-ROS2/install/hammerhead_interfaces/share/hammerhead_interfaces/package.bash'
[8.500s] INFO:colcon.colcon_core.shell:Creating package script '/home/swayanshree/projects/Makara-AUV-ROS2/install/hammerhead_interfaces/share/hammerhead_interfaces/package.zsh'
[8.500s] Level 1:colcon.colcon_core.environment:create_file_with_runtime_dependencies(/home/swayanshree/projects/Makara-AUV-ROS2/install/hammerhead_interfaces/share/colcon-core/packages/hammerhead_interfaces)
[8.501s] Level 1:colcon.colcon_core.environment:create_environment_scripts_only(hammerhead_interfaces)
[8.501s] Level 1:colcon.colcon_core.environment:checking '/home/swayanshree/projects/Makara-AUV-ROS2/install/hammerhead_interfaces' for CMake module files
[8.501s] Level 1:colcon.colcon_core.environment:checking '/home/swayanshree/projects/Makara-AUV-ROS2/install/hammerhead_interfaces' for CMake config files
[8.502s] Level 1:colcon.colcon_core.shell:create_environment_hook('hammerhead_interfaces', 'cmake_prefix_path')
[8.502s] INFO:colcon.colcon_core.shell:Creating environment hook '/home/swayanshree/projects/Makara-AUV-ROS2/install/hammerhead_interfaces/share/hammerhead_interfaces/hook/cmake_prefix_path.ps1'
[8.502s] INFO:colcon.colcon_core.shell:Creating environment descriptor '/home/swayanshree/projects/Makara-AUV-ROS2/install/hammerhead_interfaces/share/hammerhead_interfaces/hook/cmake_prefix_path.dsv'
[8.502s] INFO:colcon.colcon_core.shell:Creating environment hook '/home/swayanshree/projects/Makara-AUV-ROS2/install/hammerhead_interfaces/share/hammerhead_interfaces/hook/cmake_prefix_path.sh'
[8.502s] Level 1:colcon.colcon_core.environment:checking '/home/swayanshree/projects/Makara-AUV-ROS2/install/hammerhead_interfaces/lib'
[8.502s] Level 1:colcon.colcon_core.shell:create_environment_hook('hammerhead_interfaces', 'ld_library_path_lib')
[8.503s] INFO:colcon.colcon_core.shell:Creating environment hook '/home/swayanshree/projects/Makara-AUV-ROS2/install/hammerhead_interfaces/share/hammerhead_interfaces/hook/ld_library_path_lib.ps1'
[8.503s] INFO:colcon.colcon_core.shell:Creating environment descriptor '/home/swayanshree/projects/Makara-AUV-ROS2/install/hammerhead_interfaces/share/hammerhead_interfaces/hook/ld_library_path_lib.dsv'
[8.503s] INFO:colcon.colcon_core.shell:Creating environment hook '/home/swayanshree/projects/Makara-AUV-ROS2/install/hammerhead_interfaces/share/hammerhead_interfaces/hook/ld_library_path_lib.sh'
[8.503s] Level 1:colcon.colcon_core.environment:checking '/home/swayanshree/projects/Makara-AUV-ROS2/install/hammerhead_interfaces/bin'
[8.503s] Level 1:colcon.colcon_core.environment:checking '/home/swayanshree/projects/Makara-AUV-ROS2/install/hammerhead_interfaces/lib/pkgconfig/hammerhead_interfaces.pc'
[8.503s] Level 1:colcon.colcon_core.environment:checking '/home/swayanshree/projects/Makara-AUV-ROS2/install/hammerhead_interfaces/lib/python3.12/site-packages'
[8.503s] Level 1:colcon.colcon_core.shell:create_environment_hook('hammerhead_interfaces', 'pythonpath')
[8.503s] INFO:colcon.colcon_core.shell:Creating environment hook '/home/swayanshree/projects/Makara-AUV-ROS2/install/hammerhead_interfaces/share/hammerhead_interfaces/hook/pythonpath.ps1'
[8.504s] INFO:colcon.colcon_core.shell:Creating environment descriptor '/home/swayanshree/projects/Makara-AUV-ROS2/install/hammerhead_interfaces/share/hammerhead_interfaces/hook/pythonpath.dsv'
[8.504s] INFO:colcon.colcon_core.shell:Creating environment hook '/home/swayanshree/projects/Makara-AUV-ROS2/install/hammerhead_interfaces/share/hammerhead_interfaces/hook/pythonpath.sh'
[8.504s] Level 1:colcon.colcon_core.environment:checking '/home/swayanshree/projects/Makara-AUV-ROS2/install/hammerhead_interfaces/bin'
[8.504s] INFO:colcon.colcon_core.shell:Creating package script '/home/swayanshree/projects/Makara-AUV-ROS2/install/hammerhead_interfaces/share/hammerhead_interfaces/package.ps1'
[8.505s] INFO:colcon.colcon_core.shell:Creating package descriptor '/home/swayanshree/projects/Makara-AUV-ROS2/install/hammerhead_interfaces/share/hammerhead_interfaces/package.dsv'
[8.505s] INFO:colcon.colcon_core.shell:Creating package script '/home/swayanshree/projects/Makara-AUV-ROS2/install/hammerhead_interfaces/share/hammerhead_interfaces/package.sh'
[8.505s] INFO:colcon.colcon_core.shell:Creating package script '/home/swayanshree/projects/Makara-AUV-ROS2/install/hammerhead_interfaces/share/hammerhead_interfaces/package.bash'
[8.505s] INFO:colcon.colcon_core.shell:Creating package script '/home/swayanshree/projects/Makara-AUV-ROS2/install/hammerhead_interfaces/share/hammerhead_interfaces/package.zsh'
[8.505s] Level 1:colcon.colcon_core.environment:create_file_with_runtime_dependencies(/home/swayanshree/projects/Makara-AUV-ROS2/install/hammerhead_interfaces/share/colcon-core/packages/hammerhead_interfaces)
[8.506s] INFO:colcon.colcon_ros.task.ament_cmake.build:Building ROS package in '/home/swayanshree/projects/Makara-AUV-ROS2/src/ardupilot_attitude_control' with build type 'ament_cmake'
[8.506s] INFO:colcon.colcon_cmake.task.cmake.build:Building CMake package in '/home/swayanshree/projects/Makara-AUV-ROS2/src/ardupilot_attitude_control'
[8.506s] INFO:colcon.colcon_core.shell:Skip shell extension 'powershell' for command environment: Not usable outside of PowerShell
[8.506s] DEBUG:colcon.colcon_core.shell:Skip shell extension 'dsv' for command environment
[8.508s] INFO:colcon.colcon_ros.task.ament_python.build:Building ROS package in '/home/swayanshree/projects/Makara-AUV-ROS2/src/hammerhead_serial' with build type 'ament_python'
[8.508s] Level 1:colcon.colcon_core.shell:create_environment_hook('hammerhead_serial', 'ament_prefix_path')
[8.509s] INFO:colcon.colcon_core.shell:Creating environment hook '/home/swayanshree/projects/Makara-AUV-ROS2/install/hammerhead_serial/share/hammerhead_serial/hook/ament_prefix_path.ps1'
[8.509s] INFO:colcon.colcon_core.shell:Creating environment descriptor '/home/swayanshree/projects/Makara-AUV-ROS2/install/hammerhead_serial/share/hammerhead_serial/hook/ament_prefix_path.dsv'
[8.509s] INFO:colcon.colcon_core.shell:Creating environment hook '/home/swayanshree/projects/Makara-AUV-ROS2/install/hammerhead_serial/share/hammerhead_serial/hook/ament_prefix_path.sh'
[8.509s] INFO:colcon.colcon_core.shell:Skip shell extension 'powershell' for command environment: Not usable outside of PowerShell
[8.509s] DEBUG:colcon.colcon_core.shell:Skip shell extension 'dsv' for command environment
[8.514s] DEBUG:colcon.colcon_core.event_handler.log_command:Invoking command in '/home/swayanshree/projects/Makara-AUV-ROS2/build/ardupilot_attitude_control': CMAKE_PREFIX_PATH=/home/swayanshree/projects/Makara-AUV-ROS2/install/hammerhead_interfaces:/home/swayanshree/projects/Makara-AUV-ROS2/install/makara_control:/home/swayanshree/projects/Makara-AUV-ROS2/install/ardupilot_attitude_control:/home/swayanshree/projects/Makara-AUV-ROS2/install/makara_interfaces:/home/swayanshree/projects/Makara-AUV-ROS2/install/bluerov2_description:/home/swayanshree/projects/Makara-AUV-ROS2/install/auv_description:/home/swayanshree/projects/Makara-AUV-ROS2/install/StateSpace:/opt/ros/jazzy/opt/gz_sim_vendor:/opt/ros/jazzy/opt/gz_sensors_vendor:/opt/ros/jazzy/opt/gz_physics_vendor:/opt/ros/jazzy/opt/sdformat_vendor:/opt/ros/jazzy/opt/gz_gui_vendor:/opt/ros/jazzy/opt/gz_transport_vendor:/opt/ros/jazzy/opt/gz_rendering_vendor:/opt/ros/jazzy/opt/gz_plugin_vendor:/opt/ros/jazzy/opt/gz_fuel_tools_vendor:/opt/ros/jazzy/opt/gz_msgs_vendor:/opt/ros/jazzy/opt/gz_common_vendor:/opt/ros/jazzy/opt/gz_math_vendor:/opt/ros/jazzy/opt/gz_utils_vendor:/opt/ros/jazzy/opt/gz_tools_vendor:/opt/ros/jazzy/opt/gz_ogre_next_vendor:/opt/ros/jazzy/opt/gz_dartsim_vendor:/opt/ros/jazzy/opt/gz_cmake_vendor:/home/swayanshree/projects/Makara-AUV-ROS2/install/uuv_simulator:/home/swayanshree/projects/Makara-AUV-ROS2/install/makara_serial:/home/swayanshree/projects/Makara-AUV-ROS2/install/hammerhead_serial:/home/swayanshree/projects/Makara-AUV-ROS2/install/data_sync:/home/swayanshree/projects/Makara-AUV-ROS2/install/makara_vision:/home/swayanshree/projects/Makara-AUV-ROS2/install/makara_bringup:/opt/ros/jazzy DEBUGINFOD_URLS=https://debuginfod.ubuntu.com LD_LIBRARY_PATH=/home/swayanshree/projects/Makara-AUV-ROS2/install/hammerhead_interfaces/lib:/home/swayanshree/projects/Makara-AUV-ROS2/install/makara_interfaces/lib:/opt/ros/jazzy/opt/gz_sim_vendor/lib:/opt/ros/jazzy/opt/gz_sensors_vendor/lib:/opt/ros/jazzy/opt/gz_physics_vendor/lib:/opt/ros/jazzy/opt/sdformat_vendor/lib:/opt/ros/jazzy/opt/rviz_ogre_vendor/lib:/opt/ros/jazzy/lib/x86_64-linux-gnu:/opt/ros/jazzy/opt/gz_gui_vendor/lib:/opt/ros/jazzy/opt/gz_transport_vendor/lib:/opt/ros/jazzy/opt/gz_rendering_vendor/lib:/opt/ros/jazzy/opt/gz_plugin_vendor/lib:/opt/ros/jazzy/opt/gz_fuel_tools_vendor/lib:/opt/ros/jazzy/opt/gz_msgs_vendor/lib:/opt/ros/jazzy/opt/gz_common_vendor/lib:/opt/ros/jazzy/opt/gz_math_vendor/lib:/opt/ros/jazzy/opt/gz_utils_vendor/lib:/opt/ros/jazzy/opt/gz_tools_vendor/lib:/opt/ros/jazzy/opt/gz_ogre_next_vendor/lib:/opt/ros/jazzy/opt/gz_dartsim_vendor/lib:/opt/ros/jazzy/opt/gz_cmake_vendor/lib:/opt/ros/jazzy/lib PYTHONPATH=/home/swayanshree/projects/Makara-AUV-ROS2/install/hammerhead_interfaces/lib/python3.12/site-packages:/home/swayanshree/projects/Makara-AUV-ROS2/install/uuv_simulator/lib/python3.12/site-packages:/home/swayanshree/projects/Makara-AUV-ROS2/install/makara_serial/lib/python3.12/site-packages:/home/swayanshree/projects/Makara-AUV-ROS2/install/hammerhead_serial/lib/python3.12/site-packages:/home/swayanshree/projects/Makara-AUV-ROS2/install/data_sync/lib/python3.12/site-packages:/home/swayanshree/projects/Makara-AUV-ROS2/install/makara_vision/lib/python3.12/site-packages:/home/swayanshree/projects/Makara-AUV-ROS2/install/makara_interfaces/lib/python3.12/site-packages:/home/swayanshree/projects/Makara-AUV-ROS2/install/makara_bringup/lib/python3.12/site-packages:/opt/ros/jazzy/lib/python3.12/site-packages /usr/bin/cmake /home/swayanshree/projects/Makara-AUV-ROS2/src/ardupilot_attitude_control -DCMAKE_INSTALL_PREFIX=/home/swayanshree/projects/Makara-AUV-ROS2/install/ardupilot_attitude_control
[8.645s] INFO:colcon.colcon_core.task.python.build:Building Python package in '/home/swayanshree/projects/Makara-AUV-ROS2/src/hammerhead_serial'
[8.646s] INFO:colcon.colcon_core.shell:Skip shell extension 'powershell' for command environment: Not usable outside of PowerShell
[8.646s] DEBUG:colcon.colcon_core.shell:Skip shell extension 'dsv' for command environment
[8.649s] DEBUG:colcon.colcon_core.event_handler.log_command:Invoked command in '/home/swayanshree/projects/Makara-AUV-ROS2/build/makara_interfaces' returned '0': CMAKE_PREFIX_PATH=${CMAKE_PREFIX_PATH}:/home/swayanshree/projects/Makara-AUV-ROS2/install/uuv_simulator:/home/swayanshree/projects/Makara-AUV-ROS2/install/makara_serial:/home/swayanshree/projects/Makara-AUV-ROS2/install/hammerhead_serial:/home/swayanshree/projects/Makara-AUV-ROS2/install/data_sync:/home/swayanshree/projects/Makara-AUV-ROS2/install/makara_vision:/home/swayanshree/projects/Makara-AUV-ROS2/install/makara_bringup:/opt/ros/jazzy DEBUGINFOD_URLS=https://debuginfod.ubuntu.com /usr/bin/cmake --build /home/swayanshree/projects/Makara-AUV-ROS2/build/makara_interfaces -- -j16 -l16
[8.649s] DEBUG:colcon.colcon_core.event_handler.log_command:Invoking command in '/home/swayanshree/projects/Makara-AUV-ROS2/build/makara_interfaces': CMAKE_PREFIX_PATH=${CMAKE_PREFIX_PATH}:/home/swayanshree/projects/Makara-AUV-ROS2/install/uuv_simulator:/home/swayanshree/projects/Makara-AUV-ROS2/install/makara_serial:/home/swayanshree/projects/Makara-AUV-ROS2/install/hammerhead_serial:/home/swayanshree/projects/Makara-AUV-ROS2/install/data_sync:/home/swayanshree/projects/Makara-AUV-ROS2/install/makara_vision:/home/swayanshree/projects/Makara-AUV-ROS2/install/makara_bringup:/opt/ros/jazzy DEBUGINFOD_URLS=https://debuginfod.ubuntu.com /usr/bin/cmake --install /home/swayanshree/projects/Makara-AUV-ROS2/build/makara_interfaces
[8.713s] Level 1:colcon.colcon_core.environment:create_environment_scripts_only(makara_interfaces)
[8.714s] Level 1:colcon.colcon_core.environment:checking '/home/swayanshree/projects/Makara-AUV-ROS2/install/makara_interfaces' for CMake module files
[8.714s] DEBUG:colcon.colcon_core.event_handler.log_command:Invoked command in '/home/swayanshree/projects/Makara-AUV-ROS2/build/makara_interfaces' returned '0': CMAKE_PREFIX_PATH=${CMAKE_PREFIX_PATH}:/home/swayanshree/projects/Makara-AUV-ROS2/install/uuv_simulator:/home/swayanshree/projects/Makara-AUV-ROS2/install/makara_serial:/home/swayanshree/projects/Makara-AUV-ROS2/install/hammerhead_serial:/home/swayanshree/projects/Makara-AUV-ROS2/install/data_sync:/home/swayanshree/projects/Makara-AUV-ROS2/install/makara_vision:/home/swayanshree/projects/Makara-AUV-ROS2/install/makara_bringup:/opt/ros/jazzy DEBUGINFOD_URLS=https://debuginfod.ubuntu.com /usr/bin/cmake --install /home/swayanshree/projects/Makara-AUV-ROS2/build/makara_interfaces
[8.714s] Level 1:colcon.colcon_core.environment:checking '/home/swayanshree/projects/Makara-AUV-ROS2/install/makara_interfaces' for CMake config files
[8.715s] Level 1:colcon.colcon_core.shell:create_environment_hook('makara_interfaces', 'cmake_prefix_path')
[8.715s] INFO:colcon.colcon_core.shell:Creating environment hook '/home/swayanshree/projects/Makara-AUV-ROS2/install/makara_interfaces/share/makara_interfaces/hook/cmake_prefix_path.ps1'
[8.715s] INFO:colcon.colcon_core.shell:Creating environment descriptor '/home/swayanshree/projects/Makara-AUV-ROS2/install/makara_interfaces/share/makara_interfaces/hook/cmake_prefix_path.dsv'
[8.715s] INFO:colcon.colcon_core.shell:Creating environment hook '/home/swayanshree/projects/Makara-AUV-ROS2/install/makara_interfaces/share/makara_interfaces/hook/cmake_prefix_path.sh'
[8.716s] Level 1:colcon.colcon_core.environment:checking '/home/swayanshree/projects/Makara-AUV-ROS2/install/makara_interfaces/lib'
[8.716s] Level 1:colcon.colcon_core.shell:create_environment_hook('makara_interfaces', 'ld_library_path_lib')
[8.716s] INFO:colcon.colcon_core.shell:Creating environment hook '/home/swayanshree/projects/Makara-AUV-ROS2/install/makara_interfaces/share/makara_interfaces/hook/ld_library_path_lib.ps1'
[8.716s] INFO:colcon.colcon_core.shell:Creating environment descriptor '/home/swayanshree/projects/Makara-AUV-ROS2/install/makara_interfaces/share/makara_interfaces/hook/ld_library_path_lib.dsv'
[8.716s] INFO:colcon.colcon_core.shell:Creating environment hook '/home/swayanshree/projects/Makara-AUV-ROS2/install/makara_interfaces/share/makara_interfaces/hook/ld_library_path_lib.sh'
[8.716s] Level 1:colcon.colcon_core.environment:checking '/home/swayanshree/projects/Makara-AUV-ROS2/install/makara_interfaces/bin'
[8.716s] Level 1:colcon.colcon_core.environment:checking '/home/swayanshree/projects/Makara-AUV-ROS2/install/makara_interfaces/lib/pkgconfig/makara_interfaces.pc'
[8.716s] Level 1:colcon.colcon_core.environment:checking '/home/swayanshree/projects/Makara-AUV-ROS2/install/makara_interfaces/lib/python3.12/site-packages'
[8.716s] Level 1:colcon.colcon_core.shell:create_environment_hook('makara_interfaces', 'pythonpath')
[8.717s] INFO:colcon.colcon_core.shell:Creating environment hook '/home/swayanshree/projects/Makara-AUV-ROS2/install/makara_interfaces/share/makara_interfaces/hook/pythonpath.ps1'
[8.717s] INFO:colcon.colcon_core.shell:Creating environment descriptor '/home/swayanshree/projects/Makara-AUV-ROS2/install/makara_interfaces/share/makara_interfaces/hook/pythonpath.dsv'
[8.717s] INFO:colcon.colcon_core.shell:Creating environment hook '/home/swayanshree/projects/Makara-AUV-ROS2/install/makara_interfaces/share/makara_interfaces/hook/pythonpath.sh'
[8.717s] Level 1:colcon.colcon_core.environment:checking '/home/swayanshree/projects/Makara-AUV-ROS2/install/makara_interfaces/bin'
[8.717s] INFO:colcon.colcon_core.shell:Creating package script '/home/swayanshree/projects/Makara-AUV-ROS2/install/makara_interfaces/share/makara_interfaces/package.ps1'
[8.718s] INFO:colcon.colcon_core.shell:Creating package descriptor '/home/swayanshree/projects/Makara-AUV-ROS2/install/makara_interfaces/share/makara_interfaces/package.dsv'
[8.718s] INFO:colcon.colcon_core.shell:Creating package script '/home/swayanshree/projects/Makara-AUV-ROS2/install/makara_interfaces/share/makara_interfaces/package.sh'
[8.718s] INFO:colcon.colcon_core.shell:Creating package script '/home/swayanshree/projects/Makara-AUV-ROS2/install/makara_interfaces/share/makara_interfaces/package.bash'
[8.718s] INFO:colcon.colcon_core.shell:Creating package script '/home/swayanshree/projects/Makara-AUV-ROS2/install/makara_interfaces/share/makara_interfaces/package.zsh'
[8.718s] Level 1:colcon.colcon_core.environment:create_file_with_runtime_dependencies(/home/swayanshree/projects/Makara-AUV-ROS2/install/makara_interfaces/share/colcon-core/packages/makara_interfaces)
[8.719s] Level 1:colcon.colcon_core.environment:create_environment_scripts_only(makara_interfaces)
[8.719s] Level 1:colcon.colcon_core.environment:checking '/home/swayanshree/projects/Makara-AUV-ROS2/install/makara_interfaces' for CMake module files
[8.719s] Level 1:colcon.colcon_core.environment:checking '/home/swayanshree/projects/Makara-AUV-ROS2/install/makara_interfaces' for CMake config files
[8.719s] Level 1:colcon.colcon_core.shell:create_environment_hook('makara_interfaces', 'cmake_prefix_path')
[8.720s] INFO:colcon.colcon_core.shell:Creating environment hook '/home/swayanshree/projects/Makara-AUV-ROS2/install/makara_interfaces/share/makara_interfaces/hook/cmake_prefix_path.ps1'
[8.720s] INFO:colcon.colcon_core.shell:Creating environment descriptor '/home/swayanshree/projects/Makara-AUV-ROS2/install/makara_interfaces/share/makara_interfaces/hook/cmake_prefix_path.dsv'
[8.720s] INFO:colcon.colcon_core.shell:Creating environment hook '/home/swayanshree/projects/Makara-AUV-ROS2/install/makara_interfaces/share/makara_interfaces/hook/cmake_prefix_path.sh'
[8.720s] Level 1:colcon.colcon_core.environment:checking '/home/swayanshree/projects/Makara-AUV-ROS2/install/makara_interfaces/lib'
[8.720s] Level 1:colcon.colcon_core.shell:create_environment_hook('makara_interfaces', 'ld_library_path_lib')
[8.720s] INFO:colcon.colcon_core.shell:Creating environment hook '/home/swayanshree/projects/Makara-AUV-ROS2/install/makara_interfaces/share/makara_interfaces/hook/ld_library_path_lib.ps1'
[8.720s] INFO:colcon.colcon_core.shell:Creating environment descriptor '/home/swayanshree/projects/Makara-AUV-ROS2/install/makara_interfaces/share/makara_interfaces/hook/ld_library_path_lib.dsv'
[8.721s] INFO:colcon.colcon_core.shell:Creating environment hook '/home/swayanshree/projects/Makara-AUV-ROS2/install/makara_interfaces/share/makara_interfaces/hook/ld_library_path_lib.sh'
[8.721s] Level 1:colcon.colcon_core.environment:checking '/home/swayanshree/projects/Makara-AUV-ROS2/install/makara_interfaces/bin'
[8.721s] Level 1:colcon.colcon_core.environment:checking '/home/swayanshree/projects/Makara-AUV-ROS2/install/makara_interfaces/lib/pkgconfig/makara_interfaces.pc'
[8.721s] Level 1:colcon.colcon_core.environment:checking '/home/swayanshree/projects/Makara-AUV-ROS2/install/makara_interfaces/lib/python3.12/site-packages'
[8.721s] Level 1:colcon.colcon_core.shell:create_environment_hook('makara_interfaces', 'pythonpath')
[8.721s] INFO:colcon.colcon_core.shell:Creating environment hook '/home/swayanshree/projects/Makara-AUV-ROS2/install/makara_interfaces/share/makara_interfaces/hook/pythonpath.ps1'
[8.721s] INFO:colcon.colcon_core.shell:Creating environment descriptor '/home/swayanshree/projects/Makara-AUV-ROS2/install/makara_interfaces/share/makara_interfaces/hook/pythonpath.dsv'
[8.721s] INFO:colcon.colcon_core.shell:Creating environment hook '/home/swayanshree/projects/Makara-AUV-ROS2/install/makara_interfaces/share/makara_interfaces/hook/pythonpath.sh'
[8.722s] Level 1:colcon.colcon_core.environment:checking '/home/swayanshree/projects/Makara-AUV-ROS2/install/makara_interfaces/bin'
[8.722s] INFO:colcon.colcon_core.shell:Creating package script '/home/swayanshree/projects/Makara-AUV-ROS2/install/makara_interfaces/share/makara_interfaces/package.ps1'
[8.722s] INFO:colcon.colcon_core.shell:Creating package descriptor '/home/swayanshree/projects/Makara-AUV-ROS2/install/makara_interfaces/share/makara_interfaces/package.dsv'
[8.723s] INFO:colcon.colcon_core.shell:Creating package script '/home/swayanshree/projects/Makara-AUV-ROS2/install/makara_interfaces/share/makara_interfaces/package.sh'
[8.723s] INFO:colcon.colcon_core.shell:Creating package script '/home/swayanshree/projects/Makara-AUV-ROS2/install/makara_interfaces/share/makara_interfaces/package.bash'
[8.723s] INFO:colcon.colcon_core.shell:Creating package script '/home/swayanshree/projects/Makara-AUV-ROS2/install/makara_interfaces/share/makara_interfaces/package.zsh'
[8.723s] Level 1:colcon.colcon_core.environment:create_file_with_runtime_dependencies(/home/swayanshree/projects/Makara-AUV-ROS2/install/makara_interfaces/share/colcon-core/packages/makara_interfaces)
[8.724s] INFO:colcon.colcon_ros.task.ament_cmake.build:Building ROS package in '/home/swayanshree/projects/Makara-AUV-ROS2/src/makara_control' with build type 'ament_cmake'
[8.724s] INFO:colcon.colcon_cmake.task.cmake.build:Building CMake package in '/home/swayanshree/projects/Makara-AUV-ROS2/src/makara_control'
[8.724s] INFO:colcon.colcon_core.shell:Skip shell extension 'powershell' for command environment: Not usable outside of PowerShell
[8.724s] DEBUG:colcon.colcon_core.shell:Skip shell extension 'dsv' for command environment
[8.726s] INFO:colcon.colcon_ros.task.ament_python.build:Building ROS package in '/home/swayanshree/projects/Makara-AUV-ROS2/src/makara_serial' with build type 'ament_python'
[8.726s] Level 1:colcon.colcon_core.shell:create_environment_hook('makara_serial', 'ament_prefix_path')
[8.727s] INFO:colcon.colcon_core.shell:Creating environment hook '/home/swayanshree/projects/Makara-AUV-ROS2/install/makara_serial/share/makara_serial/hook/ament_prefix_path.ps1'
[8.727s] INFO:colcon.colcon_core.shell:Creating environment descriptor '/home/swayanshree/projects/Makara-AUV-ROS2/install/makara_serial/share/makara_serial/hook/ament_prefix_path.dsv'
[8.727s] INFO:colcon.colcon_core.shell:Creating environment hook '/home/swayanshree/projects/Makara-AUV-ROS2/install/makara_serial/share/makara_serial/hook/ament_prefix_path.sh'
[8.727s] INFO:colcon.colcon_core.shell:Skip shell extension 'powershell' for command environment: Not usable outside of PowerShell
[8.727s] DEBUG:colcon.colcon_core.shell:Skip shell extension 'dsv' for command environment
[8.731s] DEBUG:colcon.colcon_core.event_handler.log_command:Invoking command in '/home/swayanshree/projects/Makara-AUV-ROS2/build/makara_control': CMAKE_PREFIX_PATH=/home/swayanshree/projects/Makara-AUV-ROS2/install/makara_interfaces:/home/swayanshree/projects/Makara-AUV-ROS2/install/makara_control:/home/swayanshree/projects/Makara-AUV-ROS2/install/ardupilot_attitude_control:/home/swayanshree/projects/Makara-AUV-ROS2/install/hammerhead_interfaces:/home/swayanshree/projects/Makara-AUV-ROS2/install/bluerov2_description:/home/swayanshree/projects/Makara-AUV-ROS2/install/auv_description:/home/swayanshree/projects/Makara-AUV-ROS2/install/StateSpace:/opt/ros/jazzy/opt/gz_sim_vendor:/opt/ros/jazzy/opt/gz_sensors_vendor:/opt/ros/jazzy/opt/gz_physics_vendor:/opt/ros/jazzy/opt/sdformat_vendor:/opt/ros/jazzy/opt/gz_gui_vendor:/opt/ros/jazzy/opt/gz_transport_vendor:/opt/ros/jazzy/opt/gz_rendering_vendor:/opt/ros/jazzy/opt/gz_plugin_vendor:/opt/ros/jazzy/opt/gz_fuel_tools_vendor:/opt/ros/jazzy/opt/gz_msgs_vendor:/opt/ros/jazzy/opt/gz_common_vendor:/opt/ros/jazzy/opt/gz_math_vendor:/opt/ros/jazzy/opt/gz_utils_vendor:/opt/ros/jazzy/opt/gz_tools_vendor:/opt/ros/jazzy/opt/gz_ogre_next_vendor:/opt/ros/jazzy/opt/gz_dartsim_vendor:/opt/ros/jazzy/opt/gz_cmake_vendor:/home/swayanshree/projects/Makara-AUV-ROS2/install/uuv_simulator:/home/swayanshree/projects/Makara-AUV-ROS2/install/makara_serial:/home/swayanshree/projects/Makara-AUV-ROS2/install/hammerhead_serial:/home/swayanshree/projects/Makara-AUV-ROS2/install/data_sync:/home/swayanshree/projects/Makara-AUV-ROS2/install/makara_vision:/home/swayanshree/projects/Makara-AUV-ROS2/install/makara_bringup:/opt/ros/jazzy DEBUGINFOD_URLS=https://debuginfod.ubuntu.com PYTHONPATH=/home/swayanshree/projects/Makara-AUV-ROS2/install/makara_interfaces/lib/python3.12/site-packages:/home/swayanshree/projects/Makara-AUV-ROS2/install/uuv_simulator/lib/python3.12/site-packages:/home/swayanshree/projects/Makara-AUV-ROS2/install/makara_serial/lib/python3.12/site-packages:/home/swayanshree/projects/Makara-AUV-ROS2/install/hammerhead_serial/lib/python3.12/site-packages:/home/swayanshree/projects/Makara-AUV-ROS2/install/data_sync/lib/python3.12/site-packages:/home/swayanshree/projects/Makara-AUV-ROS2/install/makara_vision/lib/python3.12/site-packages:/home/swayanshree/projects/Makara-AUV-ROS2/install/makara_bringup/lib/python3.12/site-packages:/home/swayanshree/projects/Makara-AUV-ROS2/install/hammerhead_interfaces/lib/python3.12/site-packages:/opt/ros/jazzy/lib/python3.12/site-packages /usr/bin/cmake /home/swayanshree/projects/Makara-AUV-ROS2/src/makara_control -DCMAKE_INSTALL_PREFIX=/home/swayanshree/projects/Makara-AUV-ROS2/install/makara_control
[8.892s] INFO:colcon.colcon_core.task.python.build:Building Python package in '/home/swayanshree/projects/Makara-AUV-ROS2/src/makara_serial'
[8.892s] INFO:colcon.colcon_core.shell:Skip shell extension 'powershell' for command environment: Not usable outside of PowerShell
[8.892s] DEBUG:colcon.colcon_core.shell:Skip shell extension 'dsv' for command environment
[9.031s] DEBUG:colcon.colcon_core.event_handler.log_command:Invoking command in '/home/swayanshree/projects/Makara-AUV-ROS2/src/hammerhead_serial': CMAKE_PREFIX_PATH=/home/swayanshree/projects/Makara-AUV-ROS2/install/hammerhead_interfaces:/home/swayanshree/projects/Makara-AUV-ROS2/install/makara_control:/home/swayanshree/projects/Makara-AUV-ROS2/install/ardupilot_attitude_control:/home/swayanshree/projects/Makara-AUV-ROS2/install/makara_interfaces:/home/swayanshree/projects/Makara-AUV-ROS2/install/bluerov2_description:/home/swayanshree/projects/Makara-AUV-ROS2/install/auv_description:/home/swayanshree/projects/Makara-AUV-ROS2/install/StateSpace:/opt/ros/jazzy/opt/gz_sim_vendor:/opt/ros/jazzy/opt/gz_sensors_vendor:/opt/ros/jazzy/opt/gz_physics_vendor:/opt/ros/jazzy/opt/sdformat_vendor:/opt/ros/jazzy/opt/gz_gui_vendor:/opt/ros/jazzy/opt/gz_transport_vendor:/opt/ros/jazzy/opt/gz_rendering_vendor:/opt/ros/jazzy/opt/gz_plugin_vendor:/opt/ros/jazzy/opt/gz_fuel_tools_vendor:/opt/ros/jazzy/opt/gz_msgs_vendor:/opt/ros/jazzy/opt/gz_common_vendor:/opt/ros/jazzy/opt/gz_math_vendor:/opt/ros/jazzy/opt/gz_utils_vendor:/opt/ros/jazzy/opt/gz_tools_vendor:/opt/ros/jazzy/opt/gz_ogre_next_vendor:/opt/ros/jazzy/opt/gz_dartsim_vendor:/opt/ros/jazzy/opt/gz_cmake_vendor DEBUGINFOD_URLS=https://debuginfod.ubuntu.com LD_LIBRARY_PATH=/home/swayanshree/projects/Makara-AUV-ROS2/install/hammerhead_interfaces/lib:/home/swayanshree/projects/Makara-AUV-ROS2/install/makara_interfaces/lib:/opt/ros/jazzy/opt/gz_sim_vendor/lib:/opt/ros/jazzy/opt/gz_sensors_vendor/lib:/opt/ros/jazzy/opt/gz_physics_vendor/lib:/opt/ros/jazzy/opt/sdformat_vendor/lib:/opt/ros/jazzy/opt/rviz_ogre_vendor/lib:/opt/ros/jazzy/lib/x86_64-linux-gnu:/opt/ros/jazzy/opt/gz_gui_vendor/lib:/opt/ros/jazzy/opt/gz_transport_vendor/lib:/opt/ros/jazzy/opt/gz_rendering_vendor/lib:/opt/ros/jazzy/opt/gz_plugin_vendor/lib:/opt/ros/jazzy/opt/gz_fuel_tools_vendor/lib:/opt/ros/jazzy/opt/gz_msgs_vendor/lib:/opt/ros/jazzy/opt/gz_common_vendor/lib:/opt/ros/jazzy/opt/gz_math_vendor/lib:/opt/ros/jazzy/opt/gz_utils_vendor/lib:/opt/ros/jazzy/opt/gz_tools_vendor/lib:/opt/ros/jazzy/opt/gz_ogre_next_vendor/lib:/opt/ros/jazzy/opt/gz_dartsim_vendor/lib:/opt/ros/jazzy/opt/gz_cmake_vendor/lib:/opt/ros/jazzy/lib PYTHONPATH=/home/swayanshree/projects/Makara-AUV-ROS2/build/hammerhead_serial/prefix_override:/usr/lib/python3/dist-packages/colcon_core/task/python/colcon_distutils_commands:/home/swayanshree/projects/Makara-AUV-ROS2/install/hammerhead_serial/lib/python3.12/site-packages:/home/swayanshree/projects/Makara-AUV-ROS2/install/hammerhead_interfaces/lib/python3.12/site-packages:/home/swayanshree/projects/Makara-AUV-ROS2/install/uuv_simulator/lib/python3.12/site-packages:/home/swayanshree/projects/Makara-AUV-ROS2/install/makara_serial/lib/python3.12/site-packages:/home/swayanshree/projects/Makara-AUV-ROS2/install/hammerhead_serial/lib/python3.12/site-packages:/home/swayanshree/projects/Makara-AUV-ROS2/install/data_sync/lib/python3.12/site-packages:/home/swayanshree/projects/Makara-AUV-ROS2/install/makara_vision/lib/python3.12/site-packages:/home/swayanshree/projects/Makara-AUV-ROS2/install/makara_interfaces/lib/python3.12/site-packages:/home/swayanshree/projects/Makara-AUV-ROS2/install/makara_bringup/lib/python3.12/site-packages:/opt/ros/jazzy/lib/python3.12/site-packages /usr/bin/python3 -W ignore:setup.py install is deprecated -W ignore:easy_install command is deprecated setup.py egg_info --egg-base ../../build/hammerhead_serial build --build-base /home/swayanshree/projects/Makara-AUV-ROS2/build/hammerhead_serial/build install --record /home/swayanshree/projects/Makara-AUV-ROS2/build/hammerhead_serial/install.log --single-version-externally-managed install_data
[9.269s] DEBUG:colcon.colcon_core.event_handler.log_command:Invoking command in '/home/swayanshree/projects/Makara-AUV-ROS2/src/makara_serial': CMAKE_PREFIX_PATH=/home/swayanshree/projects/Makara-AUV-ROS2/install/makara_interfaces:/home/swayanshree/projects/Makara-AUV-ROS2/install/makara_control:/home/swayanshree/projects/Makara-AUV-ROS2/install/ardupilot_attitude_control:/home/swayanshree/projects/Makara-AUV-ROS2/install/hammerhead_interfaces:/home/swayanshree/projects/Makara-AUV-ROS2/install/bluerov2_description:/home/swayanshree/projects/Makara-AUV-ROS2/install/auv_description:/home/swayanshree/projects/Makara-AUV-ROS2/install/StateSpace:/opt/ros/jazzy/opt/gz_sim_vendor:/opt/ros/jazzy/opt/gz_sensors_vendor:/opt/ros/jazzy/opt/gz_physics_vendor:/opt/ros/jazzy/opt/sdformat_vendor:/opt/ros/jazzy/opt/gz_gui_vendor:/opt/ros/jazzy/opt/gz_transport_vendor:/opt/ros/jazzy/opt/gz_rendering_vendor:/opt/ros/jazzy/opt/gz_plugin_vendor:/opt/ros/jazzy/opt/gz_fuel_tools_vendor:/opt/ros/jazzy/opt/gz_msgs_vendor:/opt/ros/jazzy/opt/gz_common_vendor:/opt/ros/jazzy/opt/gz_math_vendor:/opt/ros/jazzy/opt/gz_utils_vendor:/opt/ros/jazzy/opt/gz_tools_vendor:/opt/ros/jazzy/opt/gz_ogre_next_vendor:/opt/ros/jazzy/opt/gz_dartsim_vendor:/opt/ros/jazzy/opt/gz_cmake_vendor DEBUGINFOD_URLS=https://debuginfod.ubuntu.com PYTHONPATH=/home/swayanshree/projects/Makara-AUV-ROS2/build/makara_serial/prefix_override:/usr/lib/python3/dist-packages/colcon_core/task/python/colcon_distutils_commands:/home/swayanshree/projects/Makara-AUV-ROS2/install/makara_serial/lib/python3.12/site-packages:/home/swayanshree/projects/Makara-AUV-ROS2/install/makara_interfaces/lib/python3.12/site-packages:/home/swayanshree/projects/Makara-AUV-ROS2/install/uuv_simulator/lib/python3.12/site-packages:/home/swayanshree/projects/Makara-AUV-ROS2/install/makara_serial/lib/python3.12/site-packages:/home/swayanshree/projects/Makara-AUV-ROS2/install/hammerhead_serial/lib/python3.12/site-packages:/home/swayanshree/projects/Makara-AUV-ROS2/install/data_sync/lib/python3.12/site-packages:/home/swayanshree/projects/Makara-AUV-ROS2/install/makara_vision/lib/python3.12/site-packages:/home/swayanshree/projects/Makara-AUV-ROS2/install/makara_bringup/lib/python3.12/site-packages:/home/swayanshree/projects/Makara-AUV-ROS2/install/hammerhead_interfaces/lib/python3.12/site-packages:/opt/ros/jazzy/lib/python3.12/site-packages /usr/bin/python3 -W ignore:setup.py install is deprecated -W ignore:easy_install command is deprecated setup.py egg_info --egg-base ../../build/makara_serial build --build-base /home/swayanshree/projects/Makara-AUV-ROS2/build/makara_serial/build install --record /home/swayanshree/projects/Makara-AUV-ROS2/build/makara_serial/install.log --single-version-externally-managed install_data
[9.360s] Level 1:colcon.colcon_core.environment:checking '/home/swayanshree/projects/Makara-AUV-ROS2/install/hammerhead_serial' for CMake module files
[9.360s] DEBUG:colcon.colcon_core.event_handler.log_command:Invoked command in '/home/swayanshree/projects/Makara-AUV-ROS2/src/hammerhead_serial' returned '0': CMAKE_PREFIX_PATH=/home/swayanshree/projects/Makara-AUV-ROS2/install/hammerhead_interfaces:/home/swayanshree/projects/Makara-AUV-ROS2/install/makara_control:/home/swayanshree/projects/Makara-AUV-ROS2/install/ardupilot_attitude_control:/home/swayanshree/projects/Makara-AUV-ROS2/install/makara_interfaces:/home/swayanshree/projects/Makara-AUV-ROS2/install/bluerov2_description:/home/swayanshree/projects/Makara-AUV-ROS2/install/auv_description:/home/swayanshree/projects/Makara-AUV-ROS2/install/StateSpace:/opt/ros/jazzy/opt/gz_sim_vendor:/opt/ros/jazzy/opt/gz_sensors_vendor:/opt/ros/jazzy/opt/gz_physics_vendor:/opt/ros/jazzy/opt/sdformat_vendor:/opt/ros/jazzy/opt/gz_gui_vendor:/opt/ros/jazzy/opt/gz_transport_vendor:/opt/ros/jazzy/opt/gz_rendering_vendor:/opt/ros/jazzy/opt/gz_plugin_vendor:/opt/ros/jazzy/opt/gz_fuel_tools_vendor:/opt/ros/jazzy/opt/gz_msgs_vendor:/opt/ros/jazzy/opt/gz_common_vendor:/opt/ros/jazzy/opt/gz_math_vendor:/opt/ros/jazzy/opt/gz_utils_vendor:/opt/ros/jazzy/opt/gz_tools_vendor:/opt/ros/jazzy/opt/gz_ogre_next_vendor:/opt/ros/jazzy/opt/gz_dartsim_vendor:/opt/ros/jazzy/opt/gz_cmake_vendor DEBUGINFOD_URLS=https://debuginfod.ubuntu.com LD_LIBRARY_PATH=/home/swayanshree/projects/Makara-AUV-ROS2/install/hammerhead_interfaces/lib:/home/swayanshree/projects/Makara-AUV-ROS2/install/makara_interfaces/lib:/opt/ros/jazzy/opt/gz_sim_vendor/lib:/opt/ros/jazzy/opt/gz_sensors_vendor/lib:/opt/ros/jazzy/opt/gz_physics_vendor/lib:/opt/ros/jazzy/opt/sdformat_vendor/lib:/opt/ros/jazzy/opt/rviz_ogre_vendor/lib:/opt/ros/jazzy/lib/x86_64-linux-gnu:/opt/ros/jazzy/opt/gz_gui_vendor/lib:/opt/ros/jazzy/opt/gz_transport_vendor/lib:/opt/ros/jazzy/opt/gz_rendering_vendor/lib:/opt/ros/jazzy/opt/gz_plugin_vendor/lib:/opt/ros/jazzy/opt/gz_fuel_tools_vendor/lib:/opt/ros/jazzy/opt/gz_msgs_vendor/lib:/opt/ros/jazzy/opt/gz_common_vendor/lib:/opt/ros/jazzy/opt/gz_math_vendor/lib:/opt/ros/jazzy/opt/gz_utils_vendor/lib:/opt/ros/jazzy/opt/gz_tools_vendor/lib:/opt/ros/jazzy/opt/gz_ogre_next_vendor/lib:/opt/ros/jazzy/opt/gz_dartsim_vendor/lib:/opt/ros/jazzy/opt/gz_cmake_vendor/lib:/opt/ros/jazzy/lib PYTHONPATH=/home/swayanshree/projects/Makara-AUV-ROS2/build/hammerhead_serial/prefix_override:/usr/lib/python3/dist-packages/colcon_core/task/python/colcon_distutils_commands:/home/swayanshree/projects/Makara-AUV-ROS2/install/hammerhead_serial/lib/python3.12/site-packages:/home/swayanshree/projects/Makara-AUV-ROS2/install/hammerhead_interfaces/lib/python3.12/site-packages:/home/swayanshree/projects/Makara-AUV-ROS2/install/uuv_simulator/lib/python3.12/site-packages:/home/swayanshree/projects/Makara-AUV-ROS2/install/makara_serial/lib/python3.12/site-packages:/home/swayanshree/projects/Makara-AUV-ROS2/install/hammerhead_serial/lib/python3.12/site-packages:/home/swayanshree/projects/Makara-AUV-ROS2/install/data_sync/lib/python3.12/site-packages:/home/swayanshree/projects/Makara-AUV-ROS2/install/makara_vision/lib/python3.12/site-packages:/home/swayanshree/projects/Makara-AUV-ROS2/install/makara_interfaces/lib/python3.12/site-packages:/home/swayanshree/projects/Makara-AUV-ROS2/install/makara_bringup/lib/python3.12/site-packages:/opt/ros/jazzy/lib/python3.12/site-packages /usr/bin/python3 -W ignore:setup.py install is deprecated -W ignore:easy_install command is deprecated setup.py egg_info --egg-base ../../build/hammerhead_serial build --build-base /home/swayanshree/projects/Makara-AUV-ROS2/build/hammerhead_serial/build install --record /home/swayanshree/projects/Makara-AUV-ROS2/build/hammerhead_serial/install.log --single-version-externally-managed install_data
[9.361s] Level 1:colcon.colcon_core.environment:checking '/home/swayanshree/projects/Makara-AUV-ROS2/install/hammerhead_serial' for CMake config files
[9.361s] Level 1:colcon.colcon_core.environment:checking '/home/swayanshree/projects/Makara-AUV-ROS2/install/hammerhead_serial/lib'
[9.361s] Level 1:colcon.colcon_core.environment:checking '/home/swayanshree/projects/Makara-AUV-ROS2/install/hammerhead_serial/bin'
[9.361s] Level 1:colcon.colcon_core.environment:checking '/home/swayanshree/projects/Makara-AUV-ROS2/install/hammerhead_serial/lib/pkgconfig/hammerhead_serial.pc'
[9.361s] Level 1:colcon.colcon_core.environment:checking '/home/swayanshree/projects/Makara-AUV-ROS2/install/hammerhead_serial/lib/python3.12/site-packages'
[9.361s] Level 1:colcon.colcon_core.shell:create_environment_hook('hammerhead_serial', 'pythonpath')
[9.361s] INFO:colcon.colcon_core.shell:Creating environment hook '/home/swayanshree/projects/Makara-AUV-ROS2/install/hammerhead_serial/share/hammerhead_serial/hook/pythonpath.ps1'
[9.362s] INFO:colcon.colcon_core.shell:Creating environment descriptor '/home/swayanshree/projects/Makara-AUV-ROS2/install/hammerhead_serial/share/hammerhead_serial/hook/pythonpath.dsv'
[9.362s] INFO:colcon.colcon_core.shell:Creating environment hook '/home/swayanshree/projects/Makara-AUV-ROS2/install/hammerhead_serial/share/hammerhead_serial/hook/pythonpath.sh'
[9.362s] Level 1:colcon.colcon_core.environment:checking '/home/swayanshree/projects/Makara-AUV-ROS2/install/hammerhead_serial/bin'
[9.362s] Level 1:colcon.colcon_core.environment:create_environment_scripts_only(hammerhead_serial)
[9.363s] INFO:colcon.colcon_core.shell:Creating package script '/home/swayanshree/projects/Makara-AUV-ROS2/install/hammerhead_serial/share/hammerhead_serial/package.ps1'
[9.363s] INFO:colcon.colcon_core.shell:Creating package descriptor '/home/swayanshree/projects/Makara-AUV-ROS2/install/hammerhead_serial/share/hammerhead_serial/package.dsv'
[9.363s] INFO:colcon.colcon_core.shell:Creating package script '/home/swayanshree/projects/Makara-AUV-ROS2/install/hammerhead_serial/share/hammerhead_serial/package.sh'
[9.363s] INFO:colcon.colcon_core.shell:Creating package script '/home/swayanshree/projects/Makara-AUV-ROS2/install/hammerhead_serial/share/hammerhead_serial/package.bash'
[9.364s] INFO:colcon.colcon_core.shell:Creating package script '/home/swayanshree/projects/Makara-AUV-ROS2/install/hammerhead_serial/share/hammerhead_serial/package.zsh'
[9.364s] Level 1:colcon.colcon_core.environment:create_file_with_runtime_dependencies(/home/swayanshree/projects/Makara-AUV-ROS2/install/hammerhead_serial/share/colcon-core/packages/hammerhead_serial)
[9.432s] DEBUG:colcon.colcon_core.event_handler.log_command:Invoked command in '/home/swayanshree/projects/Makara-AUV-ROS2/build/ardupilot_attitude_control' returned '0': CMAKE_PREFIX_PATH=/home/swayanshree/projects/Makara-AUV-ROS2/install/hammerhead_interfaces:/home/swayanshree/projects/Makara-AUV-ROS2/install/makara_control:/home/swayanshree/projects/Makara-AUV-ROS2/install/ardupilot_attitude_control:/home/swayanshree/projects/Makara-AUV-ROS2/install/makara_interfaces:/home/swayanshree/projects/Makara-AUV-ROS2/install/bluerov2_description:/home/swayanshree/projects/Makara-AUV-ROS2/install/auv_description:/home/swayanshree/projects/Makara-AUV-ROS2/install/StateSpace:/opt/ros/jazzy/opt/gz_sim_vendor:/opt/ros/jazzy/opt/gz_sensors_vendor:/opt/ros/jazzy/opt/gz_physics_vendor:/opt/ros/jazzy/opt/sdformat_vendor:/opt/ros/jazzy/opt/gz_gui_vendor:/opt/ros/jazzy/opt/gz_transport_vendor:/opt/ros/jazzy/opt/gz_rendering_vendor:/opt/ros/jazzy/opt/gz_plugin_vendor:/opt/ros/jazzy/opt/gz_fuel_tools_vendor:/opt/ros/jazzy/opt/gz_msgs_vendor:/opt/ros/jazzy/opt/gz_common_vendor:/opt/ros/jazzy/opt/gz_math_vendor:/opt/ros/jazzy/opt/gz_utils_vendor:/opt/ros/jazzy/opt/gz_tools_vendor:/opt/ros/jazzy/opt/gz_ogre_next_vendor:/opt/ros/jazzy/opt/gz_dartsim_vendor:/opt/ros/jazzy/opt/gz_cmake_vendor:/home/swayanshree/projects/Makara-AUV-ROS2/install/uuv_simulator:/home/swayanshree/projects/Makara-AUV-ROS2/install/makara_serial:/home/swayanshree/projects/Makara-AUV-ROS2/install/hammerhead_serial:/home/swayanshree/projects/Makara-AUV-ROS2/install/data_sync:/home/swayanshree/projects/Makara-AUV-ROS2/install/makara_vision:/home/swayanshree/projects/Makara-AUV-ROS2/install/makara_bringup:/opt/ros/jazzy DEBUGINFOD_URLS=https://debuginfod.ubuntu.com LD_LIBRARY_PATH=/home/swayanshree/projects/Makara-AUV-ROS2/install/hammerhead_interfaces/lib:/home/swayanshree/projects/Makara-AUV-ROS2/install/makara_interfaces/lib:/opt/ros/jazzy/opt/gz_sim_vendor/lib:/opt/ros/jazzy/opt/gz_sensors_vendor/lib:/opt/ros/jazzy/opt/gz_physics_vendor/lib:/opt/ros/jazzy/opt/sdformat_vendor/lib:/opt/ros/jazzy/opt/rviz_ogre_vendor/lib:/opt/ros/jazzy/lib/x86_64-linux-gnu:/opt/ros/jazzy/opt/gz_gui_vendor/lib:/opt/ros/jazzy/opt/gz_transport_vendor/lib:/opt/ros/jazzy/opt/gz_rendering_vendor/lib:/opt/ros/jazzy/opt/gz_plugin_vendor/lib:/opt/ros/jazzy/opt/gz_fuel_tools_vendor/lib:/opt/ros/jazzy/opt/gz_msgs_vendor/lib:/opt/ros/jazzy/opt/gz_common_vendor/lib:/opt/ros/jazzy/opt/gz_math_vendor/lib:/opt/ros/jazzy/opt/gz_utils_vendor/lib:/opt/ros/jazzy/opt/gz_tools_vendor/lib:/opt/ros/jazzy/opt/gz_ogre_next_vendor/lib:/opt/ros/jazzy/opt/gz_dartsim_vendor/lib:/opt/ros/jazzy/opt/gz_cmake_vendor/lib:/opt/ros/jazzy/lib PYTHONPATH=/home/swayanshree/projects/Makara-AUV-ROS2/install/hammerhead_interfaces/lib/python3.12/site-packages:/home/swayanshree/projects/Makara-AUV-ROS2/install/uuv_simulator/lib/python3.12/site-packages:/home/swayanshree/projects/Makara-AUV-ROS2/install/makara_serial/lib/python3.12/site-packages:/home/swayanshree/projects/Makara-AUV-ROS2/install/hammerhead_serial/lib/python3.12/site-packages:/home/swayanshree/projects/Makara-AUV-ROS2/install/data_sync/lib/python3.12/site-packages:/home/swayanshree/projects/Makara-AUV-ROS2/install/makara_vision/lib/python3.12/site-packages:/home/swayanshree/projects/Makara-AUV-ROS2/install/makara_interfaces/lib/python3.12/site-packages:/home/swayanshree/projects/Makara-AUV-ROS2/install/makara_bringup/lib/python3.12/site-packages:/opt/ros/jazzy/lib/python3.12/site-packages /usr/bin/cmake /home/swayanshree/projects/Makara-AUV-ROS2/src/ardupilot_attitude_control -DCMAKE_INSTALL_PREFIX=/home/swayanshree/projects/Makara-AUV-ROS2/install/ardupilot_attitude_control
[9.433s] DEBUG:colcon.colcon_core.event_handler.log_command:Invoking command in '/home/swayanshree/projects/Makara-AUV-ROS2/build/ardupilot_attitude_control': CMAKE_PREFIX_PATH=/home/swayanshree/projects/Makara-AUV-ROS2/install/hammerhead_interfaces:/home/swayanshree/projects/Makara-AUV-ROS2/install/makara_control:/home/swayanshree/projects/Makara-AUV-ROS2/install/ardupilot_attitude_control:/home/swayanshree/projects/Makara-AUV-ROS2/install/makara_interfaces:/home/swayanshree/projects/Makara-AUV-ROS2/install/bluerov2_description:/home/swayanshree/projects/Makara-AUV-ROS2/install/auv_description:/home/swayanshree/projects/Makara-AUV-ROS2/install/StateSpace:/opt/ros/jazzy/opt/gz_sim_vendor:/opt/ros/jazzy/opt/gz_sensors_vendor:/opt/ros/jazzy/opt/gz_physics_vendor:/opt/ros/jazzy/opt/sdformat_vendor:/opt/ros/jazzy/opt/gz_gui_vendor:/opt/ros/jazzy/opt/gz_transport_vendor:/opt/ros/jazzy/opt/gz_rendering_vendor:/opt/ros/jazzy/opt/gz_plugin_vendor:/opt/ros/jazzy/opt/gz_fuel_tools_vendor:/opt/ros/jazzy/opt/gz_msgs_vendor:/opt/ros/jazzy/opt/gz_common_vendor:/opt/ros/jazzy/opt/gz_math_vendor:/opt/ros/jazzy/opt/gz_utils_vendor:/opt/ros/jazzy/opt/gz_tools_vendor:/opt/ros/jazzy/opt/gz_ogre_next_vendor:/opt/ros/jazzy/opt/gz_dartsim_vendor:/opt/ros/jazzy/opt/gz_cmake_vendor:/home/swayanshree/projects/Makara-AUV-ROS2/install/uuv_simulator:/home/swayanshree/projects/Makara-AUV-ROS2/install/makara_serial:/home/swayanshree/projects/Makara-AUV-ROS2/install/hammerhead_serial:/home/swayanshree/projects/Makara-AUV-ROS2/install/data_sync:/home/swayanshree/projects/Makara-AUV-ROS2/install/makara_vision:/home/swayanshree/projects/Makara-AUV-ROS2/install/makara_bringup:/opt/ros/jazzy DEBUGINFOD_URLS=https://debuginfod.ubuntu.com LD_LIBRARY_PATH=/home/swayanshree/projects/Makara-AUV-ROS2/install/hammerhead_interfaces/lib:/home/swayanshree/projects/Makara-AUV-ROS2/install/makara_interfaces/lib:/opt/ros/jazzy/opt/gz_sim_vendor/lib:/opt/ros/jazzy/opt/gz_sensors_vendor/lib:/opt/ros/jazzy/opt/gz_physics_vendor/lib:/opt/ros/jazzy/opt/sdformat_vendor/lib:/opt/ros/jazzy/opt/rviz_ogre_vendor/lib:/opt/ros/jazzy/lib/x86_64-linux-gnu:/opt/ros/jazzy/opt/gz_gui_vendor/lib:/opt/ros/jazzy/opt/gz_transport_vendor/lib:/opt/ros/jazzy/opt/gz_rendering_vendor/lib:/opt/ros/jazzy/opt/gz_plugin_vendor/lib:/opt/ros/jazzy/opt/gz_fuel_tools_vendor/lib:/opt/ros/jazzy/opt/gz_msgs_vendor/lib:/opt/ros/jazzy/opt/gz_common_vendor/lib:/opt/ros/jazzy/opt/gz_math_vendor/lib:/opt/ros/jazzy/opt/gz_utils_vendor/lib:/opt/ros/jazzy/opt/gz_tools_vendor/lib:/opt/ros/jazzy/opt/gz_ogre_next_vendor/lib:/opt/ros/jazzy/opt/gz_dartsim_vendor/lib:/opt/ros/jazzy/opt/gz_cmake_vendor/lib:/opt/ros/jazzy/lib PYTHONPATH=/home/swayanshree/projects/Makara-AUV-ROS2/install/hammerhead_interfaces/lib/python3.12/site-packages:/home/swayanshree/projects/Makara-AUV-ROS2/install/uuv_simulator/lib/python3.12/site-packages:/home/swayanshree/projects/Makara-AUV-ROS2/install/makara_serial/lib/python3.12/site-packages:/home/swayanshree/projects/Makara-AUV-ROS2/install/hammerhead_serial/lib/python3.12/site-packages:/home/swayanshree/projects/Makara-AUV-ROS2/install/data_sync/lib/python3.12/site-packages:/home/swayanshree/projects/Makara-AUV-ROS2/install/makara_vision/lib/python3.12/site-packages:/home/swayanshree/projects/Makara-AUV-ROS2/install/makara_interfaces/lib/python3.12/site-packages:/home/swayanshree/projects/Makara-AUV-ROS2/install/makara_bringup/lib/python3.12/site-packages:/opt/ros/jazzy/lib/python3.12/site-packages /usr/bin/cmake --build /home/swayanshree/projects/Makara-AUV-ROS2/build/ardupilot_attitude_control -- -j16 -l16
[9.577s] Level 1:colcon.colcon_core.environment:checking '/home/swayanshree/projects/Makara-AUV-ROS2/install/makara_serial' for CMake module files
[9.577s] DEBUG:colcon.colcon_core.event_handler.log_command:Invoked command in '/home/swayanshree/projects/Makara-AUV-ROS2/src/makara_serial' returned '0': CMAKE_PREFIX_PATH=/home/swayanshree/projects/Makara-AUV-ROS2/install/makara_interfaces:/home/swayanshree/projects/Makara-AUV-ROS2/install/makara_control:/home/swayanshree/projects/Makara-AUV-ROS2/install/ardupilot_attitude_control:/home/swayanshree/projects/Makara-AUV-ROS2/install/hammerhead_interfaces:/home/swayanshree/projects/Makara-AUV-ROS2/install/bluerov2_description:/home/swayanshree/projects/Makara-AUV-ROS2/install/auv_description:/home/swayanshree/projects/Makara-AUV-ROS2/install/StateSpace:/opt/ros/jazzy/opt/gz_sim_vendor:/opt/ros/jazzy/opt/gz_sensors_vendor:/opt/ros/jazzy/opt/gz_physics_vendor:/opt/ros/jazzy/opt/sdformat_vendor:/opt/ros/jazzy/opt/gz_gui_vendor:/opt/ros/jazzy/opt/gz_transport_vendor:/opt/ros/jazzy/opt/gz_rendering_vendor:/opt/ros/jazzy/opt/gz_plugin_vendor:/opt/ros/jazzy/opt/gz_fuel_tools_vendor:/opt/ros/jazzy/opt/gz_msgs_vendor:/opt/ros/jazzy/opt/gz_common_vendor:/opt/ros/jazzy/opt/gz_math_vendor:/opt/ros/jazzy/opt/gz_utils_vendor:/opt/ros/jazzy/opt/gz_tools_vendor:/opt/ros/jazzy/opt/gz_ogre_next_vendor:/opt/ros/jazzy/opt/gz_dartsim_vendor:/opt/ros/jazzy/opt/gz_cmake_vendor DEBUGINFOD_URLS=https://debuginfod.ubuntu.com PYTHONPATH=/home/swayanshree/projects/Makara-AUV-ROS2/build/makara_serial/prefix_override:/usr/lib/python3/dist-packages/colcon_core/task/python/colcon_distutils_commands:/home/swayanshree/projects/Makara-AUV-ROS2/install/makara_serial/lib/python3.12/site-packages:/home/swayanshree/projects/Makara-AUV-ROS2/install/makara_interfaces/lib/python3.12/site-packages:/home/swayanshree/projects/Makara-AUV-ROS2/install/uuv_simulator/lib/python3.12/site-packages:/home/swayanshree/projects/Makara-AUV-ROS2/install/makara_serial/lib/python3.12/site-packages:/home/swayanshree/projects/Makara-AUV-ROS2/install/hammerhead_serial/lib/python3.12/site-packages:/home/swayanshree/projects/Makara-AUV-ROS2/install/data_sync/lib/python3.12/site-packages:/home/swayanshree/projects/Makara-AUV-ROS2/install/makara_vision/lib/python3.12/site-packages:/home/swayanshree/projects/Makara-AUV-ROS2/install/makara_bringup/lib/python3.12/site-packages:/home/swayanshree/projects/Makara-AUV-ROS2/install/hammerhead_interfaces/lib/python3.12/site-packages:/opt/ros/jazzy/lib/python3.12/site-packages /usr/bin/python3 -W ignore:setup.py install is deprecated -W ignore:easy_install command is deprecated setup.py egg_info --egg-base ../../build/makara_serial build --build-base /home/swayanshree/projects/Makara-AUV-ROS2/build/makara_serial/build install --record /home/swayanshree/projects/Makara-AUV-ROS2/build/makara_serial/install.log --single-version-externally-managed install_data
[9.578s] Level 1:colcon.colcon_core.environment:checking '/home/swayanshree/projects/Makara-AUV-ROS2/install/makara_serial' for CMake config files
[9.578s] Level 1:colcon.colcon_core.environment:checking '/home/swayanshree/projects/Makara-AUV-ROS2/install/makara_serial/lib'
[9.578s] Level 1:colcon.colcon_core.environment:checking '/home/swayanshree/projects/Makara-AUV-ROS2/install/makara_serial/bin'
[9.578s] Level 1:colcon.colcon_core.environment:checking '/home/swayanshree/projects/Makara-AUV-ROS2/install/makara_serial/lib/pkgconfig/makara_serial.pc'
[9.579s] Level 1:colcon.colcon_core.environment:checking '/home/swayanshree/projects/Makara-AUV-ROS2/install/makara_serial/lib/python3.12/site-packages'
[9.579s] Level 1:colcon.colcon_core.shell:create_environment_hook('makara_serial', 'pythonpath')
[9.579s] INFO:colcon.colcon_core.shell:Creating environment hook '/home/swayanshree/projects/Makara-AUV-ROS2/install/makara_serial/share/makara_serial/hook/pythonpath.ps1'
[9.579s] INFO:colcon.colcon_core.shell:Creating environment descriptor '/home/swayanshree/projects/Makara-AUV-ROS2/install/makara_serial/share/makara_serial/hook/pythonpath.dsv'
[9.579s] INFO:colcon.colcon_core.shell:Creating environment hook '/home/swayanshree/projects/Makara-AUV-ROS2/install/makara_serial/share/makara_serial/hook/pythonpath.sh'
[9.580s] Level 1:colcon.colcon_core.environment:checking '/home/swayanshree/projects/Makara-AUV-ROS2/install/makara_serial/bin'
[9.580s] Level 1:colcon.colcon_core.environment:create_environment_scripts_only(makara_serial)
[9.580s] INFO:colcon.colcon_core.shell:Creating package script '/home/swayanshree/projects/Makara-AUV-ROS2/install/makara_serial/share/makara_serial/package.ps1'
[9.580s] INFO:colcon.colcon_core.shell:Creating package descriptor '/home/swayanshree/projects/Makara-AUV-ROS2/install/makara_serial/share/makara_serial/package.dsv'
[9.580s] INFO:colcon.colcon_core.shell:Creating package script '/home/swayanshree/projects/Makara-AUV-ROS2/install/makara_serial/share/makara_serial/package.sh'
[9.580s] INFO:colcon.colcon_core.shell:Creating package script '/home/swayanshree/projects/Makara-AUV-ROS2/install/makara_serial/share/makara_serial/package.bash'
[9.580s] INFO:colcon.colcon_core.shell:Creating package script '/home/swayanshree/projects/Makara-AUV-ROS2/install/makara_serial/share/makara_serial/package.zsh'
[9.581s] Level 1:colcon.colcon_core.environment:create_file_with_runtime_dependencies(/home/swayanshree/projects/Makara-AUV-ROS2/install/makara_serial/share/colcon-core/packages/makara_serial)
[9.704s] DEBUG:colcon.colcon_core.event_handler.log_command:Invoked command in '/home/swayanshree/projects/Makara-AUV-ROS2/build/makara_control' returned '0': CMAKE_PREFIX_PATH=/home/swayanshree/projects/Makara-AUV-ROS2/install/makara_interfaces:/home/swayanshree/projects/Makara-AUV-ROS2/install/makara_control:/home/swayanshree/projects/Makara-AUV-ROS2/install/ardupilot_attitude_control:/home/swayanshree/projects/Makara-AUV-ROS2/install/hammerhead_interfaces:/home/swayanshree/projects/Makara-AUV-ROS2/install/bluerov2_description:/home/swayanshree/projects/Makara-AUV-ROS2/install/auv_description:/home/swayanshree/projects/Makara-AUV-ROS2/install/StateSpace:/opt/ros/jazzy/opt/gz_sim_vendor:/opt/ros/jazzy/opt/gz_sensors_vendor:/opt/ros/jazzy/opt/gz_physics_vendor:/opt/ros/jazzy/opt/sdformat_vendor:/opt/ros/jazzy/opt/gz_gui_vendor:/opt/ros/jazzy/opt/gz_transport_vendor:/opt/ros/jazzy/opt/gz_rendering_vendor:/opt/ros/jazzy/opt/gz_plugin_vendor:/opt/ros/jazzy/opt/gz_fuel_tools_vendor:/opt/ros/jazzy/opt/gz_msgs_vendor:/opt/ros/jazzy/opt/gz_common_vendor:/opt/ros/jazzy/opt/gz_math_vendor:/opt/ros/jazzy/opt/gz_utils_vendor:/opt/ros/jazzy/opt/gz_tools_vendor:/opt/ros/jazzy/opt/gz_ogre_next_vendor:/opt/ros/jazzy/opt/gz_dartsim_vendor:/opt/ros/jazzy/opt/gz_cmake_vendor:/home/swayanshree/projects/Makara-AUV-ROS2/install/uuv_simulator:/home/swayanshree/projects/Makara-AUV-ROS2/install/makara_serial:/home/swayanshree/projects/Makara-AUV-ROS2/install/hammerhead_serial:/home/swayanshree/projects/Makara-AUV-ROS2/install/data_sync:/home/swayanshree/projects/Makara-AUV-ROS2/install/makara_vision:/home/swayanshree/projects/Makara-AUV-ROS2/install/makara_bringup:/opt/ros/jazzy DEBUGINFOD_URLS=https://debuginfod.ubuntu.com PYTHONPATH=/home/swayanshree/projects/Makara-AUV-ROS2/install/makara_interfaces/lib/python3.12/site-packages:/home/swayanshree/projects/Makara-AUV-ROS2/install/uuv_simulator/lib/python3.12/site-packages:/home/swayanshree/projects/Makara-AUV-ROS2/install/makara_serial/lib/python3.12/site-packages:/home/swayanshree/projects/Makara-AUV-ROS2/install/hammerhead_serial/lib/python3.12/site-packages:/home/swayanshree/projects/Makara-AUV-ROS2/install/data_sync/lib/python3.12/site-packages:/home/swayanshree/projects/Makara-AUV-ROS2/install/makara_vision/lib/python3.12/site-packages:/home/swayanshree/projects/Makara-AUV-ROS2/install/makara_bringup/lib/python3.12/site-packages:/home/swayanshree/projects/Makara-AUV-ROS2/install/hammerhead_interfaces/lib/python3.12/site-packages:/opt/ros/jazzy/lib/python3.12/site-packages /usr/bin/cmake /home/swayanshree/projects/Makara-AUV-ROS2/src/makara_control -DCMAKE_INSTALL_PREFIX=/home/swayanshree/projects/Makara-AUV-ROS2/install/makara_control
[9.705s] DEBUG:colcon.colcon_core.event_handler.log_command:Invoking command in '/home/swayanshree/projects/Makara-AUV-ROS2/build/makara_control': CMAKE_PREFIX_PATH=/home/swayanshree/projects/Makara-AUV-ROS2/install/makara_interfaces:/home/swayanshree/projects/Makara-AUV-ROS2/install/makara_control:/home/swayanshree/projects/Makara-AUV-ROS2/install/ardupilot_attitude_control:/home/swayanshree/projects/Makara-AUV-ROS2/install/hammerhead_interfaces:/home/swayanshree/projects/Makara-AUV-ROS2/install/bluerov2_description:/home/swayanshree/projects/Makara-AUV-ROS2/install/auv_description:/home/swayanshree/projects/Makara-AUV-ROS2/install/StateSpace:/opt/ros/jazzy/opt/gz_sim_vendor:/opt/ros/jazzy/opt/gz_sensors_vendor:/opt/ros/jazzy/opt/gz_physics_vendor:/opt/ros/jazzy/opt/sdformat_vendor:/opt/ros/jazzy/opt/gz_gui_vendor:/opt/ros/jazzy/opt/gz_transport_vendor:/opt/ros/jazzy/opt/gz_rendering_vendor:/opt/ros/jazzy/opt/gz_plugin_vendor:/opt/ros/jazzy/opt/gz_fuel_tools_vendor:/opt/ros/jazzy/opt/gz_msgs_vendor:/opt/ros/jazzy/opt/gz_common_vendor:/opt/ros/jazzy/opt/gz_math_vendor:/opt/ros/jazzy/opt/gz_utils_vendor:/opt/ros/jazzy/opt/gz_tools_vendor:/opt/ros/jazzy/opt/gz_ogre_next_vendor:/opt/ros/jazzy/opt/gz_dartsim_vendor:/opt/ros/jazzy/opt/gz_cmake_vendor:/home/swayanshree/projects/Makara-AUV-ROS2/install/uuv_simulator:/home/swayanshree/projects/Makara-AUV-ROS2/install/makara_serial:/home/swayanshree/projects/Makara-AUV-ROS2/install/hammerhead_serial:/home/swayanshree/projects/Makara-AUV-ROS2/install/data_sync:/home/swayanshree/projects/Makara-AUV-ROS2/install/makara_vision:/home/swayanshree/projects/Makara-AUV-ROS2/install/makara_bringup:/opt/ros/jazzy DEBUGINFOD_URLS=https://debuginfod.ubuntu.com PYTHONPATH=/home/swayanshree/projects/Makara-AUV-ROS2/install/makara_interfaces/lib/python3.12/site-packages:/home/swayanshree/projects/Makara-AUV-ROS2/install/uuv_simulator/lib/python3.12/site-packages:/home/swayanshree/projects/Makara-AUV-ROS2/install/makara_serial/lib/python3.12/site-packages:/home/swayanshree/projects/Makara-AUV-ROS2/install/hammerhead_serial/lib/python3.12/site-packages:/home/swayanshree/projects/Makara-AUV-ROS2/install/data_sync/lib/python3.12/site-packages:/home/swayanshree/projects/Makara-AUV-ROS2/install/makara_vision/lib/python3.12/site-packages:/home/swayanshree/projects/Makara-AUV-ROS2/install/makara_bringup/lib/python3.12/site-packages:/home/swayanshree/projects/Makara-AUV-ROS2/install/hammerhead_interfaces/lib/python3.12/site-packages:/opt/ros/jazzy/lib/python3.12/site-packages /usr/bin/cmake --build /home/swayanshree/projects/Makara-AUV-ROS2/build/makara_control -- -j16 -l16
[17.213s] DEBUG:colcon.colcon_core.event_handler.log_command:Invoked command in '/home/swayanshree/projects/Makara-AUV-ROS2/build/ardupilot_attitude_control' returned '0': CMAKE_PREFIX_PATH=/home/swayanshree/projects/Makara-AUV-ROS2/install/hammerhead_interfaces:/home/swayanshree/projects/Makara-AUV-ROS2/install/makara_control:/home/swayanshree/projects/Makara-AUV-ROS2/install/ardupilot_attitude_control:/home/swayanshree/projects/Makara-AUV-ROS2/install/makara_interfaces:/home/swayanshree/projects/Makara-AUV-ROS2/install/bluerov2_description:/home/swayanshree/projects/Makara-AUV-ROS2/install/auv_description:/home/swayanshree/projects/Makara-AUV-ROS2/install/StateSpace:/opt/ros/jazzy/opt/gz_sim_vendor:/opt/ros/jazzy/opt/gz_sensors_vendor:/opt/ros/jazzy/opt/gz_physics_vendor:/opt/ros/jazzy/opt/sdformat_vendor:/opt/ros/jazzy/opt/gz_gui_vendor:/opt/ros/jazzy/opt/gz_transport_vendor:/opt/ros/jazzy/opt/gz_rendering_vendor:/opt/ros/jazzy/opt/gz_plugin_vendor:/opt/ros/jazzy/opt/gz_fuel_tools_vendor:/opt/ros/jazzy/opt/gz_msgs_vendor:/opt/ros/jazzy/opt/gz_common_vendor:/opt/ros/jazzy/opt/gz_math_vendor:/opt/ros/jazzy/opt/gz_utils_vendor:/opt/ros/jazzy/opt/gz_tools_vendor:/opt/ros/jazzy/opt/gz_ogre_next_vendor:/opt/ros/jazzy/opt/gz_dartsim_vendor:/opt/ros/jazzy/opt/gz_cmake_vendor:/home/swayanshree/projects/Makara-AUV-ROS2/install/uuv_simulator:/home/swayanshree/projects/Makara-AUV-ROS2/install/makara_serial:/home/swayanshree/projects/Makara-AUV-ROS2/install/hammerhead_serial:/home/swayanshree/projects/Makara-AUV-ROS2/install/data_sync:/home/swayanshree/projects/Makara-AUV-ROS2/install/makara_vision:/home/swayanshree/projects/Makara-AUV-ROS2/install/makara_bringup:/opt/ros/jazzy DEBUGINFOD_URLS=https://debuginfod.ubuntu.com LD_LIBRARY_PATH=/home/swayanshree/projects/Makara-AUV-ROS2/install/hammerhead_interfaces/lib:/home/swayanshree/projects/Makara-AUV-ROS2/install/makara_interfaces/lib:/opt/ros/jazzy/opt/gz_sim_vendor/lib:/opt/ros/jazzy/opt/gz_sensors_vendor/lib:/opt/ros/jazzy/opt/gz_physics_vendor/lib:/opt/ros/jazzy/opt/sdformat_vendor/lib:/opt/ros/jazzy/opt/rviz_ogre_vendor/lib:/opt/ros/jazzy/lib/x86_64-linux-gnu:/opt/ros/jazzy/opt/gz_gui_vendor/lib:/opt/ros/jazzy/opt/gz_transport_vendor/lib:/opt/ros/jazzy/opt/gz_rendering_vendor/lib:/opt/ros/jazzy/opt/gz_plugin_vendor/lib:/opt/ros/jazzy/opt/gz_fuel_tools_vendor/lib:/opt/ros/jazzy/opt/gz_msgs_vendor/lib:/opt/ros/jazzy/opt/gz_common_vendor/lib:/opt/ros/jazzy/opt/gz_math_vendor/lib:/opt/ros/jazzy/opt/gz_utils_vendor/lib:/opt/ros/jazzy/opt/gz_tools_vendor/lib:/opt/ros/jazzy/opt/gz_ogre_next_vendor/lib:/opt/ros/jazzy/opt/gz_dartsim_vendor/lib:/opt/ros/jazzy/opt/gz_cmake_vendor/lib:/opt/ros/jazzy/lib PYTHONPATH=/home/swayanshree/projects/Makara-AUV-ROS2/install/hammerhead_interfaces/lib/python3.12/site-packages:/home/swayanshree/projects/Makara-AUV-ROS2/install/uuv_simulator/lib/python3.12/site-packages:/home/swayanshree/projects/Makara-AUV-ROS2/install/makara_serial/lib/python3.12/site-packages:/home/swayanshree/projects/Makara-AUV-ROS2/install/hammerhead_serial/lib/python3.12/site-packages:/home/swayanshree/projects/Makara-AUV-ROS2/install/data_sync/lib/python3.12/site-packages:/home/swayanshree/projects/Makara-AUV-ROS2/install/makara_vision/lib/python3.12/site-packages:/home/swayanshree/projects/Makara-AUV-ROS2/install/makara_interfaces/lib/python3.12/site-packages:/home/swayanshree/projects/Makara-AUV-ROS2/install/makara_bringup/lib/python3.12/site-packages:/opt/ros/jazzy/lib/python3.12/site-packages /usr/bin/cmake --build /home/swayanshree/projects/Makara-AUV-ROS2/build/ardupilot_attitude_control -- -j16 -l16
[17.214s] DEBUG:colcon.colcon_core.event_handler.log_command:Invoking command in '/home/swayanshree/projects/Makara-AUV-ROS2/build/ardupilot_attitude_control': CMAKE_PREFIX_PATH=/home/swayanshree/projects/Makara-AUV-ROS2/install/hammerhead_interfaces:/home/swayanshree/projects/Makara-AUV-ROS2/install/makara_control:/home/swayanshree/projects/Makara-AUV-ROS2/install/ardupilot_attitude_control:/home/swayanshree/projects/Makara-AUV-ROS2/install/makara_interfaces:/home/swayanshree/projects/Makara-AUV-ROS2/install/bluerov2_description:/home/swayanshree/projects/Makara-AUV-ROS2/install/auv_description:/home/swayanshree/projects/Makara-AUV-ROS2/install/StateSpace:/opt/ros/jazzy/opt/gz_sim_vendor:/opt/ros/jazzy/opt/gz_sensors_vendor:/opt/ros/jazzy/opt/gz_physics_vendor:/opt/ros/jazzy/opt/sdformat_vendor:/opt/ros/jazzy/opt/gz_gui_vendor:/opt/ros/jazzy/opt/gz_transport_vendor:/opt/ros/jazzy/opt/gz_rendering_vendor:/opt/ros/jazzy/opt/gz_plugin_vendor:/opt/ros/jazzy/opt/gz_fuel_tools_vendor:/opt/ros/jazzy/opt/gz_msgs_vendor:/opt/ros/jazzy/opt/gz_common_vendor:/opt/ros/jazzy/opt/gz_math_vendor:/opt/ros/jazzy/opt/gz_utils_vendor:/opt/ros/jazzy/opt/gz_tools_vendor:/opt/ros/jazzy/opt/gz_ogre_next_vendor:/opt/ros/jazzy/opt/gz_dartsim_vendor:/opt/ros/jazzy/opt/gz_cmake_vendor:/home/swayanshree/projects/Makara-AUV-ROS2/install/uuv_simulator:/home/swayanshree/projects/Makara-AUV-ROS2/install/makara_serial:/home/swayanshree/projects/Makara-AUV-ROS2/install/hammerhead_serial:/home/swayanshree/projects/Makara-AUV-ROS2/install/data_sync:/home/swayanshree/projects/Makara-AUV-ROS2/install/makara_vision:/home/swayanshree/projects/Makara-AUV-ROS2/install/makara_bringup:/opt/ros/jazzy DEBUGINFOD_URLS=https://debuginfod.ubuntu.com LD_LIBRARY_PATH=/home/swayanshree/projects/Makara-AUV-ROS2/install/hammerhead_interfaces/lib:/home/swayanshree/projects/Makara-AUV-ROS2/install/makara_interfaces/lib:/opt/ros/jazzy/opt/gz_sim_vendor/lib:/opt/ros/jazzy/opt/gz_sensors_vendor/lib:/opt/ros/jazzy/opt/gz_physics_vendor/lib:/opt/ros/jazzy/opt/sdformat_vendor/lib:/opt/ros/jazzy/opt/rviz_ogre_vendor/lib:/opt/ros/jazzy/lib/x86_64-linux-gnu:/opt/ros/jazzy/opt/gz_gui_vendor/lib:/opt/ros/jazzy/opt/gz_transport_vendor/lib:/opt/ros/jazzy/opt/gz_rendering_vendor/lib:/opt/ros/jazzy/opt/gz_plugin_vendor/lib:/opt/ros/jazzy/opt/gz_fuel_tools_vendor/lib:/opt/ros/jazzy/opt/gz_msgs_vendor/lib:/opt/ros/jazzy/opt/gz_common_vendor/lib:/opt/ros/jazzy/opt/gz_math_vendor/lib:/opt/ros/jazzy/opt/gz_utils_vendor/lib:/opt/ros/jazzy/opt/gz_tools_vendor/lib:/opt/ros/jazzy/opt/gz_ogre_next_vendor/lib:/opt/ros/jazzy/opt/gz_dartsim_vendor/lib:/opt/ros/jazzy/opt/gz_cmake_vendor/lib:/opt/ros/jazzy/lib PYTHONPATH=/home/swayanshree/projects/Makara-AUV-ROS2/install/hammerhead_interfaces/lib/python3.12/site-packages:/home/swayanshree/projects/Makara-AUV-ROS2/install/uuv_simulator/lib/python3.12/site-packages:/home/swayanshree/projects/Makara-AUV-ROS2/install/makara_serial/lib/python3.12/site-packages:/home/swayanshree/projects/Makara-AUV-ROS2/install/hammerhead_serial/lib/python3.12/site-packages:/home/swayanshree/projects/Makara-AUV-ROS2/install/data_sync/lib/python3.12/site-packages:/home/swayanshree/projects/Makara-AUV-ROS2/install/makara_vision/lib/python3.12/site-packages:/home/swayanshree/projects/Makara-AUV-ROS2/install/makara_interfaces/lib/python3.12/site-packages:/home/swayanshree/projects/Makara-AUV-ROS2/install/makara_bringup/lib/python3.12/site-packages:/opt/ros/jazzy/lib/python3.12/site-packages /usr/bin/cmake --install /home/swayanshree/projects/Makara-AUV-ROS2/build/ardupilot_attitude_control
[17.224s] Level 1:colcon.colcon_core.environment:create_environment_scripts_only(ardupilot_attitude_control)
[17.224s] Level 1:colcon.colcon_core.environment:checking '/home/swayanshree/projects/Makara-AUV-ROS2/install/ardupilot_attitude_control' for CMake module files
[17.225s] DEBUG:colcon.colcon_core.event_handler.log_command:Invoked command in '/home/swayanshree/projects/Makara-AUV-ROS2/build/ardupilot_attitude_control' returned '0': CMAKE_PREFIX_PATH=/home/swayanshree/projects/Makara-AUV-ROS2/install/hammerhead_interfaces:/home/swayanshree/projects/Makara-AUV-ROS2/install/makara_control:/home/swayanshree/projects/Makara-AUV-ROS2/install/ardupilot_attitude_control:/home/swayanshree/projects/Makara-AUV-ROS2/install/makara_interfaces:/home/swayanshree/projects/Makara-AUV-ROS2/install/bluerov2_description:/home/swayanshree/projects/Makara-AUV-ROS2/install/auv_description:/home/swayanshree/projects/Makara-AUV-ROS2/install/StateSpace:/opt/ros/jazzy/opt/gz_sim_vendor:/opt/ros/jazzy/opt/gz_sensors_vendor:/opt/ros/jazzy/opt/gz_physics_vendor:/opt/ros/jazzy/opt/sdformat_vendor:/opt/ros/jazzy/opt/gz_gui_vendor:/opt/ros/jazzy/opt/gz_transport_vendor:/opt/ros/jazzy/opt/gz_rendering_vendor:/opt/ros/jazzy/opt/gz_plugin_vendor:/opt/ros/jazzy/opt/gz_fuel_tools_vendor:/opt/ros/jazzy/opt/gz_msgs_vendor:/opt/ros/jazzy/opt/gz_common_vendor:/opt/ros/jazzy/opt/gz_math_vendor:/opt/ros/jazzy/opt/gz_utils_vendor:/opt/ros/jazzy/opt/gz_tools_vendor:/opt/ros/jazzy/opt/gz_ogre_next_vendor:/opt/ros/jazzy/opt/gz_dartsim_vendor:/opt/ros/jazzy/opt/gz_cmake_vendor:/home/swayanshree/projects/Makara-AUV-ROS2/install/uuv_simulator:/home/swayanshree/projects/Makara-AUV-ROS2/install/makara_serial:/home/swayanshree/projects/Makara-AUV-ROS2/install/hammerhead_serial:/home/swayanshree/projects/Makara-AUV-ROS2/install/data_sync:/home/swayanshree/projects/Makara-AUV-ROS2/install/makara_vision:/home/swayanshree/projects/Makara-AUV-ROS2/install/makara_bringup:/opt/ros/jazzy DEBUGINFOD_URLS=https://debuginfod.ubuntu.com LD_LIBRARY_PATH=/home/swayanshree/projects/Makara-AUV-ROS2/install/hammerhead_interfaces/lib:/home/swayanshree/projects/Makara-AUV-ROS2/install/makara_interfaces/lib:/opt/ros/jazzy/opt/gz_sim_vendor/lib:/opt/ros/jazzy/opt/gz_sensors_vendor/lib:/opt/ros/jazzy/opt/gz_physics_vendor/lib:/opt/ros/jazzy/opt/sdformat_vendor/lib:/opt/ros/jazzy/opt/rviz_ogre_vendor/lib:/opt/ros/jazzy/lib/x86_64-linux-gnu:/opt/ros/jazzy/opt/gz_gui_vendor/lib:/opt/ros/jazzy/opt/gz_transport_vendor/lib:/opt/ros/jazzy/opt/gz_rendering_vendor/lib:/opt/ros/jazzy/opt/gz_plugin_vendor/lib:/opt/ros/jazzy/opt/gz_fuel_tools_vendor/lib:/opt/ros/jazzy/opt/gz_msgs_vendor/lib:/opt/ros/jazzy/opt/gz_common_vendor/lib:/opt/ros/jazzy/opt/gz_math_vendor/lib:/opt/ros/jazzy/opt/gz_utils_vendor/lib:/opt/ros/jazzy/opt/gz_tools_vendor/lib:/opt/ros/jazzy/opt/gz_ogre_next_vendor/lib:/opt/ros/jazzy/opt/gz_dartsim_vendor/lib:/opt/ros/jazzy/opt/gz_cmake_vendor/lib:/opt/ros/jazzy/lib PYTHONPATH=/home/swayanshree/projects/Makara-AUV-ROS2/install/hammerhead_interfaces/lib/python3.12/site-packages:/home/swayanshree/projects/Makara-AUV-ROS2/install/uuv_simulator/lib/python3.12/site-packages:/home/swayanshree/projects/Makara-AUV-ROS2/install/makara_serial/lib/python3.12/site-packages:/home/swayanshree/projects/Makara-AUV-ROS2/install/hammerhead_serial/lib/python3.12/site-packages:/home/swayanshree/projects/Makara-AUV-ROS2/install/data_sync/lib/python3.12/site-packages:/home/swayanshree/projects/Makara-AUV-ROS2/install/makara_vision/lib/python3.12/site-packages:/home/swayanshree/projects/Makara-AUV-ROS2/install/makara_interfaces/lib/python3.12/site-packages:/home/swayanshree/projects/Makara-AUV-ROS2/install/makara_bringup/lib/python3.12/site-packages:/opt/ros/jazzy/lib/python3.12/site-packages /usr/bin/cmake --install /home/swayanshree/projects/Makara-AUV-ROS2/build/ardupilot_attitude_control
[17.225s] Level 1:colcon.colcon_core.environment:checking '/home/swayanshree/projects/Makara-AUV-ROS2/install/ardupilot_attitude_control' for CMake config files
[17.225s] Level 1:colcon.colcon_core.shell:create_environment_hook('ardupilot_attitude_control', 'cmake_prefix_path')
[17.225s] INFO:colcon.colcon_core.shell:Creating environment hook '/home/swayanshree/projects/Makara-AUV-ROS2/install/ardupilot_attitude_control/share/ardupilot_attitude_control/hook/cmake_prefix_path.ps1'
[17.225s] INFO:colcon.colcon_core.shell:Creating environment descriptor '/home/swayanshree/projects/Makara-AUV-ROS2/install/ardupilot_attitude_control/share/ardupilot_attitude_control/hook/cmake_prefix_path.dsv'
[17.226s] INFO:colcon.colcon_core.shell:Creating environment hook '/home/swayanshree/projects/Makara-AUV-ROS2/install/ardupilot_attitude_control/share/ardupilot_attitude_control/hook/cmake_prefix_path.sh'
[17.226s] Level 1:colcon.colcon_core.environment:checking '/home/swayanshree/projects/Makara-AUV-ROS2/install/ardupilot_attitude_control/lib'
[17.226s] Level 1:colcon.colcon_core.environment:checking '/home/swayanshree/projects/Makara-AUV-ROS2/install/ardupilot_attitude_control/bin'
[17.226s] Level 1:colcon.colcon_core.environment:checking '/home/swayanshree/projects/Makara-AUV-ROS2/install/ardupilot_attitude_control/lib/pkgconfig/ardupilot_attitude_control.pc'
[17.226s] Level 1:colcon.colcon_core.environment:checking '/home/swayanshree/projects/Makara-AUV-ROS2/install/ardupilot_attitude_control/lib/python3.12/site-packages'
[17.226s] Level 1:colcon.colcon_core.environment:checking '/home/swayanshree/projects/Makara-AUV-ROS2/install/ardupilot_attitude_control/bin'
[17.226s] INFO:colcon.colcon_core.shell:Creating package script '/home/swayanshree/projects/Makara-AUV-ROS2/install/ardupilot_attitude_control/share/ardupilot_attitude_control/package.ps1'
[17.227s] INFO:colcon.colcon_core.shell:Creating package descriptor '/home/swayanshree/projects/Makara-AUV-ROS2/install/ardupilot_attitude_control/share/ardupilot_attitude_control/package.dsv'
[17.227s] INFO:colcon.colcon_core.shell:Creating package script '/home/swayanshree/projects/Makara-AUV-ROS2/install/ardupilot_attitude_control/share/ardupilot_attitude_control/package.sh'
[17.227s] INFO:colcon.colcon_core.shell:Creating package script '/home/swayanshree/projects/Makara-AUV-ROS2/install/ardupilot_attitude_control/share/ardupilot_attitude_control/package.bash'
[17.227s] INFO:colcon.colcon_core.shell:Creating package script '/home/swayanshree/projects/Makara-AUV-ROS2/install/ardupilot_attitude_control/share/ardupilot_attitude_control/package.zsh'
[17.228s] Level 1:colcon.colcon_core.environment:create_file_with_runtime_dependencies(/home/swayanshree/projects/Makara-AUV-ROS2/install/ardupilot_attitude_control/share/colcon-core/packages/ardupilot_attitude_control)
[17.228s] Level 1:colcon.colcon_core.environment:create_environment_scripts_only(ardupilot_attitude_control)
[17.228s] Level 1:colcon.colcon_core.environment:checking '/home/swayanshree/projects/Makara-AUV-ROS2/install/ardupilot_attitude_control' for CMake module files
[17.228s] Level 1:colcon.colcon_core.environment:checking '/home/swayanshree/projects/Makara-AUV-ROS2/install/ardupilot_attitude_control' for CMake config files
[17.228s] Level 1:colcon.colcon_core.shell:create_environment_hook('ardupilot_attitude_control', 'cmake_prefix_path')
[17.228s] INFO:colcon.colcon_core.shell:Creating environment hook '/home/swayanshree/projects/Makara-AUV-ROS2/install/ardupilot_attitude_control/share/ardupilot_attitude_control/hook/cmake_prefix_path.ps1'
[17.229s] INFO:colcon.colcon_core.shell:Creating environment descriptor '/home/swayanshree/projects/Makara-AUV-ROS2/install/ardupilot_attitude_control/share/ardupilot_attitude_control/hook/cmake_prefix_path.dsv'
[17.229s] INFO:colcon.colcon_core.shell:Creating environment hook '/home/swayanshree/projects/Makara-AUV-ROS2/install/ardupilot_attitude_control/share/ardupilot_attitude_control/hook/cmake_prefix_path.sh'
[17.229s] Level 1:colcon.colcon_core.environment:checking '/home/swayanshree/projects/Makara-AUV-ROS2/install/ardupilot_attitude_control/lib'
[17.229s] Level 1:colcon.colcon_core.environment:checking '/home/swayanshree/projects/Makara-AUV-ROS2/install/ardupilot_attitude_control/bin'
[17.229s] Level 1:colcon.colcon_core.environment:checking '/home/swayanshree/projects/Makara-AUV-ROS2/install/ardupilot_attitude_control/lib/pkgconfig/ardupilot_attitude_control.pc'
[17.229s] Level 1:colcon.colcon_core.environment:checking '/home/swayanshree/projects/Makara-AUV-ROS2/install/ardupilot_attitude_control/lib/python3.12/site-packages'
[17.230s] Level 1:colcon.colcon_core.environment:checking '/home/swayanshree/projects/Makara-AUV-ROS2/install/ardupilot_attitude_control/bin'
[17.230s] INFO:colcon.colcon_core.shell:Creating package script '/home/swayanshree/projects/Makara-AUV-ROS2/install/ardupilot_attitude_control/share/ardupilot_attitude_control/package.ps1'
[17.230s] INFO:colcon.colcon_core.shell:Creating package descriptor '/home/swayanshree/projects/Makara-AUV-ROS2/install/ardupilot_attitude_control/share/ardupilot_attitude_control/package.dsv'
[17.230s] INFO:colcon.colcon_core.shell:Creating package script '/home/swayanshree/projects/Makara-AUV-ROS2/install/ardupilot_attitude_control/share/ardupilot_attitude_control/package.sh'
[17.231s] INFO:colcon.colcon_core.shell:Creating package script '/home/swayanshree/projects/Makara-AUV-ROS2/install/ardupilot_attitude_control/share/ardupilot_attitude_control/package.bash'
[17.231s] INFO:colcon.colcon_core.shell:Creating package script '/home/swayanshree/projects/Makara-AUV-ROS2/install/ardupilot_attitude_control/share/ardupilot_attitude_control/package.zsh'
[17.231s] Level 1:colcon.colcon_core.environment:create_file_with_runtime_dependencies(/home/swayanshree/projects/Makara-AUV-ROS2/install/ardupilot_attitude_control/share/colcon-core/packages/ardupilot_attitude_control)
[17.838s] DEBUG:colcon.colcon_core.event_handler.log_command:Invoked command in '/home/swayanshree/projects/Makara-AUV-ROS2/build/makara_control' returned '0': CMAKE_PREFIX_PATH=/home/swayanshree/projects/Makara-AUV-ROS2/install/makara_interfaces:/home/swayanshree/projects/Makara-AUV-ROS2/install/makara_control:/home/swayanshree/projects/Makara-AUV-ROS2/install/ardupilot_attitude_control:/home/swayanshree/projects/Makara-AUV-ROS2/install/hammerhead_interfaces:/home/swayanshree/projects/Makara-AUV-ROS2/install/bluerov2_description:/home/swayanshree/projects/Makara-AUV-ROS2/install/auv_description:/home/swayanshree/projects/Makara-AUV-ROS2/install/StateSpace:/opt/ros/jazzy/opt/gz_sim_vendor:/opt/ros/jazzy/opt/gz_sensors_vendor:/opt/ros/jazzy/opt/gz_physics_vendor:/opt/ros/jazzy/opt/sdformat_vendor:/opt/ros/jazzy/opt/gz_gui_vendor:/opt/ros/jazzy/opt/gz_transport_vendor:/opt/ros/jazzy/opt/gz_rendering_vendor:/opt/ros/jazzy/opt/gz_plugin_vendor:/opt/ros/jazzy/opt/gz_fuel_tools_vendor:/opt/ros/jazzy/opt/gz_msgs_vendor:/opt/ros/jazzy/opt/gz_common_vendor:/opt/ros/jazzy/opt/gz_math_vendor:/opt/ros/jazzy/opt/gz_utils_vendor:/opt/ros/jazzy/opt/gz_tools_vendor:/opt/ros/jazzy/opt/gz_ogre_next_vendor:/opt/ros/jazzy/opt/gz_dartsim_vendor:/opt/ros/jazzy/opt/gz_cmake_vendor:/home/swayanshree/projects/Makara-AUV-ROS2/install/uuv_simulator:/home/swayanshree/projects/Makara-AUV-ROS2/install/makara_serial:/home/swayanshree/projects/Makara-AUV-ROS2/install/hammerhead_serial:/home/swayanshree/projects/Makara-AUV-ROS2/install/data_sync:/home/swayanshree/projects/Makara-AUV-ROS2/install/makara_vision:/home/swayanshree/projects/Makara-AUV-ROS2/install/makara_bringup:/opt/ros/jazzy DEBUGINFOD_URLS=https://debuginfod.ubuntu.com PYTHONPATH=/home/swayanshree/projects/Makara-AUV-ROS2/install/makara_interfaces/lib/python3.12/site-packages:/home/swayanshree/projects/Makara-AUV-ROS2/install/uuv_simulator/lib/python3.12/site-packages:/home/swayanshree/projects/Makara-AUV-ROS2/install/makara_serial/lib/python3.12/site-packages:/home/swayanshree/projects/Makara-AUV-ROS2/install/hammerhead_serial/lib/python3.12/site-packages:/home/swayanshree/projects/Makara-AUV-ROS2/install/data_sync/lib/python3.12/site-packages:/home/swayanshree/projects/Makara-AUV-ROS2/install/makara_vision/lib/python3.12/site-packages:/home/swayanshree/projects/Makara-AUV-ROS2/install/makara_bringup/lib/python3.12/site-packages:/home/swayanshree/projects/Makara-AUV-ROS2/install/hammerhead_interfaces/lib/python3.12/site-packages:/opt/ros/jazzy/lib/python3.12/site-packages /usr/bin/cmake --build /home/swayanshree/projects/Makara-AUV-ROS2/build/makara_control -- -j16 -l16
[17.838s] DEBUG:colcon.colcon_core.event_handler.log_command:Invoking command in '/home/swayanshree/projects/Makara-AUV-ROS2/build/makara_control': CMAKE_PREFIX_PATH=/home/swayanshree/projects/Makara-AUV-ROS2/install/makara_interfaces:/home/swayanshree/projects/Makara-AUV-ROS2/install/makara_control:/home/swayanshree/projects/Makara-AUV-ROS2/install/ardupilot_attitude_control:/home/swayanshree/projects/Makara-AUV-ROS2/install/hammerhead_interfaces:/home/swayanshree/projects/Makara-AUV-ROS2/install/bluerov2_description:/home/swayanshree/projects/Makara-AUV-ROS2/install/auv_description:/home/swayanshree/projects/Makara-AUV-ROS2/install/StateSpace:/opt/ros/jazzy/opt/gz_sim_vendor:/opt/ros/jazzy/opt/gz_sensors_vendor:/opt/ros/jazzy/opt/gz_physics_vendor:/opt/ros/jazzy/opt/sdformat_vendor:/opt/ros/jazzy/opt/gz_gui_vendor:/opt/ros/jazzy/opt/gz_transport_vendor:/opt/ros/jazzy/opt/gz_rendering_vendor:/opt/ros/jazzy/opt/gz_plugin_vendor:/opt/ros/jazzy/opt/gz_fuel_tools_vendor:/opt/ros/jazzy/opt/gz_msgs_vendor:/opt/ros/jazzy/opt/gz_common_vendor:/opt/ros/jazzy/opt/gz_math_vendor:/opt/ros/jazzy/opt/gz_utils_vendor:/opt/ros/jazzy/opt/gz_tools_vendor:/opt/ros/jazzy/opt/gz_ogre_next_vendor:/opt/ros/jazzy/opt/gz_dartsim_vendor:/opt/ros/jazzy/opt/gz_cmake_vendor:/home/swayanshree/projects/Makara-AUV-ROS2/install/uuv_simulator:/home/swayanshree/projects/Makara-AUV-ROS2/install/makara_serial:/home/swayanshree/projects/Makara-AUV-ROS2/install/hammerhead_serial:/home/swayanshree/projects/Makara-AUV-ROS2/install/data_sync:/home/swayanshree/projects/Makara-AUV-ROS2/install/makara_vision:/home/swayanshree/projects/Makara-AUV-ROS2/install/makara_bringup:/opt/ros/jazzy DEBUGINFOD_URLS=https://debuginfod.ubuntu.com PYTHONPATH=/home/swayanshree/projects/Makara-AUV-ROS2/install/makara_interfaces/lib/python3.12/site-packages:/home/swayanshree/projects/Makara-AUV-ROS2/install/uuv_simulator/lib/python3.12/site-packages:/home/swayanshree/projects/Makara-AUV-ROS2/install/makara_serial/lib/python3.12/site-packages:/home/swayanshree/projects/Makara-AUV-ROS2/install/hammerhead_serial/lib/python3.12/site-packages:/home/swayanshree/projects/Makara-AUV-ROS2/install/data_sync/lib/python3.12/site-packages:/home/swayanshree/projects/Makara-AUV-ROS2/install/makara_vision/lib/python3.12/site-packages:/home/swayanshree/projects/Makara-AUV-ROS2/install/makara_bringup/lib/python3.12/site-packages:/home/swayanshree/projects/Makara-AUV-ROS2/install/hammerhead_interfaces/lib/python3.12/site-packages:/opt/ros/jazzy/lib/python3.12/site-packages /usr/bin/cmake --install /home/swayanshree/projects/Makara-AUV-ROS2/build/makara_control
[17.852s] Level 1:colcon.colcon_core.environment:create_environment_scripts_only(makara_control)
[17.853s] Level 1:colcon.colcon_core.environment:checking '/home/swayanshree/projects/Makara-AUV-ROS2/install/makara_control' for CMake module files
[17.853s] DEBUG:colcon.colcon_core.event_handler.log_command:Invoked command in '/home/swayanshree/projects/Makara-AUV-ROS2/build/makara_control' returned '0': CMAKE_PREFIX_PATH=/home/swayanshree/projects/Makara-AUV-ROS2/install/makara_interfaces:/home/swayanshree/projects/Makara-AUV-ROS2/install/makara_control:/home/swayanshree/projects/Makara-AUV-ROS2/install/ardupilot_attitude_control:/home/swayanshree/projects/Makara-AUV-ROS2/install/hammerhead_interfaces:/home/swayanshree/projects/Makara-AUV-ROS2/install/bluerov2_description:/home/swayanshree/projects/Makara-AUV-ROS2/install/auv_description:/home/swayanshree/projects/Makara-AUV-ROS2/install/StateSpace:/opt/ros/jazzy/opt/gz_sim_vendor:/opt/ros/jazzy/opt/gz_sensors_vendor:/opt/ros/jazzy/opt/gz_physics_vendor:/opt/ros/jazzy/opt/sdformat_vendor:/opt/ros/jazzy/opt/gz_gui_vendor:/opt/ros/jazzy/opt/gz_transport_vendor:/opt/ros/jazzy/opt/gz_rendering_vendor:/opt/ros/jazzy/opt/gz_plugin_vendor:/opt/ros/jazzy/opt/gz_fuel_tools_vendor:/opt/ros/jazzy/opt/gz_msgs_vendor:/opt/ros/jazzy/opt/gz_common_vendor:/opt/ros/jazzy/opt/gz_math_vendor:/opt/ros/jazzy/opt/gz_utils_vendor:/opt/ros/jazzy/opt/gz_tools_vendor:/opt/ros/jazzy/opt/gz_ogre_next_vendor:/opt/ros/jazzy/opt/gz_dartsim_vendor:/opt/ros/jazzy/opt/gz_cmake_vendor:/home/swayanshree/projects/Makara-AUV-ROS2/install/uuv_simulator:/home/swayanshree/projects/Makara-AUV-ROS2/install/makara_serial:/home/swayanshree/projects/Makara-AUV-ROS2/install/hammerhead_serial:/home/swayanshree/projects/Makara-AUV-ROS2/install/data_sync:/home/swayanshree/projects/Makara-AUV-ROS2/install/makara_vision:/home/swayanshree/projects/Makara-AUV-ROS2/install/makara_bringup:/opt/ros/jazzy DEBUGINFOD_URLS=https://debuginfod.ubuntu.com PYTHONPATH=/home/swayanshree/projects/Makara-AUV-ROS2/install/makara_interfaces/lib/python3.12/site-packages:/home/swayanshree/projects/Makara-AUV-ROS2/install/uuv_simulator/lib/python3.12/site-packages:/home/swayanshree/projects/Makara-AUV-ROS2/install/makara_serial/lib/python3.12/site-packages:/home/swayanshree/projects/Makara-AUV-ROS2/install/hammerhead_serial/lib/python3.12/site-packages:/home/swayanshree/projects/Makara-AUV-ROS2/install/data_sync/lib/python3.12/site-packages:/home/swayanshree/projects/Makara-AUV-ROS2/install/makara_vision/lib/python3.12/site-packages:/home/swayanshree/projects/Makara-AUV-ROS2/install/makara_bringup/lib/python3.12/site-packages:/home/swayanshree/projects/Makara-AUV-ROS2/install/hammerhead_interfaces/lib/python3.12/site-packages:/opt/ros/jazzy/lib/python3.12/site-packages /usr/bin/cmake --install /home/swayanshree/projects/Makara-AUV-ROS2/build/makara_control
[17.853s] Level 1:colcon.colcon_core.environment:checking '/home/swayanshree/projects/Makara-AUV-ROS2/install/makara_control' for CMake config files
[17.854s] Level 1:colcon.colcon_core.shell:create_environment_hook('makara_control', 'cmake_prefix_path')
[17.854s] INFO:colcon.colcon_core.shell:Creating environment hook '/home/swayanshree/projects/Makara-AUV-ROS2/install/makara_control/share/makara_control/hook/cmake_prefix_path.ps1'
[17.854s] INFO:colcon.colcon_core.shell:Creating environment descriptor '/home/swayanshree/projects/Makara-AUV-ROS2/install/makara_control/share/makara_control/hook/cmake_prefix_path.dsv'
[17.854s] INFO:colcon.colcon_core.shell:Creating environment hook '/home/swayanshree/projects/Makara-AUV-ROS2/install/makara_control/share/makara_control/hook/cmake_prefix_path.sh'
[17.855s] Level 1:colcon.colcon_core.environment:checking '/home/swayanshree/projects/Makara-AUV-ROS2/install/makara_control/lib'
[17.855s] Level 1:colcon.colcon_core.environment:checking '/home/swayanshree/projects/Makara-AUV-ROS2/install/makara_control/bin'
[17.855s] Level 1:colcon.colcon_core.environment:checking '/home/swayanshree/projects/Makara-AUV-ROS2/install/makara_control/lib/pkgconfig/makara_control.pc'
[17.855s] Level 1:colcon.colcon_core.environment:checking '/home/swayanshree/projects/Makara-AUV-ROS2/install/makara_control/lib/python3.12/site-packages'
[17.856s] Level 1:colcon.colcon_core.environment:checking '/home/swayanshree/projects/Makara-AUV-ROS2/install/makara_control/bin'
[17.856s] INFO:colcon.colcon_core.shell:Creating package script '/home/swayanshree/projects/Makara-AUV-ROS2/install/makara_control/share/makara_control/package.ps1'
[17.856s] INFO:colcon.colcon_core.shell:Creating package descriptor '/home/swayanshree/projects/Makara-AUV-ROS2/install/makara_control/share/makara_control/package.dsv'
[17.857s] INFO:colcon.colcon_core.shell:Creating package script '/home/swayanshree/projects/Makara-AUV-ROS2/install/makara_control/share/makara_control/package.sh'
[17.857s] INFO:colcon.colcon_core.shell:Creating package script '/home/swayanshree/projects/Makara-AUV-ROS2/install/makara_control/share/makara_control/package.bash'
[17.857s] INFO:colcon.colcon_core.shell:Creating package script '/home/swayanshree/projects/Makara-AUV-ROS2/install/makara_control/share/makara_control/package.zsh'
[17.857s] Level 1:colcon.colcon_core.environment:create_file_with_runtime_dependencies(/home/swayanshree/projects/Makara-AUV-ROS2/install/makara_control/share/colcon-core/packages/makara_control)
[17.858s] Level 1:colcon.colcon_core.environment:create_environment_scripts_only(makara_control)
[17.858s] Level 1:colcon.colcon_core.environment:checking '/home/swayanshree/projects/Makara-AUV-ROS2/install/makara_control' for CMake module files
[17.858s] Level 1:colcon.colcon_core.environment:checking '/home/swayanshree/projects/Makara-AUV-ROS2/install/makara_control' for CMake config files
[17.859s] Level 1:colcon.colcon_core.shell:create_environment_hook('makara_control', 'cmake_prefix_path')
[17.859s] INFO:colcon.colcon_core.shell:Creating environment hook '/home/swayanshree/projects/Makara-AUV-ROS2/install/makara_control/share/makara_control/hook/cmake_prefix_path.ps1'
[17.859s] INFO:colcon.colcon_core.shell:Creating environment descriptor '/home/swayanshree/projects/Makara-AUV-ROS2/install/makara_control/share/makara_control/hook/cmake_prefix_path.dsv'
[17.859s] INFO:colcon.colcon_core.shell:Creating environment hook '/home/swayanshree/projects/Makara-AUV-ROS2/install/makara_control/share/makara_control/hook/cmake_prefix_path.sh'
[17.860s] Level 1:colcon.colcon_core.environment:checking '/home/swayanshree/projects/Makara-AUV-ROS2/install/makara_control/lib'
[17.860s] Level 1:colcon.colcon_core.environment:checking '/home/swayanshree/projects/Makara-AUV-ROS2/install/makara_control/bin'
[17.860s] Level 1:colcon.colcon_core.environment:checking '/home/swayanshree/projects/Makara-AUV-ROS2/install/makara_control/lib/pkgconfig/makara_control.pc'
[17.860s] Level 1:colcon.colcon_core.environment:checking '/home/swayanshree/projects/Makara-AUV-ROS2/install/makara_control/lib/python3.12/site-packages'
[17.861s] Level 1:colcon.colcon_core.environment:checking '/home/swayanshree/projects/Makara-AUV-ROS2/install/makara_control/bin'
[17.861s] INFO:colcon.colcon_core.shell:Creating package script '/home/swayanshree/projects/Makara-AUV-ROS2/install/makara_control/share/makara_control/package.ps1'
[17.861s] INFO:colcon.colcon_core.shell:Creating package descriptor '/home/swayanshree/projects/Makara-AUV-ROS2/install/makara_control/share/makara_control/package.dsv'
[17.862s] INFO:colcon.colcon_core.shell:Creating package script '/home/swayanshree/projects/Makara-AUV-ROS2/install/makara_control/share/makara_control/package.sh'
[17.862s] INFO:colcon.colcon_core.shell:Creating package script '/home/swayanshree/projects/Makara-AUV-ROS2/install/makara_control/share/makara_control/package.bash'
[17.862s] INFO:colcon.colcon_core.shell:Creating package script '/home/swayanshree/projects/Makara-AUV-ROS2/install/makara_control/share/makara_control/package.zsh'
[17.863s] Level 1:colcon.colcon_core.environment:create_file_with_runtime_dependencies(/home/swayanshree/projects/Makara-AUV-ROS2/install/makara_control/share/colcon-core/packages/makara_control)
[17.863s] DEBUG:colcon.colcon_parallel_executor.executor.parallel:closing loop
[17.863s] DEBUG:colcon.colcon_parallel_executor.executor.parallel:loop closed
[17.863s] DEBUG:colcon.colcon_parallel_executor.executor.parallel:run_until_complete finished with '0'
[17.863s] DEBUG:colcon.colcon_core.event_reactor:joining thread
[17.867s] INFO:colcon.colcon_core.plugin_system:Skipping extension 'colcon_notification.desktop_notification.terminal_notifier': Not used on non-Darwin systems
[17.867s] INFO:colcon.colcon_core.plugin_system:Skipping extension 'colcon_notification.desktop_notification.win32': Not used on non-Windows systems
[17.867s] INFO:colcon.colcon_notification.desktop_notification:Sending desktop notification using 'notify2'
[17.876s] DEBUG:colcon.colcon_core.event_reactor:joined thread
[17.876s] INFO:colcon.colcon_core.shell:Creating prefix script '/home/swayanshree/projects/Makara-AUV-ROS2/install/local_setup.ps1'
[17.876s] INFO:colcon.colcon_core.shell:Creating prefix util module '/home/swayanshree/projects/Makara-AUV-ROS2/install/_local_setup_util_ps1.py'
[17.877s] INFO:colcon.colcon_core.shell:Creating prefix chain script '/home/swayanshree/projects/Makara-AUV-ROS2/install/setup.ps1'
[17.878s] INFO:colcon.colcon_core.shell:Creating prefix script '/home/swayanshree/projects/Makara-AUV-ROS2/install/local_setup.sh'
[17.878s] INFO:colcon.colcon_core.shell:Creating prefix util module '/home/swayanshree/projects/Makara-AUV-ROS2/install/_local_setup_util_sh.py'
[17.878s] INFO:colcon.colcon_core.shell:Creating prefix chain script '/home/swayanshree/projects/Makara-AUV-ROS2/install/setup.sh'
[17.879s] INFO:colcon.colcon_core.shell:Creating prefix script '/home/swayanshree/projects/Makara-AUV-ROS2/install/local_setup.bash'
[17.879s] INFO:colcon.colcon_core.shell:Creating prefix chain script '/home/swayanshree/projects/Makara-AUV-ROS2/install/setup.bash'
[17.880s] INFO:colcon.colcon_core.shell:Creating prefix script '/home/swayanshree/projects/Makara-AUV-ROS2/install/local_setup.zsh'
[17.880s] INFO:colcon.colcon_core.shell:Creating prefix chain script '/home/swayanshree/projects/Makara-AUV-ROS2/install/setup.zsh'
