[0.057s] DEBUG:colcon:Command line arguments: ['/usr/bin/colcon', 'build']
[0.057s] DEBUG:colcon:Parsed command line arguments: Namespace(log_base=None, log_level=None, verb_name='build', build_base='build', install_base='install', merge_install=False, symlink_install=False, test_result_base=None, continue_on_error=False, executor='parallel', parallel_workers=16, event_handlers=None, ignore_user_meta=False, metas=['./colcon.meta'], base_paths=['.'], packages_ignore=None, packages_ignore_regex=None, paths=None, packages_up_to=None, packages_up_to_regex=None, packages_above=None, packages_above_and_dependencies=None, packages_above_depth=None, packages_select_by_dep=None, packages_skip_by_dep=None, packages_skip_up_to=None, packages_select_build_failed=False, packages_skip_build_finished=False, packages_select_test_failures=False, packages_skip_test_passed=False, packages_select=None, packages_skip=None, packages_select_regex=None, packages_skip_regex=None, packages_start=None, packages_end=None, allow_overriding=[], cmake_args=None, cmake_target=None, cmake_target_skip_unavailable=False, cmake_clean_cache=False, cmake_clean_first=False, cmake_force_configure=False, ament_cmake_args=None, catkin_cmake_args=None, catkin_skip_building_tests=False, mixin_files=None, mixin=None, verb_parser=<colcon_mixin.mixin.mixin_argument.MixinArgumentDecorator object at 0x72ae4c78ecf0>, verb_extension=<colcon_core.verb.build.BuildVerb object at 0x72ae4c73cb30>, main=<bound method BuildVerb.main of <colcon_core.verb.build.BuildVerb object at 0x72ae4c73cb30>>, mixin_verb=('build',))
[0.078s] Level 1:colcon.colcon_core.package_discovery:discover_packages(colcon_meta) check parameters
[0.078s] Level 1:colcon.colcon_core.package_discovery:discover_packages(recursive) check parameters
[0.078s] Level 1:colcon.colcon_core.package_discovery:discover_packages(ignore) check parameters
[0.078s] Level 1:colcon.colcon_core.package_discovery:discover_packages(path) check parameters
[0.078s] Level 1:colcon.colcon_core.package_discovery:discover_packages(colcon_meta) discover
[0.078s] Level 1:colcon.colcon_core.package_discovery:discover_packages(recursive) discover
[0.078s] INFO:colcon.colcon_core.package_discovery:Crawling recursively for packages in '/home/swayanshree/projects/Makara-AUV-ROS2'
[0.078s] Level 1:colcon.colcon_core.package_identification:_identify(.) by extensions ['ignore', 'ignore_ament_install']
[0.078s] Level 1:colcon.colcon_core.package_identification:_identify(.) by extension 'ignore'
[0.078s] Level 1:colcon.colcon_core.package_identification:_identify(.) by extension 'ignore_ament_install'
[0.079s] Level 1:colcon.colcon_core.package_identification:_identify(.) by extensions ['colcon_pkg']
[0.079s] Level 1:colcon.colcon_core.package_identification:_identify(.) by extension 'colcon_pkg'
[0.079s] Level 1:colcon.colcon_core.package_identification:_identify(.) by extensions ['colcon_meta']
[0.079s] Level 1:colcon.colcon_core.package_identification:_identify(.) by extension 'colcon_meta'
[0.079s] Level 1:colcon.colcon_core.package_identification:_identify(.) by extensions ['ros']
[0.079s] Level 1:colcon.colcon_core.package_identification:_identify(.) by extension 'ros'
[0.094s] Level 1:colcon.colcon_core.package_identification:_identify(.) by extensions ['cmake', 'python']
[0.094s] Level 1:colcon.colcon_core.package_identification:_identify(.) by extension 'cmake'
[0.094s] Level 1:colcon.colcon_core.package_identification:_identify(.) by extension 'python'
[0.094s] Level 1:colcon.colcon_core.package_identification:_identify(.) by extensions ['python_setup_py']
[0.094s] Level 1:colcon.colcon_core.package_identification:_identify(.) by extension 'python_setup_py'
[0.094s] Level 1:colcon.colcon_core.package_identification:_identify(build) by extensions ['ignore', 'ignore_ament_install']
[0.094s] Level 1:colcon.colcon_core.package_identification:_identify(build) by extension 'ignore'
[0.094s] Level 1:colcon.colcon_core.package_identification:_identify(build) ignored
[0.094s] Level 1:colcon.colcon_core.package_identification:_identify(install) by extensions ['ignore', 'ignore_ament_install']
[0.094s] Level 1:colcon.colcon_core.package_identification:_identify(install) by extension 'ignore'
[0.094s] Level 1:colcon.colcon_core.package_identification:_identify(install) ignored
[0.094s] Level 1:colcon.colcon_core.package_identification:_identify(log) by extensions ['ignore', 'ignore_ament_install']
[0.094s] Level 1:colcon.colcon_core.package_identification:_identify(log) by extension 'ignore'
[0.094s] Level 1:colcon.colcon_core.package_identification:_identify(log) ignored
[0.094s] Level 1:colcon.colcon_core.package_identification:_identify(src) by extensions ['ignore', 'ignore_ament_install']
[0.094s] Level 1:colcon.colcon_core.package_identification:_identify(src) by extension 'ignore'
[0.094s] Level 1:colcon.colcon_core.package_identification:_identify(src) by extension 'ignore_ament_install'
[0.094s] Level 1:colcon.colcon_core.package_identification:_identify(src) by extensions ['colcon_pkg']
[0.094s] Level 1:colcon.colcon_core.package_identification:_identify(src) by extension 'colcon_pkg'
[0.094s] Level 1:colcon.colcon_core.package_identification:_identify(src) by extensions ['colcon_meta']
[0.094s] Level 1:colcon.colcon_core.package_identification:_identify(src) by extension 'colcon_meta'
[0.094s] Level 1:colcon.colcon_core.package_identification:_identify(src) by extensions ['ros']
[0.094s] Level 1:colcon.colcon_core.package_identification:_identify(src) by extension 'ros'
[0.094s] Level 1:colcon.colcon_core.package_identification:_identify(src) by extensions ['cmake', 'python']
[0.094s] Level 1:colcon.colcon_core.package_identification:_identify(src) by extension 'cmake'
[0.094s] Level 1:colcon.colcon_core.package_identification:_identify(src) by extension 'python'
[0.094s] Level 1:colcon.colcon_core.package_identification:_identify(src) by extensions ['python_setup_py']
[0.094s] Level 1:colcon.colcon_core.package_identification:_identify(src) by extension 'python_setup_py'
[0.095s] Level 1:colcon.colcon_core.package_identification:_identify(src/ROBOTICS) by extensions ['ignore', 'ignore_ament_install']
[0.095s] Level 1:colcon.colcon_core.package_identification:_identify(src/ROBOTICS) by extension 'ignore'
[0.095s] Level 1:colcon.colcon_core.package_identification:_identify(src/ROBOTICS) by extension 'ignore_ament_install'
[0.095s] Level 1:colcon.colcon_core.package_identification:_identify(src/ROBOTICS) by extensions ['colcon_pkg']
[0.095s] Level 1:colcon.colcon_core.package_identification:_identify(src/ROBOTICS) by extension 'colcon_pkg'
[0.095s] Level 1:colcon.colcon_core.package_identification:_identify(src/ROBOTICS) by extensions ['colcon_meta']
[0.095s] Level 1:colcon.colcon_core.package_identification:_identify(src/ROBOTICS) by extension 'colcon_meta'
[0.095s] Level 1:colcon.colcon_core.package_identification:_identify(src/ROBOTICS) by extensions ['ros']
[0.095s] Level 1:colcon.colcon_core.package_identification:_identify(src/ROBOTICS) by extension 'ros'
[0.095s] Level 1:colcon.colcon_core.package_identification:_identify(src/ROBOTICS) by extensions ['cmake', 'python']
[0.095s] Level 1:colcon.colcon_core.package_identification:_identify(src/ROBOTICS) by extension 'cmake'
[0.095s] Level 1:colcon.colcon_core.package_identification:_identify(src/ROBOTICS) by extension 'python'
[0.095s] Level 1:colcon.colcon_core.package_identification:_identify(src/ROBOTICS) by extensions ['python_setup_py']
[0.095s] Level 1:colcon.colcon_core.package_identification:_identify(src/ROBOTICS) by extension 'python_setup_py'
[0.095s] Level 1:colcon.colcon_core.package_identification:_identify(src/StateSpace) by extensions ['ignore', 'ignore_ament_install']
[0.095s] Level 1:colcon.colcon_core.package_identification:_identify(src/StateSpace) by extension 'ignore'
[0.095s] Level 1:colcon.colcon_core.package_identification:_identify(src/StateSpace) by extension 'ignore_ament_install'
[0.095s] Level 1:colcon.colcon_core.package_identification:_identify(src/StateSpace) by extensions ['colcon_pkg']
[0.095s] Level 1:colcon.colcon_core.package_identification:_identify(src/StateSpace) by extension 'colcon_pkg'
[0.095s] Level 1:colcon.colcon_core.package_identification:_identify(src/StateSpace) by extensions ['colcon_meta']
[0.095s] Level 1:colcon.colcon_core.package_identification:_identify(src/StateSpace) by extension 'colcon_meta'
[0.095s] Level 1:colcon.colcon_core.package_identification:_identify(src/StateSpace) by extensions ['ros']
[0.095s] Level 1:colcon.colcon_core.package_identification:_identify(src/StateSpace) by extension 'ros'
[0.096s] DEBUG:colcon.colcon_core.package_identification:Package 'src/StateSpace' with type 'ros.ament_cmake' and name 'StateSpace'
[0.097s] Level 1:colcon.colcon_core.package_identification:_identify(src/ardupilot_attitude_control) by extensions ['ignore', 'ignore_ament_install']
[0.097s] Level 1:colcon.colcon_core.package_identification:_identify(src/ardupilot_attitude_control) by extension 'ignore'
[0.097s] Level 1:colcon.colcon_core.package_identification:_identify(src/ardupilot_attitude_control) by extension 'ignore_ament_install'
[0.097s] Level 1:colcon.colcon_core.package_identification:_identify(src/ardupilot_attitude_control) by extensions ['colcon_pkg']
[0.097s] Level 1:colcon.colcon_core.package_identification:_identify(src/ardupilot_attitude_control) by extension 'colcon_pkg'
[0.097s] Level 1:colcon.colcon_core.package_identification:_identify(src/ardupilot_attitude_control) by extensions ['colcon_meta']
[0.097s] Level 1:colcon.colcon_core.package_identification:_identify(src/ardupilot_attitude_control) by extension 'colcon_meta'
[0.097s] Level 1:colcon.colcon_core.package_identification:_identify(src/ardupilot_attitude_control) by extensions ['ros']
[0.097s] Level 1:colcon.colcon_core.package_identification:_identify(src/ardupilot_attitude_control) by extension 'ros'
[0.097s] DEBUG:colcon.colcon_core.package_identification:Package 'src/ardupilot_attitude_control' with type 'ros.ament_cmake' and name 'ardupilot_attitude_control'
[0.097s] Level 1:colcon.colcon_core.package_identification:_identify(src/auv_description) by extensions ['ignore', 'ignore_ament_install']
[0.097s] Level 1:colcon.colcon_core.package_identification:_identify(src/auv_description) by extension 'ignore'
[0.097s] Level 1:colcon.colcon_core.package_identification:_identify(src/auv_description) by extension 'ignore_ament_install'
[0.097s] Level 1:colcon.colcon_core.package_identification:_identify(src/auv_description) by extensions ['colcon_pkg']
[0.097s] Level 1:colcon.colcon_core.package_identification:_identify(src/auv_description) by extension 'colcon_pkg'
[0.097s] Level 1:colcon.colcon_core.package_identification:_identify(src/auv_description) by extensions ['colcon_meta']
[0.097s] Level 1:colcon.colcon_core.package_identification:_identify(src/auv_description) by extension 'colcon_meta'
[0.097s] Level 1:colcon.colcon_core.package_identification:_identify(src/auv_description) by extensions ['ros']
[0.097s] Level 1:colcon.colcon_core.package_identification:_identify(src/auv_description) by extension 'ros'
[0.098s] DEBUG:colcon.colcon_core.package_identification:Package 'src/auv_description' with type 'ros.ament_cmake' and name 'auv_description'
[0.098s] Level 1:colcon.colcon_core.package_identification:_identify(src/bluerov2_description) by extensions ['ignore', 'ignore_ament_install']
[0.098s] Level 1:colcon.colcon_core.package_identification:_identify(src/bluerov2_description) by extension 'ignore'
[0.098s] Level 1:colcon.colcon_core.package_identification:_identify(src/bluerov2_description) by extension 'ignore_ament_install'
[0.098s] Level 1:colcon.colcon_core.package_identification:_identify(src/bluerov2_description) by extensions ['colcon_pkg']
[0.098s] Level 1:colcon.colcon_core.package_identification:_identify(src/bluerov2_description) by extension 'colcon_pkg'
[0.098s] Level 1:colcon.colcon_core.package_identification:_identify(src/bluerov2_description) by extensions ['colcon_meta']
[0.098s] Level 1:colcon.colcon_core.package_identification:_identify(src/bluerov2_description) by extension 'colcon_meta'
[0.098s] Level 1:colcon.colcon_core.package_identification:_identify(src/bluerov2_description) by extensions ['ros']
[0.098s] Level 1:colcon.colcon_core.package_identification:_identify(src/bluerov2_description) by extension 'ros'
[0.098s] DEBUG:colcon.colcon_core.package_identification:Package 'src/bluerov2_description' with type 'ros.ament_cmake' and name 'bluerov2_description'
[0.098s] Level 1:colcon.colcon_core.package_identification:_identify(src/build) by extensions ['ignore', 'ignore_ament_install']
[0.098s] Level 1:colcon.colcon_core.package_identification:_identify(src/build) by extension 'ignore'
[0.098s] Level 1:colcon.colcon_core.package_identification:_identify(src/build) ignored
[0.098s] Level 1:colcon.colcon_core.package_identification:_identify(src/data_sync) by extensions ['ignore', 'ignore_ament_install']
[0.098s] Level 1:colcon.colcon_core.package_identification:_identify(src/data_sync) by extension 'ignore'
[0.098s] Level 1:colcon.colcon_core.package_identification:_identify(src/data_sync) by extension 'ignore_ament_install'
[0.098s] Level 1:colcon.colcon_core.package_identification:_identify(src/data_sync) by extensions ['colcon_pkg']
[0.098s] Level 1:colcon.colcon_core.package_identification:_identify(src/data_sync) by extension 'colcon_pkg'
[0.098s] Level 1:colcon.colcon_core.package_identification:_identify(src/data_sync) by extensions ['colcon_meta']
[0.098s] Level 1:colcon.colcon_core.package_identification:_identify(src/data_sync) by extension 'colcon_meta'
[0.098s] Level 1:colcon.colcon_core.package_identification:_identify(src/data_sync) by extensions ['ros']
[0.098s] Level 1:colcon.colcon_core.package_identification:_identify(src/data_sync) by extension 'ros'
[0.099s] DEBUG:colcon.colcon_core.package_identification:Package 'src/data_sync' with type 'ros.ament_python' and name 'data_sync'
[0.099s] Level 1:colcon.colcon_core.package_identification:_identify(src/hammerhead_interfaces) by extensions ['ignore', 'ignore_ament_install']
[0.099s] Level 1:colcon.colcon_core.package_identification:_identify(src/hammerhead_interfaces) by extension 'ignore'
[0.099s] Level 1:colcon.colcon_core.package_identification:_identify(src/hammerhead_interfaces) by extension 'ignore_ament_install'
[0.099s] Level 1:colcon.colcon_core.package_identification:_identify(src/hammerhead_interfaces) by extensions ['colcon_pkg']
[0.099s] Level 1:colcon.colcon_core.package_identification:_identify(src/hammerhead_interfaces) by extension 'colcon_pkg'
[0.099s] Level 1:colcon.colcon_core.package_identification:_identify(src/hammerhead_interfaces) by extensions ['colcon_meta']
[0.099s] Level 1:colcon.colcon_core.package_identification:_identify(src/hammerhead_interfaces) by extension 'colcon_meta'
[0.099s] Level 1:colcon.colcon_core.package_identification:_identify(src/hammerhead_interfaces) by extensions ['ros']
[0.099s] Level 1:colcon.colcon_core.package_identification:_identify(src/hammerhead_interfaces) by extension 'ros'
[0.099s] DEBUG:colcon.colcon_core.package_identification:Package 'src/hammerhead_interfaces' with type 'ros.ament_cmake' and name 'hammerhead_interfaces'
[0.099s] Level 1:colcon.colcon_core.package_identification:_identify(src/hammerhead_serial) by extensions ['ignore', 'ignore_ament_install']
[0.099s] Level 1:colcon.colcon_core.package_identification:_identify(src/hammerhead_serial) by extension 'ignore'
[0.099s] Level 1:colcon.colcon_core.package_identification:_identify(src/hammerhead_serial) by extension 'ignore_ament_install'
[0.100s] Level 1:colcon.colcon_core.package_identification:_identify(src/hammerhead_serial) by extensions ['colcon_pkg']
[0.100s] Level 1:colcon.colcon_core.package_identification:_identify(src/hammerhead_serial) by extension 'colcon_pkg'
[0.100s] Level 1:colcon.colcon_core.package_identification:_identify(src/hammerhead_serial) by extensions ['colcon_meta']
[0.100s] Level 1:colcon.colcon_core.package_identification:_identify(src/hammerhead_serial) by extension 'colcon_meta'
[0.100s] Level 1:colcon.colcon_core.package_identification:_identify(src/hammerhead_serial) by extensions ['ros']
[0.100s] Level 1:colcon.colcon_core.package_identification:_identify(src/hammerhead_serial) by extension 'ros'
[0.100s] DEBUG:colcon.colcon_core.package_identification:Package 'src/hammerhead_serial' with type 'ros.ament_python' and name 'hammerhead_serial'
[0.100s] Level 1:colcon.colcon_core.package_identification:_identify(src/install) by extensions ['ignore', 'ignore_ament_install']
[0.100s] Level 1:colcon.colcon_core.package_identification:_identify(src/install) by extension 'ignore'
[0.100s] Level 1:colcon.colcon_core.package_identification:_identify(src/install) ignored
[0.100s] Level 1:colcon.colcon_core.package_identification:_identify(src/log) by extensions ['ignore', 'ignore_ament_install']
[0.100s] Level 1:colcon.colcon_core.package_identification:_identify(src/log) by extension 'ignore'
[0.100s] Level 1:colcon.colcon_core.package_identification:_identify(src/log) ignored
[0.100s] Level 1:colcon.colcon_core.package_identification:_identify(src/makara_bringup) by extensions ['ignore', 'ignore_ament_install']
[0.100s] Level 1:colcon.colcon_core.package_identification:_identify(src/makara_bringup) by extension 'ignore'
[0.100s] Level 1:colcon.colcon_core.package_identification:_identify(src/makara_bringup) by extension 'ignore_ament_install'
[0.100s] Level 1:colcon.colcon_core.package_identification:_identify(src/makara_bringup) by extensions ['colcon_pkg']
[0.100s] Level 1:colcon.colcon_core.package_identification:_identify(src/makara_bringup) by extension 'colcon_pkg'
[0.100s] Level 1:colcon.colcon_core.package_identification:_identify(src/makara_bringup) by extensions ['colcon_meta']
[0.100s] Level 1:colcon.colcon_core.package_identification:_identify(src/makara_bringup) by extension 'colcon_meta'
[0.100s] Level 1:colcon.colcon_core.package_identification:_identify(src/makara_bringup) by extensions ['ros']
[0.100s] Level 1:colcon.colcon_core.package_identification:_identify(src/makara_bringup) by extension 'ros'
[0.101s] DEBUG:colcon.colcon_core.package_identification:Package 'src/makara_bringup' with type 'ros.ament_python' and name 'makara_bringup'
[0.101s] Level 1:colcon.colcon_core.package_identification:_identify(src/makara_control) by extensions ['ignore', 'ignore_ament_install']
[0.101s] Level 1:colcon.colcon_core.package_identification:_identify(src/makara_control) by extension 'ignore'
[0.101s] Level 1:colcon.colcon_core.package_identification:_identify(src/makara_control) by extension 'ignore_ament_install'
[0.101s] Level 1:colcon.colcon_core.package_identification:_identify(src/makara_control) by extensions ['colcon_pkg']
[0.101s] Level 1:colcon.colcon_core.package_identification:_identify(src/makara_control) by extension 'colcon_pkg'
[0.101s] Level 1:colcon.colcon_core.package_identification:_identify(src/makara_control) by extensions ['colcon_meta']
[0.101s] Level 1:colcon.colcon_core.package_identification:_identify(src/makara_control) by extension 'colcon_meta'
[0.101s] Level 1:colcon.colcon_core.package_identification:_identify(src/makara_control) by extensions ['ros']
[0.101s] Level 1:colcon.colcon_core.package_identification:_identify(src/makara_control) by extension 'ros'
[0.101s] DEBUG:colcon.colcon_core.package_identification:Package 'src/makara_control' with type 'ros.ament_cmake' and name 'makara_control'
[0.101s] Level 1:colcon.colcon_core.package_identification:_identify(src/makara_interfaces) by extensions ['ignore', 'ignore_ament_install']
[0.101s] Level 1:colcon.colcon_core.package_identification:_identify(src/makara_interfaces) by extension 'ignore'
[0.101s] Level 1:colcon.colcon_core.package_identification:_identify(src/makara_interfaces) by extension 'ignore_ament_install'
[0.101s] Level 1:colcon.colcon_core.package_identification:_identify(src/makara_interfaces) by extensions ['colcon_pkg']
[0.101s] Level 1:colcon.colcon_core.package_identification:_identify(src/makara_interfaces) by extension 'colcon_pkg'
[0.101s] Level 1:colcon.colcon_core.package_identification:_identify(src/makara_interfaces) by extensions ['colcon_meta']
[0.101s] Level 1:colcon.colcon_core.package_identification:_identify(src/makara_interfaces) by extension 'colcon_meta'
[0.101s] Level 1:colcon.colcon_core.package_identification:_identify(src/makara_interfaces) by extensions ['ros']
[0.101s] Level 1:colcon.colcon_core.package_identification:_identify(src/makara_interfaces) by extension 'ros'
[0.101s] DEBUG:colcon.colcon_core.package_identification:Package 'src/makara_interfaces' with type 'ros.ament_cmake' and name 'makara_interfaces'
[0.102s] Level 1:colcon.colcon_core.package_identification:_identify(src/makara_serial) by extensions ['ignore', 'ignore_ament_install']
[0.102s] Level 1:colcon.colcon_core.package_identification:_identify(src/makara_serial) by extension 'ignore'
[0.102s] Level 1:colcon.colcon_core.package_identification:_identify(src/makara_serial) by extension 'ignore_ament_install'
[0.102s] Level 1:colcon.colcon_core.package_identification:_identify(src/makara_serial) by extensions ['colcon_pkg']
[0.102s] Level 1:colcon.colcon_core.package_identification:_identify(src/makara_serial) by extension 'colcon_pkg'
[0.102s] Level 1:colcon.colcon_core.package_identification:_identify(src/makara_serial) by extensions ['colcon_meta']
[0.102s] Level 1:colcon.colcon_core.package_identification:_identify(src/makara_serial) by extension 'colcon_meta'
[0.102s] Level 1:colcon.colcon_core.package_identification:_identify(src/makara_serial) by extensions ['ros']
[0.102s] Level 1:colcon.colcon_core.package_identification:_identify(src/makara_serial) by extension 'ros'
[0.102s] DEBUG:colcon.colcon_core.package_identification:Package 'src/makara_serial' with type 'ros.ament_python' and name 'makara_serial'
[0.102s] Level 1:colcon.colcon_core.package_identification:_identify(src/makara_vision) by extensions ['ignore', 'ignore_ament_install']
[0.102s] Level 1:colcon.colcon_core.package_identification:_identify(src/makara_vision) by extension 'ignore'
[0.102s] Level 1:colcon.colcon_core.package_identification:_identify(src/makara_vision) by extension 'ignore_ament_install'
[0.102s] Level 1:colcon.colcon_core.package_identification:_identify(src/makara_vision) by extensions ['colcon_pkg']
[0.102s] Level 1:colcon.colcon_core.package_identification:_identify(src/makara_vision) by extension 'colcon_pkg'
[0.102s] Level 1:colcon.colcon_core.package_identification:_identify(src/makara_vision) by extensions ['colcon_meta']
[0.102s] Level 1:colcon.colcon_core.package_identification:_identify(src/makara_vision) by extension 'colcon_meta'
[0.102s] Level 1:colcon.colcon_core.package_identification:_identify(src/makara_vision) by extensions ['ros']
[0.102s] Level 1:colcon.colcon_core.package_identification:_identify(src/makara_vision) by extension 'ros'
[0.102s] DEBUG:colcon.colcon_core.package_identification:Package 'src/makara_vision' with type 'ros.ament_python' and name 'makara_vision'
[0.103s] Level 1:colcon.colcon_core.package_identification:_identify(src/state_estimation) by extensions ['ignore', 'ignore_ament_install']
[0.103s] Level 1:colcon.colcon_core.package_identification:_identify(src/state_estimation) by extension 'ignore'
[0.103s] Level 1:colcon.colcon_core.package_identification:_identify(src/state_estimation) by extension 'ignore_ament_install'
[0.103s] Level 1:colcon.colcon_core.package_identification:_identify(src/state_estimation) by extensions ['colcon_pkg']
[0.103s] Level 1:colcon.colcon_core.package_identification:_identify(src/state_estimation) by extension 'colcon_pkg'
[0.103s] Level 1:colcon.colcon_core.package_identification:_identify(src/state_estimation) by extensions ['colcon_meta']
[0.103s] Level 1:colcon.colcon_core.package_identification:_identify(src/state_estimation) by extension 'colcon_meta'
[0.103s] Level 1:colcon.colcon_core.package_identification:_identify(src/state_estimation) by extensions ['ros']
[0.103s] Level 1:colcon.colcon_core.package_identification:_identify(src/state_estimation) by extension 'ros'
[0.103s] Level 1:colcon.colcon_core.package_identification:_identify(src/state_estimation) by extensions ['cmake', 'python']
[0.103s] Level 1:colcon.colcon_core.package_identification:_identify(src/state_estimation) by extension 'cmake'
[0.103s] Level 1:colcon.colcon_core.package_identification:_identify(src/state_estimation) by extension 'python'
[0.103s] Level 1:colcon.colcon_core.package_identification:_identify(src/state_estimation) by extensions ['python_setup_py']
[0.103s] Level 1:colcon.colcon_core.package_identification:_identify(src/state_estimation) by extension 'python_setup_py'
[0.103s] Level 1:colcon.colcon_core.package_identification:_identify(src/uuv_descriptions) by extensions ['ignore', 'ignore_ament_install']
[0.103s] Level 1:colcon.colcon_core.package_identification:_identify(src/uuv_descriptions) by extension 'ignore'
[0.103s] Level 1:colcon.colcon_core.package_identification:_identify(src/uuv_descriptions) by extension 'ignore_ament_install'
[0.103s] Level 1:colcon.colcon_core.package_identification:_identify(src/uuv_descriptions) by extensions ['colcon_pkg']
[0.103s] Level 1:colcon.colcon_core.package_identification:_identify(src/uuv_descriptions) by extension 'colcon_pkg'
[0.103s] Level 1:colcon.colcon_core.package_identification:_identify(src/uuv_descriptions) by extensions ['colcon_meta']
[0.103s] Level 1:colcon.colcon_core.package_identification:_identify(src/uuv_descriptions) by extension 'colcon_meta'
[0.103s] Level 1:colcon.colcon_core.package_identification:_identify(src/uuv_descriptions) by extensions ['ros']
[0.103s] Level 1:colcon.colcon_core.package_identification:_identify(src/uuv_descriptions) by extension 'ros'
[0.103s] DEBUG:colcon.colcon_core.package_identification:Package 'src/uuv_descriptions' with type 'ros.ament_python' and name 'uuv_descriptions'
[0.103s] Level 1:colcon.colcon_core.package_identification:_identify(src/uuv_gazebo_ros_plugins) by extensions ['ignore', 'ignore_ament_install']
[0.103s] Level 1:colcon.colcon_core.package_identification:_identify(src/uuv_gazebo_ros_plugins) by extension 'ignore'
[0.103s] Level 1:colcon.colcon_core.package_identification:_identify(src/uuv_gazebo_ros_plugins) by extension 'ignore_ament_install'
[0.103s] Level 1:colcon.colcon_core.package_identification:_identify(src/uuv_gazebo_ros_plugins) by extensions ['colcon_pkg']
[0.103s] Level 1:colcon.colcon_core.package_identification:_identify(src/uuv_gazebo_ros_plugins) by extension 'colcon_pkg'
[0.103s] Level 1:colcon.colcon_core.package_identification:_identify(src/uuv_gazebo_ros_plugins) by extensions ['colcon_meta']
[0.103s] Level 1:colcon.colcon_core.package_identification:_identify(src/uuv_gazebo_ros_plugins) by extension 'colcon_meta'
[0.103s] Level 1:colcon.colcon_core.package_identification:_identify(src/uuv_gazebo_ros_plugins) by extensions ['ros']
[0.103s] Level 1:colcon.colcon_core.package_identification:_identify(src/uuv_gazebo_ros_plugins) by extension 'ros'
[0.104s] DEBUG:colcon.colcon_core.package_identification:Package 'src/uuv_gazebo_ros_plugins' with type 'ros.ament_python' and name 'uuv_gazebo_ros_plugins'
[0.104s] Level 1:colcon.colcon_core.package_identification:_identify(src/uuv_sensor_ros_plugins) by extensions ['ignore', 'ignore_ament_install']
[0.104s] Level 1:colcon.colcon_core.package_identification:_identify(src/uuv_sensor_ros_plugins) by extension 'ignore'
[0.104s] Level 1:colcon.colcon_core.package_identification:_identify(src/uuv_sensor_ros_plugins) by extension 'ignore_ament_install'
[0.104s] Level 1:colcon.colcon_core.package_identification:_identify(src/uuv_sensor_ros_plugins) by extensions ['colcon_pkg']
[0.104s] Level 1:colcon.colcon_core.package_identification:_identify(src/uuv_sensor_ros_plugins) by extension 'colcon_pkg'
[0.104s] Level 1:colcon.colcon_core.package_identification:_identify(src/uuv_sensor_ros_plugins) by extensions ['colcon_meta']
[0.104s] Level 1:colcon.colcon_core.package_identification:_identify(src/uuv_sensor_ros_plugins) by extension 'colcon_meta'
[0.104s] Level 1:colcon.colcon_core.package_identification:_identify(src/uuv_sensor_ros_plugins) by extensions ['ros']
[0.104s] Level 1:colcon.colcon_core.package_identification:_identify(src/uuv_sensor_ros_plugins) by extension 'ros'
[0.104s] DEBUG:colcon.colcon_core.package_identification:Package 'src/uuv_sensor_ros_plugins' with type 'ros.ament_python' and name 'uuv_sensor_ros_plugins'
[0.104s] Level 1:colcon.colcon_core.package_discovery:discover_packages(recursive) using defaults
[0.104s] Level 1:colcon.colcon_core.package_discovery:discover_packages(ignore) discover
[0.104s] Level 1:colcon.colcon_core.package_discovery:discover_packages(ignore) using defaults
[0.104s] Level 1:colcon.colcon_core.package_discovery:discover_packages(path) discover
[0.104s] Level 1:colcon.colcon_core.package_discovery:discover_packages(path) using defaults
[0.116s] Level 1:colcon.colcon_core.package_discovery:discover_packages(prefix_path) check parameters
[0.116s] Level 1:colcon.colcon_core.package_discovery:discover_packages(prefix_path) discover
[0.117s] DEBUG:colcon.colcon_installed_package_information.package_discovery:Found 319 installed packages in /opt/ros/jazzy
[0.118s] Level 1:colcon.colcon_core.package_discovery:discover_packages(prefix_path) using defaults
[0.139s] Level 5:colcon.colcon_core.verb:set package 'StateSpace' build argument 'cmake_args' from command line to 'None'
[0.139s] Level 5:colcon.colcon_core.verb:set package 'StateSpace' build argument 'cmake_target' from command line to 'None'
[0.139s] Level 5:colcon.colcon_core.verb:set package 'StateSpace' build argument 'cmake_target_skip_unavailable' from command line to 'False'
[0.139s] Level 5:colcon.colcon_core.verb:set package 'StateSpace' build argument 'cmake_clean_cache' from command line to 'False'
[0.139s] Level 5:colcon.colcon_core.verb:set package 'StateSpace' build argument 'cmake_clean_first' from command line to 'False'
[0.139s] Level 5:colcon.colcon_core.verb:set package 'StateSpace' build argument 'cmake_force_configure' from command line to 'False'
[0.139s] Level 5:colcon.colcon_core.verb:set package 'StateSpace' build argument 'ament_cmake_args' from command line to 'None'
[0.139s] Level 5:colcon.colcon_core.verb:set package 'StateSpace' build argument 'catkin_cmake_args' from command line to 'None'
[0.139s] Level 5:colcon.colcon_core.verb:set package 'StateSpace' build argument 'catkin_skip_building_tests' from command line to 'False'
[0.139s] DEBUG:colcon.colcon_core.verb:Building package 'StateSpace' with the following arguments: {'ament_cmake_args': None, 'build_base': '/home/swayanshree/projects/Makara-AUV-ROS2/build/StateSpace', 'catkin_cmake_args': None, 'catkin_skip_building_tests': False, 'cmake_args': None, 'cmake_clean_cache': False, 'cmake_clean_first': False, 'cmake_force_configure': False, 'cmake_target': None, 'cmake_target_skip_unavailable': False, 'install_base': '/home/swayanshree/projects/Makara-AUV-ROS2/install/StateSpace', 'merge_install': False, 'path': '/home/swayanshree/projects/Makara-AUV-ROS2/src/StateSpace', 'symlink_install': False, 'test_result_base': None}
[0.140s] Level 5:colcon.colcon_core.verb:set package 'auv_description' build argument 'cmake_args' from command line to 'None'
[0.140s] Level 5:colcon.colcon_core.verb:set package 'auv_description' build argument 'cmake_target' from command line to 'None'
[0.140s] Level 5:colcon.colcon_core.verb:set package 'auv_description' build argument 'cmake_target_skip_unavailable' from command line to 'False'
[0.140s] Level 5:colcon.colcon_core.verb:set package 'auv_description' build argument 'cmake_clean_cache' from command line to 'False'
[0.140s] Level 5:colcon.colcon_core.verb:set package 'auv_description' build argument 'cmake_clean_first' from command line to 'False'
[0.140s] Level 5:colcon.colcon_core.verb:set package 'auv_description' build argument 'cmake_force_configure' from command line to 'False'
[0.140s] Level 5:colcon.colcon_core.verb:set package 'auv_description' build argument 'ament_cmake_args' from command line to 'None'
[0.140s] Level 5:colcon.colcon_core.verb:set package 'auv_description' build argument 'catkin_cmake_args' from command line to 'None'
[0.140s] Level 5:colcon.colcon_core.verb:set package 'auv_description' build argument 'catkin_skip_building_tests' from command line to 'False'
[0.140s] DEBUG:colcon.colcon_core.verb:Building package 'auv_description' with the following arguments: {'ament_cmake_args': None, 'build_base': '/home/swayanshree/projects/Makara-AUV-ROS2/build/auv_description', 'catkin_cmake_args': None, 'catkin_skip_building_tests': False, 'cmake_args': None, 'cmake_clean_cache': False, 'cmake_clean_first': False, 'cmake_force_configure': False, 'cmake_target': None, 'cmake_target_skip_unavailable': False, 'install_base': '/home/swayanshree/projects/Makara-AUV-ROS2/install/auv_description', 'merge_install': False, 'path': '/home/swayanshree/projects/Makara-AUV-ROS2/src/auv_description', 'symlink_install': False, 'test_result_base': None}
[0.140s] Level 5:colcon.colcon_core.verb:set package 'bluerov2_description' build argument 'cmake_args' from command line to 'None'
[0.140s] Level 5:colcon.colcon_core.verb:set package 'bluerov2_description' build argument 'cmake_target' from command line to 'None'
[0.140s] Level 5:colcon.colcon_core.verb:set package 'bluerov2_description' build argument 'cmake_target_skip_unavailable' from command line to 'False'
[0.140s] Level 5:colcon.colcon_core.verb:set package 'bluerov2_description' build argument 'cmake_clean_cache' from command line to 'False'
[0.140s] Level 5:colcon.colcon_core.verb:set package 'bluerov2_description' build argument 'cmake_clean_first' from command line to 'False'
[0.140s] Level 5:colcon.colcon_core.verb:set package 'bluerov2_description' build argument 'cmake_force_configure' from command line to 'False'
[0.140s] Level 5:colcon.colcon_core.verb:set package 'bluerov2_description' build argument 'ament_cmake_args' from command line to 'None'
[0.140s] Level 5:colcon.colcon_core.verb:set package 'bluerov2_description' build argument 'catkin_cmake_args' from command line to 'None'
[0.140s] Level 5:colcon.colcon_core.verb:set package 'bluerov2_description' build argument 'catkin_skip_building_tests' from command line to 'False'
[0.140s] DEBUG:colcon.colcon_core.verb:Building package 'bluerov2_description' with the following arguments: {'ament_cmake_args': None, 'build_base': '/home/swayanshree/projects/Makara-AUV-ROS2/build/bluerov2_description', 'catkin_cmake_args': None, 'catkin_skip_building_tests': False, 'cmake_args': None, 'cmake_clean_cache': False, 'cmake_clean_first': False, 'cmake_force_configure': False, 'cmake_target': None, 'cmake_target_skip_unavailable': False, 'install_base': '/home/swayanshree/projects/Makara-AUV-ROS2/install/bluerov2_description', 'merge_install': False, 'path': '/home/swayanshree/projects/Makara-AUV-ROS2/src/bluerov2_description', 'symlink_install': False, 'test_result_base': None}
[0.140s] Level 5:colcon.colcon_core.verb:set package 'data_sync' build argument 'cmake_args' from command line to 'None'
[0.140s] Level 5:colcon.colcon_core.verb:set package 'data_sync' build argument 'cmake_target' from command line to 'None'
[0.140s] Level 5:colcon.colcon_core.verb:set package 'data_sync' build argument 'cmake_target_skip_unavailable' from command line to 'False'
[0.140s] Level 5:colcon.colcon_core.verb:set package 'data_sync' build argument 'cmake_clean_cache' from command line to 'False'
[0.140s] Level 5:colcon.colcon_core.verb:set package 'data_sync' build argument 'cmake_clean_first' from command line to 'False'
[0.140s] Level 5:colcon.colcon_core.verb:set package 'data_sync' build argument 'cmake_force_configure' from command line to 'False'
[0.140s] Level 5:colcon.colcon_core.verb:set package 'data_sync' build argument 'ament_cmake_args' from command line to 'None'
[0.140s] Level 5:colcon.colcon_core.verb:set package 'data_sync' build argument 'catkin_cmake_args' from command line to 'None'
[0.140s] Level 5:colcon.colcon_core.verb:set package 'data_sync' build argument 'catkin_skip_building_tests' from command line to 'False'
[0.140s] DEBUG:colcon.colcon_core.verb:Building package 'data_sync' with the following arguments: {'ament_cmake_args': None, 'build_base': '/home/swayanshree/projects/Makara-AUV-ROS2/build/data_sync', 'catkin_cmake_args': None, 'catkin_skip_building_tests': False, 'cmake_args': None, 'cmake_clean_cache': False, 'cmake_clean_first': False, 'cmake_force_configure': False, 'cmake_target': None, 'cmake_target_skip_unavailable': False, 'install_base': '/home/swayanshree/projects/Makara-AUV-ROS2/install/data_sync', 'merge_install': False, 'path': '/home/swayanshree/projects/Makara-AUV-ROS2/src/data_sync', 'symlink_install': False, 'test_result_base': None}
[0.140s] Level 5:colcon.colcon_core.verb:set package 'hammerhead_interfaces' build argument 'cmake_args' from command line to 'None'
[0.140s] Level 5:colcon.colcon_core.verb:set package 'hammerhead_interfaces' build argument 'cmake_target' from command line to 'None'
[0.140s] Level 5:colcon.colcon_core.verb:set package 'hammerhead_interfaces' build argument 'cmake_target_skip_unavailable' from command line to 'False'
[0.140s] Level 5:colcon.colcon_core.verb:set package 'hammerhead_interfaces' build argument 'cmake_clean_cache' from command line to 'False'
[0.140s] Level 5:colcon.colcon_core.verb:set package 'hammerhead_interfaces' build argument 'cmake_clean_first' from command line to 'False'
[0.140s] Level 5:colcon.colcon_core.verb:set package 'hammerhead_interfaces' build argument 'cmake_force_configure' from command line to 'False'
[0.140s] Level 5:colcon.colcon_core.verb:set package 'hammerhead_interfaces' build argument 'ament_cmake_args' from command line to 'None'
[0.140s] Level 5:colcon.colcon_core.verb:set package 'hammerhead_interfaces' build argument 'catkin_cmake_args' from command line to 'None'
[0.140s] Level 5:colcon.colcon_core.verb:set package 'hammerhead_interfaces' build argument 'catkin_skip_building_tests' from command line to 'False'
[0.140s] DEBUG:colcon.colcon_core.verb:Building package 'hammerhead_interfaces' with the following arguments: {'ament_cmake_args': None, 'build_base': '/home/swayanshree/projects/Makara-AUV-ROS2/build/hammerhead_interfaces', 'catkin_cmake_args': None, 'catkin_skip_building_tests': False, 'cmake_args': None, 'cmake_clean_cache': False, 'cmake_clean_first': False, 'cmake_force_configure': False, 'cmake_target': None, 'cmake_target_skip_unavailable': False, 'install_base': '/home/swayanshree/projects/Makara-AUV-ROS2/install/hammerhead_interfaces', 'merge_install': False, 'path': '/home/swayanshree/projects/Makara-AUV-ROS2/src/hammerhead_interfaces', 'symlink_install': False, 'test_result_base': None}
[0.140s] Level 5:colcon.colcon_core.verb:set package 'makara_bringup' build argument 'cmake_args' from command line to 'None'
[0.140s] Level 5:colcon.colcon_core.verb:set package 'makara_bringup' build argument 'cmake_target' from command line to 'None'
[0.140s] Level 5:colcon.colcon_core.verb:set package 'makara_bringup' build argument 'cmake_target_skip_unavailable' from command line to 'False'
[0.140s] Level 5:colcon.colcon_core.verb:set package 'makara_bringup' build argument 'cmake_clean_cache' from command line to 'False'
[0.140s] Level 5:colcon.colcon_core.verb:set package 'makara_bringup' build argument 'cmake_clean_first' from command line to 'False'
[0.140s] Level 5:colcon.colcon_core.verb:set package 'makara_bringup' build argument 'cmake_force_configure' from command line to 'False'
[0.140s] Level 5:colcon.colcon_core.verb:set package 'makara_bringup' build argument 'ament_cmake_args' from command line to 'None'
[0.140s] Level 5:colcon.colcon_core.verb:set package 'makara_bringup' build argument 'catkin_cmake_args' from command line to 'None'
[0.141s] Level 5:colcon.colcon_core.verb:set package 'makara_bringup' build argument 'catkin_skip_building_tests' from command line to 'False'
[0.141s] DEBUG:colcon.colcon_core.verb:Building package 'makara_bringup' with the following arguments: {'ament_cmake_args': None, 'build_base': '/home/swayanshree/projects/Makara-AUV-ROS2/build/makara_bringup', 'catkin_cmake_args': None, 'catkin_skip_building_tests': False, 'cmake_args': None, 'cmake_clean_cache': False, 'cmake_clean_first': False, 'cmake_force_configure': False, 'cmake_target': None, 'cmake_target_skip_unavailable': False, 'install_base': '/home/swayanshree/projects/Makara-AUV-ROS2/install/makara_bringup', 'merge_install': False, 'path': '/home/swayanshree/projects/Makara-AUV-ROS2/src/makara_bringup', 'symlink_install': False, 'test_result_base': None}
[0.141s] Level 5:colcon.colcon_core.verb:set package 'makara_interfaces' build argument 'cmake_args' from command line to 'None'
[0.141s] Level 5:colcon.colcon_core.verb:set package 'makara_interfaces' build argument 'cmake_target' from command line to 'None'
[0.141s] Level 5:colcon.colcon_core.verb:set package 'makara_interfaces' build argument 'cmake_target_skip_unavailable' from command line to 'False'
[0.141s] Level 5:colcon.colcon_core.verb:set package 'makara_interfaces' build argument 'cmake_clean_cache' from command line to 'False'
[0.141s] Level 5:colcon.colcon_core.verb:set package 'makara_interfaces' build argument 'cmake_clean_first' from command line to 'False'
[0.141s] Level 5:colcon.colcon_core.verb:set package 'makara_interfaces' build argument 'cmake_force_configure' from command line to 'False'
[0.141s] Level 5:colcon.colcon_core.verb:set package 'makara_interfaces' build argument 'ament_cmake_args' from command line to 'None'
[0.141s] Level 5:colcon.colcon_core.verb:set package 'makara_interfaces' build argument 'catkin_cmake_args' from command line to 'None'
[0.141s] Level 5:colcon.colcon_core.verb:set package 'makara_interfaces' build argument 'catkin_skip_building_tests' from command line to 'False'
[0.141s] DEBUG:colcon.colcon_core.verb:Building package 'makara_interfaces' with the following arguments: {'ament_cmake_args': None, 'build_base': '/home/swayanshree/projects/Makara-AUV-ROS2/build/makara_interfaces', 'catkin_cmake_args': None, 'catkin_skip_building_tests': False, 'cmake_args': None, 'cmake_clean_cache': False, 'cmake_clean_first': False, 'cmake_force_configure': False, 'cmake_target': None, 'cmake_target_skip_unavailable': False, 'install_base': '/home/swayanshree/projects/Makara-AUV-ROS2/install/makara_interfaces', 'merge_install': False, 'path': '/home/swayanshree/projects/Makara-AUV-ROS2/src/makara_interfaces', 'symlink_install': False, 'test_result_base': None}
[0.141s] Level 5:colcon.colcon_core.verb:set package 'makara_vision' build argument 'cmake_args' from command line to 'None'
[0.141s] Level 5:colcon.colcon_core.verb:set package 'makara_vision' build argument 'cmake_target' from command line to 'None'
[0.141s] Level 5:colcon.colcon_core.verb:set package 'makara_vision' build argument 'cmake_target_skip_unavailable' from command line to 'False'
[0.141s] Level 5:colcon.colcon_core.verb:set package 'makara_vision' build argument 'cmake_clean_cache' from command line to 'False'
[0.141s] Level 5:colcon.colcon_core.verb:set package 'makara_vision' build argument 'cmake_clean_first' from command line to 'False'
[0.141s] Level 5:colcon.colcon_core.verb:set package 'makara_vision' build argument 'cmake_force_configure' from command line to 'False'
[0.141s] Level 5:colcon.colcon_core.verb:set package 'makara_vision' build argument 'ament_cmake_args' from command line to 'None'
[0.141s] Level 5:colcon.colcon_core.verb:set package 'makara_vision' build argument 'catkin_cmake_args' from command line to 'None'
[0.141s] Level 5:colcon.colcon_core.verb:set package 'makara_vision' build argument 'catkin_skip_building_tests' from command line to 'False'
[0.141s] DEBUG:colcon.colcon_core.verb:Building package 'makara_vision' with the following arguments: {'ament_cmake_args': None, 'build_base': '/home/swayanshree/projects/Makara-AUV-ROS2/build/makara_vision', 'catkin_cmake_args': None, 'catkin_skip_building_tests': False, 'cmake_args': None, 'cmake_clean_cache': False, 'cmake_clean_first': False, 'cmake_force_configure': False, 'cmake_target': None, 'cmake_target_skip_unavailable': False, 'install_base': '/home/swayanshree/projects/Makara-AUV-ROS2/install/makara_vision', 'merge_install': False, 'path': '/home/swayanshree/projects/Makara-AUV-ROS2/src/makara_vision', 'symlink_install': False, 'test_result_base': None}
[0.141s] Level 5:colcon.colcon_core.verb:set package 'uuv_descriptions' build argument 'cmake_args' from command line to 'None'
[0.141s] Level 5:colcon.colcon_core.verb:set package 'uuv_descriptions' build argument 'cmake_target' from command line to 'None'
[0.141s] Level 5:colcon.colcon_core.verb:set package 'uuv_descriptions' build argument 'cmake_target_skip_unavailable' from command line to 'False'
[0.141s] Level 5:colcon.colcon_core.verb:set package 'uuv_descriptions' build argument 'cmake_clean_cache' from command line to 'False'
[0.141s] Level 5:colcon.colcon_core.verb:set package 'uuv_descriptions' build argument 'cmake_clean_first' from command line to 'False'
[0.141s] Level 5:colcon.colcon_core.verb:set package 'uuv_descriptions' build argument 'cmake_force_configure' from command line to 'False'
[0.141s] Level 5:colcon.colcon_core.verb:set package 'uuv_descriptions' build argument 'ament_cmake_args' from command line to 'None'
[0.141s] Level 5:colcon.colcon_core.verb:set package 'uuv_descriptions' build argument 'catkin_cmake_args' from command line to 'None'
[0.141s] Level 5:colcon.colcon_core.verb:set package 'uuv_descriptions' build argument 'catkin_skip_building_tests' from command line to 'False'
[0.141s] DEBUG:colcon.colcon_core.verb:Building package 'uuv_descriptions' with the following arguments: {'ament_cmake_args': None, 'build_base': '/home/swayanshree/projects/Makara-AUV-ROS2/build/uuv_descriptions', 'catkin_cmake_args': None, 'catkin_skip_building_tests': False, 'cmake_args': None, 'cmake_clean_cache': False, 'cmake_clean_first': False, 'cmake_force_configure': False, 'cmake_target': None, 'cmake_target_skip_unavailable': False, 'install_base': '/home/swayanshree/projects/Makara-AUV-ROS2/install/uuv_descriptions', 'merge_install': False, 'path': '/home/swayanshree/projects/Makara-AUV-ROS2/src/uuv_descriptions', 'symlink_install': False, 'test_result_base': None}
[0.141s] Level 5:colcon.colcon_core.verb:set package 'uuv_gazebo_ros_plugins' build argument 'cmake_args' from command line to 'None'
[0.141s] Level 5:colcon.colcon_core.verb:set package 'uuv_gazebo_ros_plugins' build argument 'cmake_target' from command line to 'None'
[0.141s] Level 5:colcon.colcon_core.verb:set package 'uuv_gazebo_ros_plugins' build argument 'cmake_target_skip_unavailable' from command line to 'False'
[0.141s] Level 5:colcon.colcon_core.verb:set package 'uuv_gazebo_ros_plugins' build argument 'cmake_clean_cache' from command line to 'False'
[0.141s] Level 5:colcon.colcon_core.verb:set package 'uuv_gazebo_ros_plugins' build argument 'cmake_clean_first' from command line to 'False'
[0.141s] Level 5:colcon.colcon_core.verb:set package 'uuv_gazebo_ros_plugins' build argument 'cmake_force_configure' from command line to 'False'
[0.141s] Level 5:colcon.colcon_core.verb:set package 'uuv_gazebo_ros_plugins' build argument 'ament_cmake_args' from command line to 'None'
[0.141s] Level 5:colcon.colcon_core.verb:set package 'uuv_gazebo_ros_plugins' build argument 'catkin_cmake_args' from command line to 'None'
[0.141s] Level 5:colcon.colcon_core.verb:set package 'uuv_gazebo_ros_plugins' build argument 'catkin_skip_building_tests' from command line to 'False'
[0.141s] DEBUG:colcon.colcon_core.verb:Building package 'uuv_gazebo_ros_plugins' with the following arguments: {'ament_cmake_args': None, 'build_base': '/home/swayanshree/projects/Makara-AUV-ROS2/build/uuv_gazebo_ros_plugins', 'catkin_cmake_args': None, 'catkin_skip_building_tests': False, 'cmake_args': None, 'cmake_clean_cache': False, 'cmake_clean_first': False, 'cmake_force_configure': False, 'cmake_target': None, 'cmake_target_skip_unavailable': False, 'install_base': '/home/swayanshree/projects/Makara-AUV-ROS2/install/uuv_gazebo_ros_plugins', 'merge_install': False, 'path': '/home/swayanshree/projects/Makara-AUV-ROS2/src/uuv_gazebo_ros_plugins', 'symlink_install': False, 'test_result_base': None}
[0.141s] Level 5:colcon.colcon_core.verb:set package 'uuv_sensor_ros_plugins' build argument 'cmake_args' from command line to 'None'
[0.141s] Level 5:colcon.colcon_core.verb:set package 'uuv_sensor_ros_plugins' build argument 'cmake_target' from command line to 'None'
[0.141s] Level 5:colcon.colcon_core.verb:set package 'uuv_sensor_ros_plugins' build argument 'cmake_target_skip_unavailable' from command line to 'False'
[0.141s] Level 5:colcon.colcon_core.verb:set package 'uuv_sensor_ros_plugins' build argument 'cmake_clean_cache' from command line to 'False'
[0.141s] Level 5:colcon.colcon_core.verb:set package 'uuv_sensor_ros_plugins' build argument 'cmake_clean_first' from command line to 'False'
[0.141s] Level 5:colcon.colcon_core.verb:set package 'uuv_sensor_ros_plugins' build argument 'cmake_force_configure' from command line to 'False'
[0.141s] Level 5:colcon.colcon_core.verb:set package 'uuv_sensor_ros_plugins' build argument 'ament_cmake_args' from command line to 'None'
[0.141s] Level 5:colcon.colcon_core.verb:set package 'uuv_sensor_ros_plugins' build argument 'catkin_cmake_args' from command line to 'None'
[0.141s] Level 5:colcon.colcon_core.verb:set package 'uuv_sensor_ros_plugins' build argument 'catkin_skip_building_tests' from command line to 'False'
[0.141s] DEBUG:colcon.colcon_core.verb:Building package 'uuv_sensor_ros_plugins' with the following arguments: {'ament_cmake_args': None, 'build_base': '/home/swayanshree/projects/Makara-AUV-ROS2/build/uuv_sensor_ros_plugins', 'catkin_cmake_args': None, 'catkin_skip_building_tests': False, 'cmake_args': None, 'cmake_clean_cache': False, 'cmake_clean_first': False, 'cmake_force_configure': False, 'cmake_target': None, 'cmake_target_skip_unavailable': False, 'install_base': '/home/swayanshree/projects/Makara-AUV-ROS2/install/uuv_sensor_ros_plugins', 'merge_install': False, 'path': '/home/swayanshree/projects/Makara-AUV-ROS2/src/uuv_sensor_ros_plugins', 'symlink_install': False, 'test_result_base': None}
[0.142s] Level 5:colcon.colcon_core.verb:set package 'ardupilot_attitude_control' build argument 'cmake_args' from command line to 'None'
[0.142s] Level 5:colcon.colcon_core.verb:set package 'ardupilot_attitude_control' build argument 'cmake_target' from command line to 'None'
[0.142s] Level 5:colcon.colcon_core.verb:set package 'ardupilot_attitude_control' build argument 'cmake_target_skip_unavailable' from command line to 'False'
[0.142s] Level 5:colcon.colcon_core.verb:set package 'ardupilot_attitude_control' build argument 'cmake_clean_cache' from command line to 'False'
[0.142s] Level 5:colcon.colcon_core.verb:set package 'ardupilot_attitude_control' build argument 'cmake_clean_first' from command line to 'False'
[0.142s] Level 5:colcon.colcon_core.verb:set package 'ardupilot_attitude_control' build argument 'cmake_force_configure' from command line to 'False'
[0.142s] Level 5:colcon.colcon_core.verb:set package 'ardupilot_attitude_control' build argument 'ament_cmake_args' from command line to 'None'
[0.142s] Level 5:colcon.colcon_core.verb:set package 'ardupilot_attitude_control' build argument 'catkin_cmake_args' from command line to 'None'
[0.142s] Level 5:colcon.colcon_core.verb:set package 'ardupilot_attitude_control' build argument 'catkin_skip_building_tests' from command line to 'False'
[0.142s] DEBUG:colcon.colcon_core.verb:Building package 'ardupilot_attitude_control' with the following arguments: {'ament_cmake_args': None, 'build_base': '/home/swayanshree/projects/Makara-AUV-ROS2/build/ardupilot_attitude_control', 'catkin_cmake_args': None, 'catkin_skip_building_tests': False, 'cmake_args': None, 'cmake_clean_cache': False, 'cmake_clean_first': False, 'cmake_force_configure': False, 'cmake_target': None, 'cmake_target_skip_unavailable': False, 'install_base': '/home/swayanshree/projects/Makara-AUV-ROS2/install/ardupilot_attitude_control', 'merge_install': False, 'path': '/home/swayanshree/projects/Makara-AUV-ROS2/src/ardupilot_attitude_control', 'symlink_install': False, 'test_result_base': None}
[0.142s] Level 5:colcon.colcon_core.verb:set package 'hammerhead_serial' build argument 'cmake_args' from command line to 'None'
[0.142s] Level 5:colcon.colcon_core.verb:set package 'hammerhead_serial' build argument 'cmake_target' from command line to 'None'
[0.142s] Level 5:colcon.colcon_core.verb:set package 'hammerhead_serial' build argument 'cmake_target_skip_unavailable' from command line to 'False'
[0.142s] Level 5:colcon.colcon_core.verb:set package 'hammerhead_serial' build argument 'cmake_clean_cache' from command line to 'False'
[0.142s] Level 5:colcon.colcon_core.verb:set package 'hammerhead_serial' build argument 'cmake_clean_first' from command line to 'False'
[0.142s] Level 5:colcon.colcon_core.verb:set package 'hammerhead_serial' build argument 'cmake_force_configure' from command line to 'False'
[0.142s] Level 5:colcon.colcon_core.verb:set package 'hammerhead_serial' build argument 'ament_cmake_args' from command line to 'None'
[0.142s] Level 5:colcon.colcon_core.verb:set package 'hammerhead_serial' build argument 'catkin_cmake_args' from command line to 'None'
[0.142s] Level 5:colcon.colcon_core.verb:set package 'hammerhead_serial' build argument 'catkin_skip_building_tests' from command line to 'False'
[0.142s] DEBUG:colcon.colcon_core.verb:Building package 'hammerhead_serial' with the following arguments: {'ament_cmake_args': None, 'build_base': '/home/swayanshree/projects/Makara-AUV-ROS2/build/hammerhead_serial', 'catkin_cmake_args': None, 'catkin_skip_building_tests': False, 'cmake_args': None, 'cmake_clean_cache': False, 'cmake_clean_first': False, 'cmake_force_configure': False, 'cmake_target': None, 'cmake_target_skip_unavailable': False, 'install_base': '/home/swayanshree/projects/Makara-AUV-ROS2/install/hammerhead_serial', 'merge_install': False, 'path': '/home/swayanshree/projects/Makara-AUV-ROS2/src/hammerhead_serial', 'symlink_install': False, 'test_result_base': None}
[0.142s] Level 5:colcon.colcon_core.verb:set package 'makara_control' build argument 'cmake_args' from command line to 'None'
[0.142s] Level 5:colcon.colcon_core.verb:set package 'makara_control' build argument 'cmake_target' from command line to 'None'
[0.142s] Level 5:colcon.colcon_core.verb:set package 'makara_control' build argument 'cmake_target_skip_unavailable' from command line to 'False'
[0.142s] Level 5:colcon.colcon_core.verb:set package 'makara_control' build argument 'cmake_clean_cache' from command line to 'False'
[0.142s] Level 5:colcon.colcon_core.verb:set package 'makara_control' build argument 'cmake_clean_first' from command line to 'False'
[0.142s] Level 5:colcon.colcon_core.verb:set package 'makara_control' build argument 'cmake_force_configure' from command line to 'False'
[0.142s] Level 5:colcon.colcon_core.verb:set package 'makara_control' build argument 'ament_cmake_args' from command line to 'None'
[0.142s] Level 5:colcon.colcon_core.verb:set package 'makara_control' build argument 'catkin_cmake_args' from command line to 'None'
[0.142s] Level 5:colcon.colcon_core.verb:set package 'makara_control' build argument 'catkin_skip_building_tests' from command line to 'False'
[0.142s] DEBUG:colcon.colcon_core.verb:Building package 'makara_control' with the following arguments: {'ament_cmake_args': None, 'build_base': '/home/swayanshree/projects/Makara-AUV-ROS2/build/makara_control', 'catkin_cmake_args': None, 'catkin_skip_building_tests': False, 'cmake_args': None, 'cmake_clean_cache': False, 'cmake_clean_first': False, 'cmake_force_configure': False, 'cmake_target': None, 'cmake_target_skip_unavailable': False, 'install_base': '/home/swayanshree/projects/Makara-AUV-ROS2/install/makara_control', 'merge_install': False, 'path': '/home/swayanshree/projects/Makara-AUV-ROS2/src/makara_control', 'symlink_install': False, 'test_result_base': None}
[0.142s] Level 5:colcon.colcon_core.verb:set package 'makara_serial' build argument 'cmake_args' from command line to 'None'
[0.142s] Level 5:colcon.colcon_core.verb:set package 'makara_serial' build argument 'cmake_target' from command line to 'None'
[0.142s] Level 5:colcon.colcon_core.verb:set package 'makara_serial' build argument 'cmake_target_skip_unavailable' from command line to 'False'
[0.142s] Level 5:colcon.colcon_core.verb:set package 'makara_serial' build argument 'cmake_clean_cache' from command line to 'False'
[0.142s] Level 5:colcon.colcon_core.verb:set package 'makara_serial' build argument 'cmake_clean_first' from command line to 'False'
[0.142s] Level 5:colcon.colcon_core.verb:set package 'makara_serial' build argument 'cmake_force_configure' from command line to 'False'
[0.142s] Level 5:colcon.colcon_core.verb:set package 'makara_serial' build argument 'ament_cmake_args' from command line to 'None'
[0.142s] Level 5:colcon.colcon_core.verb:set package 'makara_serial' build argument 'catkin_cmake_args' from command line to 'None'
[0.142s] Level 5:colcon.colcon_core.verb:set package 'makara_serial' build argument 'catkin_skip_building_tests' from command line to 'False'
[0.142s] DEBUG:colcon.colcon_core.verb:Building package 'makara_serial' with the following arguments: {'ament_cmake_args': None, 'build_base': '/home/swayanshree/projects/Makara-AUV-ROS2/build/makara_serial', 'catkin_cmake_args': None, 'catkin_skip_building_tests': False, 'cmake_args': None, 'cmake_clean_cache': False, 'cmake_clean_first': False, 'cmake_force_configure': False, 'cmake_target': None, 'cmake_target_skip_unavailable': False, 'install_base': '/home/swayanshree/projects/Makara-AUV-ROS2/install/makara_serial', 'merge_install': False, 'path': '/home/swayanshree/projects/Makara-AUV-ROS2/src/makara_serial', 'symlink_install': False, 'test_result_base': None}
[0.142s] INFO:colcon.colcon_core.executor:Executing jobs using 'parallel' executor
[0.143s] DEBUG:colcon.colcon_parallel_executor.executor.parallel:run_until_complete
[0.143s] INFO:colcon.colcon_ros.task.ament_cmake.build:Building ROS package in '/home/swayanshree/projects/Makara-AUV-ROS2/src/hammerhead_interfaces' with build type 'ament_cmake'
[0.143s] INFO:colcon.colcon_cmake.task.cmake.build:Building CMake package in '/home/swayanshree/projects/Makara-AUV-ROS2/src/hammerhead_interfaces'
[0.144s] INFO:colcon.colcon_core.plugin_system:Skipping extension 'colcon_core.shell.bat': Not used on non-Windows systems
[0.145s] INFO:colcon.colcon_core.shell:Skip shell extension 'powershell' for command environment: Not usable outside of PowerShell
[0.145s] DEBUG:colcon.colcon_core.shell:Skip shell extension 'dsv' for command environment
[0.146s] INFO:colcon.colcon_ros.task.ament_cmake.build:Building ROS package in '/home/swayanshree/projects/Makara-AUV-ROS2/src/makara_interfaces' with build type 'ament_cmake'
[0.146s] INFO:colcon.colcon_cmake.task.cmake.build:Building CMake package in '/home/swayanshree/projects/Makara-AUV-ROS2/src/makara_interfaces'
[0.146s] INFO:colcon.colcon_core.shell:Skip shell extension 'powershell' for command environment: Not usable outside of PowerShell
[0.146s] DEBUG:colcon.colcon_core.shell:Skip shell extension 'dsv' for command environment
[0.148s] INFO:colcon.colcon_ros.task.ament_cmake.build:Building ROS package in '/home/swayanshree/projects/Makara-AUV-ROS2/src/StateSpace' with build type 'ament_cmake'
[0.148s] INFO:colcon.colcon_cmake.task.cmake.build:Building CMake package in '/home/swayanshree/projects/Makara-AUV-ROS2/src/StateSpace'
[0.148s] INFO:colcon.colcon_core.shell:Skip shell extension 'powershell' for command environment: Not usable outside of PowerShell
[0.148s] DEBUG:colcon.colcon_core.shell:Skip shell extension 'dsv' for command environment
[0.150s] INFO:colcon.colcon_ros.task.ament_cmake.build:Building ROS package in '/home/swayanshree/projects/Makara-AUV-ROS2/src/auv_description' with build type 'ament_cmake'
[0.150s] INFO:colcon.colcon_cmake.task.cmake.build:Building CMake package in '/home/swayanshree/projects/Makara-AUV-ROS2/src/auv_description'
[0.150s] INFO:colcon.colcon_core.shell:Skip shell extension 'powershell' for command environment: Not usable outside of PowerShell
[0.150s] DEBUG:colcon.colcon_core.shell:Skip shell extension 'dsv' for command environment
[0.151s] INFO:colcon.colcon_ros.task.ament_cmake.build:Building ROS package in '/home/swayanshree/projects/Makara-AUV-ROS2/src/bluerov2_description' with build type 'ament_cmake'
[0.151s] INFO:colcon.colcon_cmake.task.cmake.build:Building CMake package in '/home/swayanshree/projects/Makara-AUV-ROS2/src/bluerov2_description'
[0.151s] INFO:colcon.colcon_core.shell:Skip shell extension 'powershell' for command environment: Not usable outside of PowerShell
[0.151s] DEBUG:colcon.colcon_core.shell:Skip shell extension 'dsv' for command environment
[0.153s] INFO:colcon.colcon_ros.task.ament_python.build:Building ROS package in '/home/swayanshree/projects/Makara-AUV-ROS2/src/data_sync' with build type 'ament_python'
[0.153s] Level 1:colcon.colcon_core.shell:create_environment_hook('data_sync', 'ament_prefix_path')
[0.153s] INFO:colcon.colcon_core.shell:Creating environment hook '/home/swayanshree/projects/Makara-AUV-ROS2/install/data_sync/share/data_sync/hook/ament_prefix_path.ps1'
[0.153s] INFO:colcon.colcon_core.shell:Creating environment descriptor '/home/swayanshree/projects/Makara-AUV-ROS2/install/data_sync/share/data_sync/hook/ament_prefix_path.dsv'
[0.153s] INFO:colcon.colcon_core.shell:Creating environment hook '/home/swayanshree/projects/Makara-AUV-ROS2/install/data_sync/share/data_sync/hook/ament_prefix_path.sh'
[0.153s] INFO:colcon.colcon_core.shell:Skip shell extension 'powershell' for command environment: Not usable outside of PowerShell
[0.154s] DEBUG:colcon.colcon_core.shell:Skip shell extension 'dsv' for command environment
[0.155s] INFO:colcon.colcon_ros.task.ament_python.build:Building ROS package in '/home/swayanshree/projects/Makara-AUV-ROS2/src/makara_bringup' with build type 'ament_python'
[0.155s] Level 1:colcon.colcon_core.shell:create_environment_hook('makara_bringup', 'ament_prefix_path')
[0.155s] INFO:colcon.colcon_core.shell:Creating environment hook '/home/swayanshree/projects/Makara-AUV-ROS2/install/makara_bringup/share/makara_bringup/hook/ament_prefix_path.ps1'
[0.155s] INFO:colcon.colcon_core.shell:Creating environment descriptor '/home/swayanshree/projects/Makara-AUV-ROS2/install/makara_bringup/share/makara_bringup/hook/ament_prefix_path.dsv'
[0.155s] INFO:colcon.colcon_core.shell:Creating environment hook '/home/swayanshree/projects/Makara-AUV-ROS2/install/makara_bringup/share/makara_bringup/hook/ament_prefix_path.sh'
[0.156s] INFO:colcon.colcon_core.shell:Skip shell extension 'powershell' for command environment: Not usable outside of PowerShell
[0.156s] DEBUG:colcon.colcon_core.shell:Skip shell extension 'dsv' for command environment
[0.157s] INFO:colcon.colcon_ros.task.ament_python.build:Building ROS package in '/home/swayanshree/projects/Makara-AUV-ROS2/src/makara_vision' with build type 'ament_python'
[0.157s] Level 1:colcon.colcon_core.shell:create_environment_hook('makara_vision', 'ament_prefix_path')
[0.157s] INFO:colcon.colcon_core.shell:Creating environment hook '/home/swayanshree/projects/Makara-AUV-ROS2/install/makara_vision/share/makara_vision/hook/ament_prefix_path.ps1'
[0.158s] INFO:colcon.colcon_core.shell:Creating environment descriptor '/home/swayanshree/projects/Makara-AUV-ROS2/install/makara_vision/share/makara_vision/hook/ament_prefix_path.dsv'
[0.158s] INFO:colcon.colcon_core.shell:Creating environment hook '/home/swayanshree/projects/Makara-AUV-ROS2/install/makara_vision/share/makara_vision/hook/ament_prefix_path.sh'
[0.158s] INFO:colcon.colcon_core.shell:Skip shell extension 'powershell' for command environment: Not usable outside of PowerShell
[0.158s] DEBUG:colcon.colcon_core.shell:Skip shell extension 'dsv' for command environment
[0.159s] INFO:colcon.colcon_ros.task.ament_python.build:Building ROS package in '/home/swayanshree/projects/Makara-AUV-ROS2/src/uuv_descriptions' with build type 'ament_python'
[0.159s] Level 1:colcon.colcon_core.shell:create_environment_hook('uuv_descriptions', 'ament_prefix_path')
[0.160s] INFO:colcon.colcon_core.shell:Creating environment hook '/home/swayanshree/projects/Makara-AUV-ROS2/install/uuv_descriptions/share/uuv_descriptions/hook/ament_prefix_path.ps1'
[0.160s] INFO:colcon.colcon_core.shell:Creating environment descriptor '/home/swayanshree/projects/Makara-AUV-ROS2/install/uuv_descriptions/share/uuv_descriptions/hook/ament_prefix_path.dsv'
[0.160s] INFO:colcon.colcon_core.shell:Creating environment hook '/home/swayanshree/projects/Makara-AUV-ROS2/install/uuv_descriptions/share/uuv_descriptions/hook/ament_prefix_path.sh'
[0.160s] INFO:colcon.colcon_core.shell:Skip shell extension 'powershell' for command environment: Not usable outside of PowerShell
[0.160s] DEBUG:colcon.colcon_core.shell:Skip shell extension 'dsv' for command environment
[0.162s] INFO:colcon.colcon_ros.task.ament_python.build:Building ROS package in '/home/swayanshree/projects/Makara-AUV-ROS2/src/uuv_gazebo_ros_plugins' with build type 'ament_python'
[0.162s] Level 1:colcon.colcon_core.shell:create_environment_hook('uuv_gazebo_ros_plugins', 'ament_prefix_path')
[0.162s] INFO:colcon.colcon_core.shell:Creating environment hook '/home/swayanshree/projects/Makara-AUV-ROS2/install/uuv_gazebo_ros_plugins/share/uuv_gazebo_ros_plugins/hook/ament_prefix_path.ps1'
[0.162s] INFO:colcon.colcon_core.shell:Creating environment descriptor '/home/swayanshree/projects/Makara-AUV-ROS2/install/uuv_gazebo_ros_plugins/share/uuv_gazebo_ros_plugins/hook/ament_prefix_path.dsv'
[0.162s] INFO:colcon.colcon_core.shell:Creating environment hook '/home/swayanshree/projects/Makara-AUV-ROS2/install/uuv_gazebo_ros_plugins/share/uuv_gazebo_ros_plugins/hook/ament_prefix_path.sh'
[0.162s] INFO:colcon.colcon_core.shell:Skip shell extension 'powershell' for command environment: Not usable outside of PowerShell
[0.162s] DEBUG:colcon.colcon_core.shell:Skip shell extension 'dsv' for command environment
[0.164s] INFO:colcon.colcon_ros.task.ament_python.build:Building ROS package in '/home/swayanshree/projects/Makara-AUV-ROS2/src/uuv_sensor_ros_plugins' with build type 'ament_python'
[0.164s] Level 1:colcon.colcon_core.shell:create_environment_hook('uuv_sensor_ros_plugins', 'ament_prefix_path')
[0.164s] INFO:colcon.colcon_core.shell:Creating environment hook '/home/swayanshree/projects/Makara-AUV-ROS2/install/uuv_sensor_ros_plugins/share/uuv_sensor_ros_plugins/hook/ament_prefix_path.ps1'
[0.164s] INFO:colcon.colcon_core.shell:Creating environment descriptor '/home/swayanshree/projects/Makara-AUV-ROS2/install/uuv_sensor_ros_plugins/share/uuv_sensor_ros_plugins/hook/ament_prefix_path.dsv'
[0.164s] INFO:colcon.colcon_core.shell:Creating environment hook '/home/swayanshree/projects/Makara-AUV-ROS2/install/uuv_sensor_ros_plugins/share/uuv_sensor_ros_plugins/hook/ament_prefix_path.sh'
[0.165s] INFO:colcon.colcon_core.shell:Skip shell extension 'powershell' for command environment: Not usable outside of PowerShell
[0.165s] DEBUG:colcon.colcon_core.shell:Skip shell extension 'dsv' for command environment
[0.169s] DEBUG:colcon.colcon_core.event_handler.log_command:Invoking command in '/home/swayanshree/projects/Makara-AUV-ROS2/build/hammerhead_interfaces': CMAKE_PREFIX_PATH=${CMAKE_PREFIX_PATH}:/opt/ros/jazzy DEBUGINFOD_URLS=https://debuginfod.ubuntu.com /usr/bin/cmake --build /home/swayanshree/projects/Makara-AUV-ROS2/build/hammerhead_interfaces -- -j16 -l16
[0.170s] DEBUG:colcon.colcon_core.event_handler.log_command:Invoking command in '/home/swayanshree/projects/Makara-AUV-ROS2/build/makara_interfaces': CMAKE_PREFIX_PATH=${CMAKE_PREFIX_PATH}:/opt/ros/jazzy DEBUGINFOD_URLS=https://debuginfod.ubuntu.com /usr/bin/cmake --build /home/swayanshree/projects/Makara-AUV-ROS2/build/makara_interfaces -- -j16 -l16
[0.171s] DEBUG:colcon.colcon_core.event_handler.log_command:Invoking command in '/home/swayanshree/projects/Makara-AUV-ROS2/build/StateSpace': CMAKE_PREFIX_PATH=${CMAKE_PREFIX_PATH}:/opt/ros/jazzy DEBUGINFOD_URLS=https://debuginfod.ubuntu.com /usr/bin/cmake --build /home/swayanshree/projects/Makara-AUV-ROS2/build/StateSpace -- -j16 -l16
[0.172s] DEBUG:colcon.colcon_core.event_handler.log_command:Invoking command in '/home/swayanshree/projects/Makara-AUV-ROS2/build/auv_description': CMAKE_PREFIX_PATH=${CMAKE_PREFIX_PATH}:/opt/ros/jazzy DEBUGINFOD_URLS=https://debuginfod.ubuntu.com /usr/bin/cmake --build /home/swayanshree/projects/Makara-AUV-ROS2/build/auv_description -- -j16 -l16
[0.173s] DEBUG:colcon.colcon_core.event_handler.log_command:Invoking command in '/home/swayanshree/projects/Makara-AUV-ROS2/build/bluerov2_description': CMAKE_PREFIX_PATH=${CMAKE_PREFIX_PATH}:/opt/ros/jazzy DEBUGINFOD_URLS=https://debuginfod.ubuntu.com /usr/bin/cmake --build /home/swayanshree/projects/Makara-AUV-ROS2/build/bluerov2_description -- -j16 -l16
[0.304s] INFO:colcon.colcon_core.task.python.build:Building Python package in '/home/swayanshree/projects/Makara-AUV-ROS2/src/data_sync'
[0.304s] INFO:colcon.colcon_core.shell:Skip shell extension 'powershell' for command environment: Not usable outside of PowerShell
[0.305s] DEBUG:colcon.colcon_core.shell:Skip shell extension 'dsv' for command environment
[0.427s] INFO:colcon.colcon_core.task.python.build:Building Python package in '/home/swayanshree/projects/Makara-AUV-ROS2/src/makara_bringup'
[0.427s] INFO:colcon.colcon_core.shell:Skip shell extension 'powershell' for command environment: Not usable outside of PowerShell
[0.427s] DEBUG:colcon.colcon_core.shell:Skip shell extension 'dsv' for command environment
[0.545s] INFO:colcon.colcon_core.task.python.build:Building Python package in '/home/swayanshree/projects/Makara-AUV-ROS2/src/makara_vision'
[0.546s] INFO:colcon.colcon_core.shell:Skip shell extension 'powershell' for command environment: Not usable outside of PowerShell
[0.546s] DEBUG:colcon.colcon_core.shell:Skip shell extension 'dsv' for command environment
[0.662s] INFO:colcon.colcon_core.task.python.build:Building Python package in '/home/swayanshree/projects/Makara-AUV-ROS2/src/uuv_descriptions'
[0.663s] INFO:colcon.colcon_core.shell:Skip shell extension 'powershell' for command environment: Not usable outside of PowerShell
[0.663s] DEBUG:colcon.colcon_core.shell:Skip shell extension 'dsv' for command environment
[0.804s] INFO:colcon.colcon_core.task.python.build:Building Python package in '/home/swayanshree/projects/Makara-AUV-ROS2/src/uuv_gazebo_ros_plugins'
[0.804s] INFO:colcon.colcon_core.shell:Skip shell extension 'powershell' for command environment: Not usable outside of PowerShell
[0.804s] DEBUG:colcon.colcon_core.shell:Skip shell extension 'dsv' for command environment
[0.811s] DEBUG:colcon.colcon_core.event_handler.log_command:Invoked command in '/home/swayanshree/projects/Makara-AUV-ROS2/build/hammerhead_interfaces' returned '0': CMAKE_PREFIX_PATH=${CMAKE_PREFIX_PATH}:/opt/ros/jazzy DEBUGINFOD_URLS=https://debuginfod.ubuntu.com /usr/bin/cmake --build /home/swayanshree/projects/Makara-AUV-ROS2/build/hammerhead_interfaces -- -j16 -l16
[0.819s] DEBUG:colcon.colcon_core.event_handler.log_command:Invoking command in '/home/swayanshree/projects/Makara-AUV-ROS2/build/hammerhead_interfaces': CMAKE_PREFIX_PATH=${CMAKE_PREFIX_PATH}:/opt/ros/jazzy DEBUGINFOD_URLS=https://debuginfod.ubuntu.com /usr/bin/cmake --install /home/swayanshree/projects/Makara-AUV-ROS2/build/hammerhead_interfaces
[0.820s] DEBUG:colcon.colcon_core.event_handler.log_command:Invoked command in '/home/swayanshree/projects/Makara-AUV-ROS2/build/StateSpace' returned '0': CMAKE_PREFIX_PATH=${CMAKE_PREFIX_PATH}:/opt/ros/jazzy DEBUGINFOD_URLS=https://debuginfod.ubuntu.com /usr/bin/cmake --build /home/swayanshree/projects/Makara-AUV-ROS2/build/StateSpace -- -j16 -l16
[0.820s] DEBUG:colcon.colcon_core.event_handler.log_command:Invoking command in '/home/swayanshree/projects/Makara-AUV-ROS2/build/StateSpace': CMAKE_PREFIX_PATH=${CMAKE_PREFIX_PATH}:/opt/ros/jazzy DEBUGINFOD_URLS=https://debuginfod.ubuntu.com /usr/bin/cmake --install /home/swayanshree/projects/Makara-AUV-ROS2/build/StateSpace
[0.821s] DEBUG:colcon.colcon_core.event_handler.log_command:Invoked command in '/home/swayanshree/projects/Makara-AUV-ROS2/build/auv_description' returned '0': CMAKE_PREFIX_PATH=${CMAKE_PREFIX_PATH}:/opt/ros/jazzy DEBUGINFOD_URLS=https://debuginfod.ubuntu.com /usr/bin/cmake --build /home/swayanshree/projects/Makara-AUV-ROS2/build/auv_description -- -j16 -l16
[0.821s] DEBUG:colcon.colcon_core.event_handler.log_command:Invoking command in '/home/swayanshree/projects/Makara-AUV-ROS2/build/auv_description': CMAKE_PREFIX_PATH=${CMAKE_PREFIX_PATH}:/opt/ros/jazzy DEBUGINFOD_URLS=https://debuginfod.ubuntu.com /usr/bin/cmake --install /home/swayanshree/projects/Makara-AUV-ROS2/build/auv_description
[0.822s] DEBUG:colcon.colcon_core.event_handler.log_command:Invoked command in '/home/swayanshree/projects/Makara-AUV-ROS2/build/makara_interfaces' returned '0': CMAKE_PREFIX_PATH=${CMAKE_PREFIX_PATH}:/opt/ros/jazzy DEBUGINFOD_URLS=https://debuginfod.ubuntu.com /usr/bin/cmake --build /home/swayanshree/projects/Makara-AUV-ROS2/build/makara_interfaces -- -j16 -l16
[0.822s] DEBUG:colcon.colcon_core.event_handler.log_command:Invoking command in '/home/swayanshree/projects/Makara-AUV-ROS2/build/makara_interfaces': CMAKE_PREFIX_PATH=${CMAKE_PREFIX_PATH}:/opt/ros/jazzy DEBUGINFOD_URLS=https://debuginfod.ubuntu.com /usr/bin/cmake --install /home/swayanshree/projects/Makara-AUV-ROS2/build/makara_interfaces
[0.823s] DEBUG:colcon.colcon_core.event_handler.log_command:Invoked command in '/home/swayanshree/projects/Makara-AUV-ROS2/build/bluerov2_description' returned '0': CMAKE_PREFIX_PATH=${CMAKE_PREFIX_PATH}:/opt/ros/jazzy DEBUGINFOD_URLS=https://debuginfod.ubuntu.com /usr/bin/cmake --build /home/swayanshree/projects/Makara-AUV-ROS2/build/bluerov2_description -- -j16 -l16
[0.823s] DEBUG:colcon.colcon_core.event_handler.log_command:Invoking command in '/home/swayanshree/projects/Makara-AUV-ROS2/build/bluerov2_description': CMAKE_PREFIX_PATH=${CMAKE_PREFIX_PATH}:/opt/ros/jazzy DEBUGINFOD_URLS=https://debuginfod.ubuntu.com /usr/bin/cmake --install /home/swayanshree/projects/Makara-AUV-ROS2/build/bluerov2_description
[0.939s] INFO:colcon.colcon_core.task.python.build:Building Python package in '/home/swayanshree/projects/Makara-AUV-ROS2/src/uuv_sensor_ros_plugins'
[0.940s] INFO:colcon.colcon_core.shell:Skip shell extension 'powershell' for command environment: Not usable outside of PowerShell
[0.940s] DEBUG:colcon.colcon_core.shell:Skip shell extension 'dsv' for command environment
[0.972s] Level 1:colcon.colcon_core.environment:create_environment_scripts_only(StateSpace)
[0.973s] DEBUG:colcon.colcon_core.event_handler.log_command:Invoked command in '/home/swayanshree/projects/Makara-AUV-ROS2/build/StateSpace' returned '0': CMAKE_PREFIX_PATH=${CMAKE_PREFIX_PATH}:/opt/ros/jazzy DEBUGINFOD_URLS=https://debuginfod.ubuntu.com /usr/bin/cmake --install /home/swayanshree/projects/Makara-AUV-ROS2/build/StateSpace
[0.974s] Level 1:colcon.colcon_core.environment:checking '/home/swayanshree/projects/Makara-AUV-ROS2/install/StateSpace' for CMake module files
[0.974s] Level 1:colcon.colcon_core.environment:checking '/home/swayanshree/projects/Makara-AUV-ROS2/install/StateSpace' for CMake config files
[0.974s] Level 1:colcon.colcon_core.shell:create_environment_hook('StateSpace', 'cmake_prefix_path')
[0.974s] INFO:colcon.colcon_core.shell:Creating environment hook '/home/swayanshree/projects/Makara-AUV-ROS2/install/StateSpace/share/StateSpace/hook/cmake_prefix_path.ps1'
[0.974s] INFO:colcon.colcon_core.shell:Creating environment descriptor '/home/swayanshree/projects/Makara-AUV-ROS2/install/StateSpace/share/StateSpace/hook/cmake_prefix_path.dsv'
[0.974s] INFO:colcon.colcon_core.shell:Creating environment hook '/home/swayanshree/projects/Makara-AUV-ROS2/install/StateSpace/share/StateSpace/hook/cmake_prefix_path.sh'
[0.975s] Level 1:colcon.colcon_core.environment:checking '/home/swayanshree/projects/Makara-AUV-ROS2/install/StateSpace/lib'
[0.975s] Level 1:colcon.colcon_core.environment:checking '/home/swayanshree/projects/Makara-AUV-ROS2/install/StateSpace/bin'
[0.975s] Level 1:colcon.colcon_core.environment:checking '/home/swayanshree/projects/Makara-AUV-ROS2/install/StateSpace/lib/pkgconfig/StateSpace.pc'
[0.975s] Level 1:colcon.colcon_core.environment:checking '/home/swayanshree/projects/Makara-AUV-ROS2/install/StateSpace/lib/python3.12/site-packages'
[0.975s] Level 1:colcon.colcon_core.environment:checking '/home/swayanshree/projects/Makara-AUV-ROS2/install/StateSpace/bin'
[0.975s] INFO:colcon.colcon_core.shell:Creating package script '/home/swayanshree/projects/Makara-AUV-ROS2/install/StateSpace/share/StateSpace/package.ps1'
[0.976s] INFO:colcon.colcon_core.shell:Creating package descriptor '/home/swayanshree/projects/Makara-AUV-ROS2/install/StateSpace/share/StateSpace/package.dsv'
[0.976s] INFO:colcon.colcon_core.shell:Creating package script '/home/swayanshree/projects/Makara-AUV-ROS2/install/StateSpace/share/StateSpace/package.sh'
[0.976s] INFO:colcon.colcon_core.shell:Creating package script '/home/swayanshree/projects/Makara-AUV-ROS2/install/StateSpace/share/StateSpace/package.bash'
[0.977s] INFO:colcon.colcon_core.shell:Creating package script '/home/swayanshree/projects/Makara-AUV-ROS2/install/StateSpace/share/StateSpace/package.zsh'
[0.977s] Level 1:colcon.colcon_core.environment:create_file_with_runtime_dependencies(/home/swayanshree/projects/Makara-AUV-ROS2/install/StateSpace/share/colcon-core/packages/StateSpace)
[0.977s] Level 1:colcon.colcon_core.environment:create_environment_scripts_only(StateSpace)
[0.977s] Level 1:colcon.colcon_core.environment:checking '/home/swayanshree/projects/Makara-AUV-ROS2/install/StateSpace' for CMake module files
[0.978s] Level 1:colcon.colcon_core.environment:checking '/home/swayanshree/projects/Makara-AUV-ROS2/install/StateSpace' for CMake config files
[0.978s] Level 1:colcon.colcon_core.shell:create_environment_hook('StateSpace', 'cmake_prefix_path')
[0.978s] INFO:colcon.colcon_core.shell:Creating environment hook '/home/swayanshree/projects/Makara-AUV-ROS2/install/StateSpace/share/StateSpace/hook/cmake_prefix_path.ps1'
[0.978s] INFO:colcon.colcon_core.shell:Creating environment descriptor '/home/swayanshree/projects/Makara-AUV-ROS2/install/StateSpace/share/StateSpace/hook/cmake_prefix_path.dsv'
[0.978s] INFO:colcon.colcon_core.shell:Creating environment hook '/home/swayanshree/projects/Makara-AUV-ROS2/install/StateSpace/share/StateSpace/hook/cmake_prefix_path.sh'
[0.978s] Level 1:colcon.colcon_core.environment:checking '/home/swayanshree/projects/Makara-AUV-ROS2/install/StateSpace/lib'
[0.979s] Level 1:colcon.colcon_core.environment:checking '/home/swayanshree/projects/Makara-AUV-ROS2/install/StateSpace/bin'
[0.979s] Level 1:colcon.colcon_core.environment:checking '/home/swayanshree/projects/Makara-AUV-ROS2/install/StateSpace/lib/pkgconfig/StateSpace.pc'
[0.979s] Level 1:colcon.colcon_core.environment:checking '/home/swayanshree/projects/Makara-AUV-ROS2/install/StateSpace/lib/python3.12/site-packages'
[0.979s] Level 1:colcon.colcon_core.environment:checking '/home/swayanshree/projects/Makara-AUV-ROS2/install/StateSpace/bin'
[0.979s] INFO:colcon.colcon_core.shell:Creating package script '/home/swayanshree/projects/Makara-AUV-ROS2/install/StateSpace/share/StateSpace/package.ps1'
[0.979s] INFO:colcon.colcon_core.shell:Creating package descriptor '/home/swayanshree/projects/Makara-AUV-ROS2/install/StateSpace/share/StateSpace/package.dsv'
[0.980s] INFO:colcon.colcon_core.shell:Creating package script '/home/swayanshree/projects/Makara-AUV-ROS2/install/StateSpace/share/StateSpace/package.sh'
[0.980s] INFO:colcon.colcon_core.shell:Creating package script '/home/swayanshree/projects/Makara-AUV-ROS2/install/StateSpace/share/StateSpace/package.bash'
[0.980s] INFO:colcon.colcon_core.shell:Creating package script '/home/swayanshree/projects/Makara-AUV-ROS2/install/StateSpace/share/StateSpace/package.zsh'
[0.980s] Level 1:colcon.colcon_core.environment:create_file_with_runtime_dependencies(/home/swayanshree/projects/Makara-AUV-ROS2/install/StateSpace/share/colcon-core/packages/StateSpace)
[0.981s] Level 1:colcon.colcon_core.environment:create_environment_scripts_only(auv_description)
[0.981s] Level 1:colcon.colcon_core.environment:checking '/home/swayanshree/projects/Makara-AUV-ROS2/install/auv_description' for CMake module files
[0.982s] DEBUG:colcon.colcon_core.event_handler.log_command:Invoked command in '/home/swayanshree/projects/Makara-AUV-ROS2/build/auv_description' returned '0': CMAKE_PREFIX_PATH=${CMAKE_PREFIX_PATH}:/opt/ros/jazzy DEBUGINFOD_URLS=https://debuginfod.ubuntu.com /usr/bin/cmake --install /home/swayanshree/projects/Makara-AUV-ROS2/build/auv_description
[0.982s] Level 1:colcon.colcon_core.environment:checking '/home/swayanshree/projects/Makara-AUV-ROS2/install/auv_description' for CMake config files
[0.982s] Level 1:colcon.colcon_core.shell:create_environment_hook('auv_description', 'cmake_prefix_path')
[0.982s] INFO:colcon.colcon_core.shell:Creating environment hook '/home/swayanshree/projects/Makara-AUV-ROS2/install/auv_description/share/auv_description/hook/cmake_prefix_path.ps1'
[0.983s] INFO:colcon.colcon_core.shell:Creating environment descriptor '/home/swayanshree/projects/Makara-AUV-ROS2/install/auv_description/share/auv_description/hook/cmake_prefix_path.dsv'
[0.983s] INFO:colcon.colcon_core.shell:Creating environment hook '/home/swayanshree/projects/Makara-AUV-ROS2/install/auv_description/share/auv_description/hook/cmake_prefix_path.sh'
[0.984s] Level 1:colcon.colcon_core.environment:checking '/home/swayanshree/projects/Makara-AUV-ROS2/install/auv_description/lib'
[0.984s] Level 1:colcon.colcon_core.environment:checking '/home/swayanshree/projects/Makara-AUV-ROS2/install/auv_description/bin'
[0.984s] Level 1:colcon.colcon_core.environment:checking '/home/swayanshree/projects/Makara-AUV-ROS2/install/auv_description/lib/pkgconfig/auv_description.pc'
[0.984s] Level 1:colcon.colcon_core.environment:checking '/home/swayanshree/projects/Makara-AUV-ROS2/install/auv_description/lib/python3.12/site-packages'
[0.985s] Level 1:colcon.colcon_core.environment:checking '/home/swayanshree/projects/Makara-AUV-ROS2/install/auv_description/bin'
[0.985s] INFO:colcon.colcon_core.shell:Creating package script '/home/swayanshree/projects/Makara-AUV-ROS2/install/auv_description/share/auv_description/package.ps1'
[0.986s] INFO:colcon.colcon_core.shell:Creating package descriptor '/home/swayanshree/projects/Makara-AUV-ROS2/install/auv_description/share/auv_description/package.dsv'
[0.986s] INFO:colcon.colcon_core.shell:Creating package script '/home/swayanshree/projects/Makara-AUV-ROS2/install/auv_description/share/auv_description/package.sh'
[0.987s] INFO:colcon.colcon_core.shell:Creating package script '/home/swayanshree/projects/Makara-AUV-ROS2/install/auv_description/share/auv_description/package.bash'
[0.987s] INFO:colcon.colcon_core.shell:Creating package script '/home/swayanshree/projects/Makara-AUV-ROS2/install/auv_description/share/auv_description/package.zsh'
[0.989s] Level 1:colcon.colcon_core.environment:create_file_with_runtime_dependencies(/home/swayanshree/projects/Makara-AUV-ROS2/install/auv_description/share/colcon-core/packages/auv_description)
[0.992s] Level 1:colcon.colcon_core.environment:create_environment_scripts_only(auv_description)
[0.992s] Level 1:colcon.colcon_core.environment:checking '/home/swayanshree/projects/Makara-AUV-ROS2/install/auv_description' for CMake module files
[0.993s] Level 1:colcon.colcon_core.environment:checking '/home/swayanshree/projects/Makara-AUV-ROS2/install/auv_description' for CMake config files
[0.993s] Level 1:colcon.colcon_core.shell:create_environment_hook('auv_description', 'cmake_prefix_path')
[0.993s] INFO:colcon.colcon_core.shell:Creating environment hook '/home/swayanshree/projects/Makara-AUV-ROS2/install/auv_description/share/auv_description/hook/cmake_prefix_path.ps1'
[0.994s] INFO:colcon.colcon_core.shell:Creating environment descriptor '/home/swayanshree/projects/Makara-AUV-ROS2/install/auv_description/share/auv_description/hook/cmake_prefix_path.dsv'
[0.994s] INFO:colcon.colcon_core.shell:Creating environment hook '/home/swayanshree/projects/Makara-AUV-ROS2/install/auv_description/share/auv_description/hook/cmake_prefix_path.sh'
[0.994s] Level 1:colcon.colcon_core.environment:checking '/home/swayanshree/projects/Makara-AUV-ROS2/install/auv_description/lib'
[0.994s] Level 1:colcon.colcon_core.environment:checking '/home/swayanshree/projects/Makara-AUV-ROS2/install/auv_description/bin'
[0.995s] Level 1:colcon.colcon_core.environment:checking '/home/swayanshree/projects/Makara-AUV-ROS2/install/auv_description/lib/pkgconfig/auv_description.pc'
[0.995s] Level 1:colcon.colcon_core.environment:checking '/home/swayanshree/projects/Makara-AUV-ROS2/install/auv_description/lib/python3.12/site-packages'
[0.995s] Level 1:colcon.colcon_core.environment:checking '/home/swayanshree/projects/Makara-AUV-ROS2/install/auv_description/bin'
[0.995s] INFO:colcon.colcon_core.shell:Creating package script '/home/swayanshree/projects/Makara-AUV-ROS2/install/auv_description/share/auv_description/package.ps1'
[0.997s] INFO:colcon.colcon_core.shell:Creating package descriptor '/home/swayanshree/projects/Makara-AUV-ROS2/install/auv_description/share/auv_description/package.dsv'
[0.998s] INFO:colcon.colcon_core.shell:Creating package script '/home/swayanshree/projects/Makara-AUV-ROS2/install/auv_description/share/auv_description/package.sh'
[1.001s] INFO:colcon.colcon_core.shell:Creating package script '/home/swayanshree/projects/Makara-AUV-ROS2/install/auv_description/share/auv_description/package.bash'
[1.003s] INFO:colcon.colcon_core.shell:Creating package script '/home/swayanshree/projects/Makara-AUV-ROS2/install/auv_description/share/auv_description/package.zsh'
[1.003s] Level 1:colcon.colcon_core.environment:create_file_with_runtime_dependencies(/home/swayanshree/projects/Makara-AUV-ROS2/install/auv_description/share/colcon-core/packages/auv_description)
[1.003s] Level 1:colcon.colcon_core.environment:create_environment_scripts_only(bluerov2_description)
[1.004s] Level 1:colcon.colcon_core.environment:checking '/home/swayanshree/projects/Makara-AUV-ROS2/install/bluerov2_description' for CMake module files
[1.004s] Level 1:colcon.colcon_core.environment:checking '/home/swayanshree/projects/Makara-AUV-ROS2/install/bluerov2_description' for CMake config files
[1.005s] DEBUG:colcon.colcon_core.event_handler.log_command:Invoked command in '/home/swayanshree/projects/Makara-AUV-ROS2/build/bluerov2_description' returned '0': CMAKE_PREFIX_PATH=${CMAKE_PREFIX_PATH}:/opt/ros/jazzy DEBUGINFOD_URLS=https://debuginfod.ubuntu.com /usr/bin/cmake --install /home/swayanshree/projects/Makara-AUV-ROS2/build/bluerov2_description
[1.005s] Level 1:colcon.colcon_core.shell:create_environment_hook('bluerov2_description', 'cmake_prefix_path')
[1.005s] INFO:colcon.colcon_core.shell:Creating environment hook '/home/swayanshree/projects/Makara-AUV-ROS2/install/bluerov2_description/share/bluerov2_description/hook/cmake_prefix_path.ps1'
[1.005s] INFO:colcon.colcon_core.shell:Creating environment descriptor '/home/swayanshree/projects/Makara-AUV-ROS2/install/bluerov2_description/share/bluerov2_description/hook/cmake_prefix_path.dsv'
[1.006s] INFO:colcon.colcon_core.shell:Creating environment hook '/home/swayanshree/projects/Makara-AUV-ROS2/install/bluerov2_description/share/bluerov2_description/hook/cmake_prefix_path.sh'
[1.006s] Level 1:colcon.colcon_core.environment:checking '/home/swayanshree/projects/Makara-AUV-ROS2/install/bluerov2_description/bin'
[1.006s] Level 1:colcon.colcon_core.environment:checking '/home/swayanshree/projects/Makara-AUV-ROS2/install/bluerov2_description/lib/pkgconfig/bluerov2_description.pc'
[1.007s] Level 1:colcon.colcon_core.environment:checking '/home/swayanshree/projects/Makara-AUV-ROS2/install/bluerov2_description/lib/python3.12/site-packages'
[1.007s] Level 1:colcon.colcon_core.environment:checking '/home/swayanshree/projects/Makara-AUV-ROS2/install/bluerov2_description/bin'
[1.007s] INFO:colcon.colcon_core.shell:Creating package script '/home/swayanshree/projects/Makara-AUV-ROS2/install/bluerov2_description/share/bluerov2_description/package.ps1'
[1.008s] INFO:colcon.colcon_core.shell:Creating package descriptor '/home/swayanshree/projects/Makara-AUV-ROS2/install/bluerov2_description/share/bluerov2_description/package.dsv'
[1.008s] INFO:colcon.colcon_core.shell:Creating package script '/home/swayanshree/projects/Makara-AUV-ROS2/install/bluerov2_description/share/bluerov2_description/package.sh'
[1.008s] INFO:colcon.colcon_core.shell:Creating package script '/home/swayanshree/projects/Makara-AUV-ROS2/install/bluerov2_description/share/bluerov2_description/package.bash'
[1.009s] INFO:colcon.colcon_core.shell:Creating package script '/home/swayanshree/projects/Makara-AUV-ROS2/install/bluerov2_description/share/bluerov2_description/package.zsh'
[1.009s] Level 1:colcon.colcon_core.environment:create_file_with_runtime_dependencies(/home/swayanshree/projects/Makara-AUV-ROS2/install/bluerov2_description/share/colcon-core/packages/bluerov2_description)
[1.009s] Level 1:colcon.colcon_core.environment:create_environment_scripts_only(bluerov2_description)
[1.010s] Level 1:colcon.colcon_core.environment:checking '/home/swayanshree/projects/Makara-AUV-ROS2/install/bluerov2_description' for CMake module files
[1.010s] Level 1:colcon.colcon_core.environment:checking '/home/swayanshree/projects/Makara-AUV-ROS2/install/bluerov2_description' for CMake config files
[1.010s] Level 1:colcon.colcon_core.shell:create_environment_hook('bluerov2_description', 'cmake_prefix_path')
[1.010s] INFO:colcon.colcon_core.shell:Creating environment hook '/home/swayanshree/projects/Makara-AUV-ROS2/install/bluerov2_description/share/bluerov2_description/hook/cmake_prefix_path.ps1'
[1.011s] INFO:colcon.colcon_core.shell:Creating environment descriptor '/home/swayanshree/projects/Makara-AUV-ROS2/install/bluerov2_description/share/bluerov2_description/hook/cmake_prefix_path.dsv'
[1.011s] INFO:colcon.colcon_core.shell:Creating environment hook '/home/swayanshree/projects/Makara-AUV-ROS2/install/bluerov2_description/share/bluerov2_description/hook/cmake_prefix_path.sh'
[1.012s] Level 1:colcon.colcon_core.environment:checking '/home/swayanshree/projects/Makara-AUV-ROS2/install/bluerov2_description/bin'
[1.012s] Level 1:colcon.colcon_core.environment:checking '/home/swayanshree/projects/Makara-AUV-ROS2/install/bluerov2_description/lib/pkgconfig/bluerov2_description.pc'
[1.012s] Level 1:colcon.colcon_core.environment:checking '/home/swayanshree/projects/Makara-AUV-ROS2/install/bluerov2_description/lib/python3.12/site-packages'
[1.012s] Level 1:colcon.colcon_core.environment:checking '/home/swayanshree/projects/Makara-AUV-ROS2/install/bluerov2_description/bin'
[1.012s] INFO:colcon.colcon_core.shell:Creating package script '/home/swayanshree/projects/Makara-AUV-ROS2/install/bluerov2_description/share/bluerov2_description/package.ps1'
[1.013s] INFO:colcon.colcon_core.shell:Creating package descriptor '/home/swayanshree/projects/Makara-AUV-ROS2/install/bluerov2_description/share/bluerov2_description/package.dsv'
[1.013s] INFO:colcon.colcon_core.shell:Creating package script '/home/swayanshree/projects/Makara-AUV-ROS2/install/bluerov2_description/share/bluerov2_description/package.sh'
[1.014s] INFO:colcon.colcon_core.shell:Creating package script '/home/swayanshree/projects/Makara-AUV-ROS2/install/bluerov2_description/share/bluerov2_description/package.bash'
[1.014s] INFO:colcon.colcon_core.shell:Creating package script '/home/swayanshree/projects/Makara-AUV-ROS2/install/bluerov2_description/share/bluerov2_description/package.zsh'
[1.014s] Level 1:colcon.colcon_core.environment:create_file_with_runtime_dependencies(/home/swayanshree/projects/Makara-AUV-ROS2/install/bluerov2_description/share/colcon-core/packages/bluerov2_description)
[1.017s] Level 1:colcon.colcon_core.environment:create_environment_scripts_only(makara_interfaces)
[1.018s] Level 1:colcon.colcon_core.environment:checking '/home/swayanshree/projects/Makara-AUV-ROS2/install/makara_interfaces' for CMake module files
[1.018s] DEBUG:colcon.colcon_core.event_handler.log_command:Invoked command in '/home/swayanshree/projects/Makara-AUV-ROS2/build/makara_interfaces' returned '0': CMAKE_PREFIX_PATH=${CMAKE_PREFIX_PATH}:/opt/ros/jazzy DEBUGINFOD_URLS=https://debuginfod.ubuntu.com /usr/bin/cmake --install /home/swayanshree/projects/Makara-AUV-ROS2/build/makara_interfaces
[1.019s] Level 1:colcon.colcon_core.environment:checking '/home/swayanshree/projects/Makara-AUV-ROS2/install/makara_interfaces' for CMake config files
[1.019s] Level 1:colcon.colcon_core.shell:create_environment_hook('makara_interfaces', 'cmake_prefix_path')
[1.020s] INFO:colcon.colcon_core.shell:Creating environment hook '/home/swayanshree/projects/Makara-AUV-ROS2/install/makara_interfaces/share/makara_interfaces/hook/cmake_prefix_path.ps1'
[1.020s] INFO:colcon.colcon_core.shell:Creating environment descriptor '/home/swayanshree/projects/Makara-AUV-ROS2/install/makara_interfaces/share/makara_interfaces/hook/cmake_prefix_path.dsv'
[1.020s] INFO:colcon.colcon_core.shell:Creating environment hook '/home/swayanshree/projects/Makara-AUV-ROS2/install/makara_interfaces/share/makara_interfaces/hook/cmake_prefix_path.sh'
[1.021s] Level 1:colcon.colcon_core.environment:checking '/home/swayanshree/projects/Makara-AUV-ROS2/install/makara_interfaces/lib'
[1.021s] Level 1:colcon.colcon_core.shell:create_environment_hook('makara_interfaces', 'ld_library_path_lib')
[1.021s] INFO:colcon.colcon_core.shell:Creating environment hook '/home/swayanshree/projects/Makara-AUV-ROS2/install/makara_interfaces/share/makara_interfaces/hook/ld_library_path_lib.ps1'
[1.021s] INFO:colcon.colcon_core.shell:Creating environment descriptor '/home/swayanshree/projects/Makara-AUV-ROS2/install/makara_interfaces/share/makara_interfaces/hook/ld_library_path_lib.dsv'
[1.022s] INFO:colcon.colcon_core.shell:Creating environment hook '/home/swayanshree/projects/Makara-AUV-ROS2/install/makara_interfaces/share/makara_interfaces/hook/ld_library_path_lib.sh'
[1.022s] Level 1:colcon.colcon_core.environment:checking '/home/swayanshree/projects/Makara-AUV-ROS2/install/makara_interfaces/bin'
[1.022s] Level 1:colcon.colcon_core.environment:checking '/home/swayanshree/projects/Makara-AUV-ROS2/install/makara_interfaces/lib/pkgconfig/makara_interfaces.pc'
[1.022s] Level 1:colcon.colcon_core.environment:checking '/home/swayanshree/projects/Makara-AUV-ROS2/install/makara_interfaces/lib/python3.12/site-packages'
[1.022s] Level 1:colcon.colcon_core.shell:create_environment_hook('makara_interfaces', 'pythonpath')
[1.023s] INFO:colcon.colcon_core.shell:Creating environment hook '/home/swayanshree/projects/Makara-AUV-ROS2/install/makara_interfaces/share/makara_interfaces/hook/pythonpath.ps1'
[1.023s] INFO:colcon.colcon_core.shell:Creating environment descriptor '/home/swayanshree/projects/Makara-AUV-ROS2/install/makara_interfaces/share/makara_interfaces/hook/pythonpath.dsv'
[1.023s] INFO:colcon.colcon_core.shell:Creating environment hook '/home/swayanshree/projects/Makara-AUV-ROS2/install/makara_interfaces/share/makara_interfaces/hook/pythonpath.sh'
[1.024s] Level 1:colcon.colcon_core.environment:checking '/home/swayanshree/projects/Makara-AUV-ROS2/install/makara_interfaces/bin'
[1.024s] INFO:colcon.colcon_core.shell:Creating package script '/home/swayanshree/projects/Makara-AUV-ROS2/install/makara_interfaces/share/makara_interfaces/package.ps1'
[1.025s] INFO:colcon.colcon_core.shell:Creating package descriptor '/home/swayanshree/projects/Makara-AUV-ROS2/install/makara_interfaces/share/makara_interfaces/package.dsv'
[1.025s] INFO:colcon.colcon_core.shell:Creating package script '/home/swayanshree/projects/Makara-AUV-ROS2/install/makara_interfaces/share/makara_interfaces/package.sh'
[1.026s] INFO:colcon.colcon_core.shell:Creating package script '/home/swayanshree/projects/Makara-AUV-ROS2/install/makara_interfaces/share/makara_interfaces/package.bash'
[1.026s] INFO:colcon.colcon_core.shell:Creating package script '/home/swayanshree/projects/Makara-AUV-ROS2/install/makara_interfaces/share/makara_interfaces/package.zsh'
[1.026s] Level 1:colcon.colcon_core.environment:create_file_with_runtime_dependencies(/home/swayanshree/projects/Makara-AUV-ROS2/install/makara_interfaces/share/colcon-core/packages/makara_interfaces)
[1.027s] Level 1:colcon.colcon_core.environment:create_environment_scripts_only(makara_interfaces)
[1.027s] Level 1:colcon.colcon_core.environment:checking '/home/swayanshree/projects/Makara-AUV-ROS2/install/makara_interfaces' for CMake module files
[1.028s] Level 1:colcon.colcon_core.environment:checking '/home/swayanshree/projects/Makara-AUV-ROS2/install/makara_interfaces' for CMake config files
[1.028s] Level 1:colcon.colcon_core.shell:create_environment_hook('makara_interfaces', 'cmake_prefix_path')
[1.028s] INFO:colcon.colcon_core.shell:Creating environment hook '/home/swayanshree/projects/Makara-AUV-ROS2/install/makara_interfaces/share/makara_interfaces/hook/cmake_prefix_path.ps1'
[1.029s] INFO:colcon.colcon_core.shell:Creating environment descriptor '/home/swayanshree/projects/Makara-AUV-ROS2/install/makara_interfaces/share/makara_interfaces/hook/cmake_prefix_path.dsv'
[1.029s] INFO:colcon.colcon_core.shell:Creating environment hook '/home/swayanshree/projects/Makara-AUV-ROS2/install/makara_interfaces/share/makara_interfaces/hook/cmake_prefix_path.sh'
[1.029s] Level 1:colcon.colcon_core.environment:checking '/home/swayanshree/projects/Makara-AUV-ROS2/install/makara_interfaces/lib'
[1.030s] Level 1:colcon.colcon_core.shell:create_environment_hook('makara_interfaces', 'ld_library_path_lib')
[1.030s] INFO:colcon.colcon_core.shell:Creating environment hook '/home/swayanshree/projects/Makara-AUV-ROS2/install/makara_interfaces/share/makara_interfaces/hook/ld_library_path_lib.ps1'
[1.030s] INFO:colcon.colcon_core.shell:Creating environment descriptor '/home/swayanshree/projects/Makara-AUV-ROS2/install/makara_interfaces/share/makara_interfaces/hook/ld_library_path_lib.dsv'
[1.030s] INFO:colcon.colcon_core.shell:Creating environment hook '/home/swayanshree/projects/Makara-AUV-ROS2/install/makara_interfaces/share/makara_interfaces/hook/ld_library_path_lib.sh'
[1.031s] Level 1:colcon.colcon_core.environment:checking '/home/swayanshree/projects/Makara-AUV-ROS2/install/makara_interfaces/bin'
[1.031s] Level 1:colcon.colcon_core.environment:checking '/home/swayanshree/projects/Makara-AUV-ROS2/install/makara_interfaces/lib/pkgconfig/makara_interfaces.pc'
[1.031s] Level 1:colcon.colcon_core.environment:checking '/home/swayanshree/projects/Makara-AUV-ROS2/install/makara_interfaces/lib/python3.12/site-packages'
[1.031s] Level 1:colcon.colcon_core.shell:create_environment_hook('makara_interfaces', 'pythonpath')
[1.031s] INFO:colcon.colcon_core.shell:Creating environment hook '/home/swayanshree/projects/Makara-AUV-ROS2/install/makara_interfaces/share/makara_interfaces/hook/pythonpath.ps1'
[1.031s] INFO:colcon.colcon_core.shell:Creating environment descriptor '/home/swayanshree/projects/Makara-AUV-ROS2/install/makara_interfaces/share/makara_interfaces/hook/pythonpath.dsv'
[1.032s] INFO:colcon.colcon_core.shell:Creating environment hook '/home/swayanshree/projects/Makara-AUV-ROS2/install/makara_interfaces/share/makara_interfaces/hook/pythonpath.sh'
[1.032s] Level 1:colcon.colcon_core.environment:checking '/home/swayanshree/projects/Makara-AUV-ROS2/install/makara_interfaces/bin'
[1.033s] INFO:colcon.colcon_core.shell:Creating package script '/home/swayanshree/projects/Makara-AUV-ROS2/install/makara_interfaces/share/makara_interfaces/package.ps1'
[1.033s] INFO:colcon.colcon_core.shell:Creating package descriptor '/home/swayanshree/projects/Makara-AUV-ROS2/install/makara_interfaces/share/makara_interfaces/package.dsv'
[1.034s] INFO:colcon.colcon_core.shell:Creating package script '/home/swayanshree/projects/Makara-AUV-ROS2/install/makara_interfaces/share/makara_interfaces/package.sh'
[1.034s] INFO:colcon.colcon_core.shell:Creating package script '/home/swayanshree/projects/Makara-AUV-ROS2/install/makara_interfaces/share/makara_interfaces/package.bash'
[1.035s] INFO:colcon.colcon_core.shell:Creating package script '/home/swayanshree/projects/Makara-AUV-ROS2/install/makara_interfaces/share/makara_interfaces/package.zsh'
[1.035s] Level 1:colcon.colcon_core.environment:create_file_with_runtime_dependencies(/home/swayanshree/projects/Makara-AUV-ROS2/install/makara_interfaces/share/colcon-core/packages/makara_interfaces)
[1.035s] Level 1:colcon.colcon_core.environment:create_environment_scripts_only(hammerhead_interfaces)
[1.035s] Level 1:colcon.colcon_core.environment:checking '/home/swayanshree/projects/Makara-AUV-ROS2/install/hammerhead_interfaces' for CMake module files
[1.036s] Level 1:colcon.colcon_core.environment:checking '/home/swayanshree/projects/Makara-AUV-ROS2/install/hammerhead_interfaces' for CMake config files
[1.037s] DEBUG:colcon.colcon_core.event_handler.log_command:Invoked command in '/home/swayanshree/projects/Makara-AUV-ROS2/build/hammerhead_interfaces' returned '0': CMAKE_PREFIX_PATH=${CMAKE_PREFIX_PATH}:/opt/ros/jazzy DEBUGINFOD_URLS=https://debuginfod.ubuntu.com /usr/bin/cmake --install /home/swayanshree/projects/Makara-AUV-ROS2/build/hammerhead_interfaces
[1.037s] Level 1:colcon.colcon_core.shell:create_environment_hook('hammerhead_interfaces', 'cmake_prefix_path')
[1.038s] INFO:colcon.colcon_core.shell:Creating environment hook '/home/swayanshree/projects/Makara-AUV-ROS2/install/hammerhead_interfaces/share/hammerhead_interfaces/hook/cmake_prefix_path.ps1'
[1.038s] INFO:colcon.colcon_core.shell:Creating environment descriptor '/home/swayanshree/projects/Makara-AUV-ROS2/install/hammerhead_interfaces/share/hammerhead_interfaces/hook/cmake_prefix_path.dsv'
[1.038s] INFO:colcon.colcon_core.shell:Creating environment hook '/home/swayanshree/projects/Makara-AUV-ROS2/install/hammerhead_interfaces/share/hammerhead_interfaces/hook/cmake_prefix_path.sh'
[1.039s] Level 1:colcon.colcon_core.environment:checking '/home/swayanshree/projects/Makara-AUV-ROS2/install/hammerhead_interfaces/lib'
[1.039s] Level 1:colcon.colcon_core.shell:create_environment_hook('hammerhead_interfaces', 'ld_library_path_lib')
[1.039s] INFO:colcon.colcon_core.shell:Creating environment hook '/home/swayanshree/projects/Makara-AUV-ROS2/install/hammerhead_interfaces/share/hammerhead_interfaces/hook/ld_library_path_lib.ps1'
[1.039s] INFO:colcon.colcon_core.shell:Creating environment descriptor '/home/swayanshree/projects/Makara-AUV-ROS2/install/hammerhead_interfaces/share/hammerhead_interfaces/hook/ld_library_path_lib.dsv'
[1.040s] INFO:colcon.colcon_core.shell:Creating environment hook '/home/swayanshree/projects/Makara-AUV-ROS2/install/hammerhead_interfaces/share/hammerhead_interfaces/hook/ld_library_path_lib.sh'
[1.040s] Level 1:colcon.colcon_core.environment:checking '/home/swayanshree/projects/Makara-AUV-ROS2/install/hammerhead_interfaces/bin'
[1.040s] Level 1:colcon.colcon_core.environment:checking '/home/swayanshree/projects/Makara-AUV-ROS2/install/hammerhead_interfaces/lib/pkgconfig/hammerhead_interfaces.pc'
[1.040s] Level 1:colcon.colcon_core.environment:checking '/home/swayanshree/projects/Makara-AUV-ROS2/install/hammerhead_interfaces/lib/python3.12/site-packages'
[1.040s] Level 1:colcon.colcon_core.shell:create_environment_hook('hammerhead_interfaces', 'pythonpath')
[1.040s] INFO:colcon.colcon_core.shell:Creating environment hook '/home/swayanshree/projects/Makara-AUV-ROS2/install/hammerhead_interfaces/share/hammerhead_interfaces/hook/pythonpath.ps1'
[1.041s] INFO:colcon.colcon_core.shell:Creating environment descriptor '/home/swayanshree/projects/Makara-AUV-ROS2/install/hammerhead_interfaces/share/hammerhead_interfaces/hook/pythonpath.dsv'
[1.041s] INFO:colcon.colcon_core.shell:Creating environment hook '/home/swayanshree/projects/Makara-AUV-ROS2/install/hammerhead_interfaces/share/hammerhead_interfaces/hook/pythonpath.sh'
[1.041s] Level 1:colcon.colcon_core.environment:checking '/home/swayanshree/projects/Makara-AUV-ROS2/install/hammerhead_interfaces/bin'
[1.041s] INFO:colcon.colcon_core.shell:Creating package script '/home/swayanshree/projects/Makara-AUV-ROS2/install/hammerhead_interfaces/share/hammerhead_interfaces/package.ps1'
[1.042s] INFO:colcon.colcon_core.shell:Creating package descriptor '/home/swayanshree/projects/Makara-AUV-ROS2/install/hammerhead_interfaces/share/hammerhead_interfaces/package.dsv'
[1.042s] INFO:colcon.colcon_core.shell:Creating package script '/home/swayanshree/projects/Makara-AUV-ROS2/install/hammerhead_interfaces/share/hammerhead_interfaces/package.sh'
[1.042s] INFO:colcon.colcon_core.shell:Creating package script '/home/swayanshree/projects/Makara-AUV-ROS2/install/hammerhead_interfaces/share/hammerhead_interfaces/package.bash'
[1.042s] INFO:colcon.colcon_core.shell:Creating package script '/home/swayanshree/projects/Makara-AUV-ROS2/install/hammerhead_interfaces/share/hammerhead_interfaces/package.zsh'
[1.042s] Level 1:colcon.colcon_core.environment:create_file_with_runtime_dependencies(/home/swayanshree/projects/Makara-AUV-ROS2/install/hammerhead_interfaces/share/colcon-core/packages/hammerhead_interfaces)
[1.043s] Level 1:colcon.colcon_core.environment:create_environment_scripts_only(hammerhead_interfaces)
[1.043s] Level 1:colcon.colcon_core.environment:checking '/home/swayanshree/projects/Makara-AUV-ROS2/install/hammerhead_interfaces' for CMake module files
[1.043s] Level 1:colcon.colcon_core.environment:checking '/home/swayanshree/projects/Makara-AUV-ROS2/install/hammerhead_interfaces' for CMake config files
[1.043s] Level 1:colcon.colcon_core.shell:create_environment_hook('hammerhead_interfaces', 'cmake_prefix_path')
[1.044s] INFO:colcon.colcon_core.shell:Creating environment hook '/home/swayanshree/projects/Makara-AUV-ROS2/install/hammerhead_interfaces/share/hammerhead_interfaces/hook/cmake_prefix_path.ps1'
[1.044s] INFO:colcon.colcon_core.shell:Creating environment descriptor '/home/swayanshree/projects/Makara-AUV-ROS2/install/hammerhead_interfaces/share/hammerhead_interfaces/hook/cmake_prefix_path.dsv'
[1.044s] INFO:colcon.colcon_core.shell:Creating environment hook '/home/swayanshree/projects/Makara-AUV-ROS2/install/hammerhead_interfaces/share/hammerhead_interfaces/hook/cmake_prefix_path.sh'
[1.044s] Level 1:colcon.colcon_core.environment:checking '/home/swayanshree/projects/Makara-AUV-ROS2/install/hammerhead_interfaces/lib'
[1.044s] Level 1:colcon.colcon_core.shell:create_environment_hook('hammerhead_interfaces', 'ld_library_path_lib')
[1.044s] INFO:colcon.colcon_core.shell:Creating environment hook '/home/swayanshree/projects/Makara-AUV-ROS2/install/hammerhead_interfaces/share/hammerhead_interfaces/hook/ld_library_path_lib.ps1'
[1.045s] INFO:colcon.colcon_core.shell:Creating environment descriptor '/home/swayanshree/projects/Makara-AUV-ROS2/install/hammerhead_interfaces/share/hammerhead_interfaces/hook/ld_library_path_lib.dsv'
[1.045s] INFO:colcon.colcon_core.shell:Creating environment hook '/home/swayanshree/projects/Makara-AUV-ROS2/install/hammerhead_interfaces/share/hammerhead_interfaces/hook/ld_library_path_lib.sh'
[1.045s] Level 1:colcon.colcon_core.environment:checking '/home/swayanshree/projects/Makara-AUV-ROS2/install/hammerhead_interfaces/bin'
[1.045s] Level 1:colcon.colcon_core.environment:checking '/home/swayanshree/projects/Makara-AUV-ROS2/install/hammerhead_interfaces/lib/pkgconfig/hammerhead_interfaces.pc'
[1.045s] Level 1:colcon.colcon_core.environment:checking '/home/swayanshree/projects/Makara-AUV-ROS2/install/hammerhead_interfaces/lib/python3.12/site-packages'
[1.045s] Level 1:colcon.colcon_core.shell:create_environment_hook('hammerhead_interfaces', 'pythonpath')
[1.045s] INFO:colcon.colcon_core.shell:Creating environment hook '/home/swayanshree/projects/Makara-AUV-ROS2/install/hammerhead_interfaces/share/hammerhead_interfaces/hook/pythonpath.ps1'
[1.046s] INFO:colcon.colcon_core.shell:Creating environment descriptor '/home/swayanshree/projects/Makara-AUV-ROS2/install/hammerhead_interfaces/share/hammerhead_interfaces/hook/pythonpath.dsv'
[1.046s] INFO:colcon.colcon_core.shell:Creating environment hook '/home/swayanshree/projects/Makara-AUV-ROS2/install/hammerhead_interfaces/share/hammerhead_interfaces/hook/pythonpath.sh'
[1.046s] Level 1:colcon.colcon_core.environment:checking '/home/swayanshree/projects/Makara-AUV-ROS2/install/hammerhead_interfaces/bin'
[1.046s] INFO:colcon.colcon_core.shell:Creating package script '/home/swayanshree/projects/Makara-AUV-ROS2/install/hammerhead_interfaces/share/hammerhead_interfaces/package.ps1'
[1.047s] INFO:colcon.colcon_core.shell:Creating package descriptor '/home/swayanshree/projects/Makara-AUV-ROS2/install/hammerhead_interfaces/share/hammerhead_interfaces/package.dsv'
[1.047s] INFO:colcon.colcon_core.shell:Creating package script '/home/swayanshree/projects/Makara-AUV-ROS2/install/hammerhead_interfaces/share/hammerhead_interfaces/package.sh'
[1.047s] INFO:colcon.colcon_core.shell:Creating package script '/home/swayanshree/projects/Makara-AUV-ROS2/install/hammerhead_interfaces/share/hammerhead_interfaces/package.bash'
[1.047s] INFO:colcon.colcon_core.shell:Creating package script '/home/swayanshree/projects/Makara-AUV-ROS2/install/hammerhead_interfaces/share/hammerhead_interfaces/package.zsh'
[1.047s] Level 1:colcon.colcon_core.environment:create_file_with_runtime_dependencies(/home/swayanshree/projects/Makara-AUV-ROS2/install/hammerhead_interfaces/share/colcon-core/packages/hammerhead_interfaces)
[1.048s] INFO:colcon.colcon_ros.task.ament_cmake.build:Building ROS package in '/home/swayanshree/projects/Makara-AUV-ROS2/src/ardupilot_attitude_control' with build type 'ament_cmake'
[1.048s] INFO:colcon.colcon_cmake.task.cmake.build:Building CMake package in '/home/swayanshree/projects/Makara-AUV-ROS2/src/ardupilot_attitude_control'
[1.048s] INFO:colcon.colcon_core.shell:Skip shell extension 'powershell' for command environment: Not usable outside of PowerShell
[1.048s] DEBUG:colcon.colcon_core.shell:Skip shell extension 'dsv' for command environment
[1.050s] INFO:colcon.colcon_ros.task.ament_python.build:Building ROS package in '/home/swayanshree/projects/Makara-AUV-ROS2/src/hammerhead_serial' with build type 'ament_python'
[1.050s] Level 1:colcon.colcon_core.shell:create_environment_hook('hammerhead_serial', 'ament_prefix_path')
[1.050s] INFO:colcon.colcon_core.shell:Creating environment hook '/home/swayanshree/projects/Makara-AUV-ROS2/install/hammerhead_serial/share/hammerhead_serial/hook/ament_prefix_path.ps1'
[1.050s] INFO:colcon.colcon_core.shell:Creating environment descriptor '/home/swayanshree/projects/Makara-AUV-ROS2/install/hammerhead_serial/share/hammerhead_serial/hook/ament_prefix_path.dsv'
[1.050s] INFO:colcon.colcon_core.shell:Creating environment hook '/home/swayanshree/projects/Makara-AUV-ROS2/install/hammerhead_serial/share/hammerhead_serial/hook/ament_prefix_path.sh'
[1.051s] INFO:colcon.colcon_core.shell:Skip shell extension 'powershell' for command environment: Not usable outside of PowerShell
[1.051s] DEBUG:colcon.colcon_core.shell:Skip shell extension 'dsv' for command environment
[1.052s] INFO:colcon.colcon_ros.task.ament_cmake.build:Building ROS package in '/home/swayanshree/projects/Makara-AUV-ROS2/src/makara_control' with build type 'ament_cmake'
[1.052s] INFO:colcon.colcon_cmake.task.cmake.build:Building CMake package in '/home/swayanshree/projects/Makara-AUV-ROS2/src/makara_control'
[1.052s] INFO:colcon.colcon_core.shell:Skip shell extension 'powershell' for command environment: Not usable outside of PowerShell
[1.052s] DEBUG:colcon.colcon_core.shell:Skip shell extension 'dsv' for command environment
[1.055s] INFO:colcon.colcon_ros.task.ament_python.build:Building ROS package in '/home/swayanshree/projects/Makara-AUV-ROS2/src/makara_serial' with build type 'ament_python'
[1.055s] Level 1:colcon.colcon_core.shell:create_environment_hook('makara_serial', 'ament_prefix_path')
[1.056s] INFO:colcon.colcon_core.shell:Creating environment hook '/home/swayanshree/projects/Makara-AUV-ROS2/install/makara_serial/share/makara_serial/hook/ament_prefix_path.ps1'
[1.056s] INFO:colcon.colcon_core.shell:Creating environment descriptor '/home/swayanshree/projects/Makara-AUV-ROS2/install/makara_serial/share/makara_serial/hook/ament_prefix_path.dsv'
[1.057s] INFO:colcon.colcon_core.shell:Creating environment hook '/home/swayanshree/projects/Makara-AUV-ROS2/install/makara_serial/share/makara_serial/hook/ament_prefix_path.sh'
[1.057s] INFO:colcon.colcon_core.shell:Skip shell extension 'powershell' for command environment: Not usable outside of PowerShell
[1.057s] DEBUG:colcon.colcon_core.shell:Skip shell extension 'dsv' for command environment
[1.062s] DEBUG:colcon.colcon_core.event_handler.log_command:Invoking command in '/home/swayanshree/projects/Makara-AUV-ROS2/build/ardupilot_attitude_control': AMENT_PREFIX_PATH=/home/swayanshree/projects/Makara-AUV-ROS2/install/hammerhead_interfaces:${AMENT_PREFIX_PATH} CMAKE_PREFIX_PATH=/home/swayanshree/projects/Makara-AUV-ROS2/install/hammerhead_interfaces:/opt/ros/jazzy/opt/gz_sim_vendor:/opt/ros/jazzy/opt/gz_sensors_vendor:/opt/ros/jazzy/opt/gz_physics_vendor:/opt/ros/jazzy/opt/sdformat_vendor:/opt/ros/jazzy/opt/gz_gui_vendor:/opt/ros/jazzy/opt/gz_transport_vendor:/opt/ros/jazzy/opt/gz_rendering_vendor:/opt/ros/jazzy/opt/gz_plugin_vendor:/opt/ros/jazzy/opt/gz_fuel_tools_vendor:/opt/ros/jazzy/opt/gz_msgs_vendor:/opt/ros/jazzy/opt/gz_common_vendor:/opt/ros/jazzy/opt/gz_math_vendor:/opt/ros/jazzy/opt/gz_utils_vendor:/opt/ros/jazzy/opt/gz_tools_vendor:/opt/ros/jazzy/opt/gz_ogre_next_vendor:/opt/ros/jazzy/opt/gz_dartsim_vendor:/opt/ros/jazzy/opt/gz_cmake_vendor:/opt/ros/jazzy DEBUGINFOD_URLS=https://debuginfod.ubuntu.com LD_LIBRARY_PATH=/home/swayanshree/projects/Makara-AUV-ROS2/install/hammerhead_interfaces/lib:${LD_LIBRARY_PATH} PYTHONPATH=/home/swayanshree/projects/Makara-AUV-ROS2/install/hammerhead_interfaces/lib/python3.12/site-packages:${PYTHONPATH} /usr/bin/cmake --build /home/swayanshree/projects/Makara-AUV-ROS2/build/ardupilot_attitude_control -- -j16 -l16
[1.193s] INFO:colcon.colcon_core.task.python.build:Building Python package in '/home/swayanshree/projects/Makara-AUV-ROS2/src/hammerhead_serial'
[1.193s] INFO:colcon.colcon_core.shell:Skip shell extension 'powershell' for command environment: Not usable outside of PowerShell
[1.193s] DEBUG:colcon.colcon_core.shell:Skip shell extension 'dsv' for command environment
[1.196s] DEBUG:colcon.colcon_core.event_handler.log_command:Invoking command in '/home/swayanshree/projects/Makara-AUV-ROS2/build/makara_control': AMENT_PREFIX_PATH=/home/swayanshree/projects/Makara-AUV-ROS2/install/makara_interfaces:${AMENT_PREFIX_PATH} CMAKE_PREFIX_PATH=/home/swayanshree/projects/Makara-AUV-ROS2/install/makara_interfaces:/opt/ros/jazzy/opt/gz_sim_vendor:/opt/ros/jazzy/opt/gz_sensors_vendor:/opt/ros/jazzy/opt/gz_physics_vendor:/opt/ros/jazzy/opt/sdformat_vendor:/opt/ros/jazzy/opt/gz_gui_vendor:/opt/ros/jazzy/opt/gz_transport_vendor:/opt/ros/jazzy/opt/gz_rendering_vendor:/opt/ros/jazzy/opt/gz_plugin_vendor:/opt/ros/jazzy/opt/gz_fuel_tools_vendor:/opt/ros/jazzy/opt/gz_msgs_vendor:/opt/ros/jazzy/opt/gz_common_vendor:/opt/ros/jazzy/opt/gz_math_vendor:/opt/ros/jazzy/opt/gz_utils_vendor:/opt/ros/jazzy/opt/gz_tools_vendor:/opt/ros/jazzy/opt/gz_ogre_next_vendor:/opt/ros/jazzy/opt/gz_dartsim_vendor:/opt/ros/jazzy/opt/gz_cmake_vendor:/opt/ros/jazzy DEBUGINFOD_URLS=https://debuginfod.ubuntu.com LD_LIBRARY_PATH=/home/swayanshree/projects/Makara-AUV-ROS2/install/makara_interfaces/lib:${LD_LIBRARY_PATH} PYTHONPATH=/home/swayanshree/projects/Makara-AUV-ROS2/install/makara_interfaces/lib/python3.12/site-packages:${PYTHONPATH} /usr/bin/cmake --build /home/swayanshree/projects/Makara-AUV-ROS2/build/makara_control -- -j16 -l16
[1.329s] INFO:colcon.colcon_core.task.python.build:Building Python package in '/home/swayanshree/projects/Makara-AUV-ROS2/src/makara_serial'
[1.329s] INFO:colcon.colcon_core.shell:Skip shell extension 'powershell' for command environment: Not usable outside of PowerShell
[1.329s] DEBUG:colcon.colcon_core.shell:Skip shell extension 'dsv' for command environment
[1.332s] DEBUG:colcon.colcon_core.event_handler.log_command:Invoked command in '/home/swayanshree/projects/Makara-AUV-ROS2/build/ardupilot_attitude_control' returned '0': AMENT_PREFIX_PATH=/home/swayanshree/projects/Makara-AUV-ROS2/install/hammerhead_interfaces:${AMENT_PREFIX_PATH} CMAKE_PREFIX_PATH=/home/swayanshree/projects/Makara-AUV-ROS2/install/hammerhead_interfaces:/opt/ros/jazzy/opt/gz_sim_vendor:/opt/ros/jazzy/opt/gz_sensors_vendor:/opt/ros/jazzy/opt/gz_physics_vendor:/opt/ros/jazzy/opt/sdformat_vendor:/opt/ros/jazzy/opt/gz_gui_vendor:/opt/ros/jazzy/opt/gz_transport_vendor:/opt/ros/jazzy/opt/gz_rendering_vendor:/opt/ros/jazzy/opt/gz_plugin_vendor:/opt/ros/jazzy/opt/gz_fuel_tools_vendor:/opt/ros/jazzy/opt/gz_msgs_vendor:/opt/ros/jazzy/opt/gz_common_vendor:/opt/ros/jazzy/opt/gz_math_vendor:/opt/ros/jazzy/opt/gz_utils_vendor:/opt/ros/jazzy/opt/gz_tools_vendor:/opt/ros/jazzy/opt/gz_ogre_next_vendor:/opt/ros/jazzy/opt/gz_dartsim_vendor:/opt/ros/jazzy/opt/gz_cmake_vendor:/opt/ros/jazzy DEBUGINFOD_URLS=https://debuginfod.ubuntu.com LD_LIBRARY_PATH=/home/swayanshree/projects/Makara-AUV-ROS2/install/hammerhead_interfaces/lib:${LD_LIBRARY_PATH} PYTHONPATH=/home/swayanshree/projects/Makara-AUV-ROS2/install/hammerhead_interfaces/lib/python3.12/site-packages:${PYTHONPATH} /usr/bin/cmake --build /home/swayanshree/projects/Makara-AUV-ROS2/build/ardupilot_attitude_control -- -j16 -l16
[1.333s] DEBUG:colcon.colcon_core.event_handler.log_command:Invoking command in '/home/swayanshree/projects/Makara-AUV-ROS2/build/ardupilot_attitude_control': AMENT_PREFIX_PATH=/home/swayanshree/projects/Makara-AUV-ROS2/install/hammerhead_interfaces:${AMENT_PREFIX_PATH} CMAKE_PREFIX_PATH=/home/swayanshree/projects/Makara-AUV-ROS2/install/hammerhead_interfaces:/opt/ros/jazzy/opt/gz_sim_vendor:/opt/ros/jazzy/opt/gz_sensors_vendor:/opt/ros/jazzy/opt/gz_physics_vendor:/opt/ros/jazzy/opt/sdformat_vendor:/opt/ros/jazzy/opt/gz_gui_vendor:/opt/ros/jazzy/opt/gz_transport_vendor:/opt/ros/jazzy/opt/gz_rendering_vendor:/opt/ros/jazzy/opt/gz_plugin_vendor:/opt/ros/jazzy/opt/gz_fuel_tools_vendor:/opt/ros/jazzy/opt/gz_msgs_vendor:/opt/ros/jazzy/opt/gz_common_vendor:/opt/ros/jazzy/opt/gz_math_vendor:/opt/ros/jazzy/opt/gz_utils_vendor:/opt/ros/jazzy/opt/gz_tools_vendor:/opt/ros/jazzy/opt/gz_ogre_next_vendor:/opt/ros/jazzy/opt/gz_dartsim_vendor:/opt/ros/jazzy/opt/gz_cmake_vendor:/opt/ros/jazzy DEBUGINFOD_URLS=https://debuginfod.ubuntu.com LD_LIBRARY_PATH=/home/swayanshree/projects/Makara-AUV-ROS2/install/hammerhead_interfaces/lib:${LD_LIBRARY_PATH} PYTHONPATH=/home/swayanshree/projects/Makara-AUV-ROS2/install/hammerhead_interfaces/lib/python3.12/site-packages:${PYTHONPATH} /usr/bin/cmake --install /home/swayanshree/projects/Makara-AUV-ROS2/build/ardupilot_attitude_control
[1.335s] DEBUG:colcon.colcon_core.event_handler.log_command:Invoked command in '/home/swayanshree/projects/Makara-AUV-ROS2/build/makara_control' returned '0': AMENT_PREFIX_PATH=/home/swayanshree/projects/Makara-AUV-ROS2/install/makara_interfaces:${AMENT_PREFIX_PATH} CMAKE_PREFIX_PATH=/home/swayanshree/projects/Makara-AUV-ROS2/install/makara_interfaces:/opt/ros/jazzy/opt/gz_sim_vendor:/opt/ros/jazzy/opt/gz_sensors_vendor:/opt/ros/jazzy/opt/gz_physics_vendor:/opt/ros/jazzy/opt/sdformat_vendor:/opt/ros/jazzy/opt/gz_gui_vendor:/opt/ros/jazzy/opt/gz_transport_vendor:/opt/ros/jazzy/opt/gz_rendering_vendor:/opt/ros/jazzy/opt/gz_plugin_vendor:/opt/ros/jazzy/opt/gz_fuel_tools_vendor:/opt/ros/jazzy/opt/gz_msgs_vendor:/opt/ros/jazzy/opt/gz_common_vendor:/opt/ros/jazzy/opt/gz_math_vendor:/opt/ros/jazzy/opt/gz_utils_vendor:/opt/ros/jazzy/opt/gz_tools_vendor:/opt/ros/jazzy/opt/gz_ogre_next_vendor:/opt/ros/jazzy/opt/gz_dartsim_vendor:/opt/ros/jazzy/opt/gz_cmake_vendor:/opt/ros/jazzy DEBUGINFOD_URLS=https://debuginfod.ubuntu.com LD_LIBRARY_PATH=/home/swayanshree/projects/Makara-AUV-ROS2/install/makara_interfaces/lib:${LD_LIBRARY_PATH} PYTHONPATH=/home/swayanshree/projects/Makara-AUV-ROS2/install/makara_interfaces/lib/python3.12/site-packages:${PYTHONPATH} /usr/bin/cmake --build /home/swayanshree/projects/Makara-AUV-ROS2/build/makara_control -- -j16 -l16
[1.336s] DEBUG:colcon.colcon_core.event_handler.log_command:Invoking command in '/home/swayanshree/projects/Makara-AUV-ROS2/build/makara_control': AMENT_PREFIX_PATH=/home/swayanshree/projects/Makara-AUV-ROS2/install/makara_interfaces:${AMENT_PREFIX_PATH} CMAKE_PREFIX_PATH=/home/swayanshree/projects/Makara-AUV-ROS2/install/makara_interfaces:/opt/ros/jazzy/opt/gz_sim_vendor:/opt/ros/jazzy/opt/gz_sensors_vendor:/opt/ros/jazzy/opt/gz_physics_vendor:/opt/ros/jazzy/opt/sdformat_vendor:/opt/ros/jazzy/opt/gz_gui_vendor:/opt/ros/jazzy/opt/gz_transport_vendor:/opt/ros/jazzy/opt/gz_rendering_vendor:/opt/ros/jazzy/opt/gz_plugin_vendor:/opt/ros/jazzy/opt/gz_fuel_tools_vendor:/opt/ros/jazzy/opt/gz_msgs_vendor:/opt/ros/jazzy/opt/gz_common_vendor:/opt/ros/jazzy/opt/gz_math_vendor:/opt/ros/jazzy/opt/gz_utils_vendor:/opt/ros/jazzy/opt/gz_tools_vendor:/opt/ros/jazzy/opt/gz_ogre_next_vendor:/opt/ros/jazzy/opt/gz_dartsim_vendor:/opt/ros/jazzy/opt/gz_cmake_vendor:/opt/ros/jazzy DEBUGINFOD_URLS=https://debuginfod.ubuntu.com LD_LIBRARY_PATH=/home/swayanshree/projects/Makara-AUV-ROS2/install/makara_interfaces/lib:${LD_LIBRARY_PATH} PYTHONPATH=/home/swayanshree/projects/Makara-AUV-ROS2/install/makara_interfaces/lib/python3.12/site-packages:${PYTHONPATH} /usr/bin/cmake --install /home/swayanshree/projects/Makara-AUV-ROS2/build/makara_control
[1.345s] Level 1:colcon.colcon_core.environment:create_environment_scripts_only(makara_control)
[1.346s] Level 1:colcon.colcon_core.environment:checking '/home/swayanshree/projects/Makara-AUV-ROS2/install/makara_control' for CMake module files
[1.346s] DEBUG:colcon.colcon_core.event_handler.log_command:Invoked command in '/home/swayanshree/projects/Makara-AUV-ROS2/build/makara_control' returned '0': AMENT_PREFIX_PATH=/home/swayanshree/projects/Makara-AUV-ROS2/install/makara_interfaces:${AMENT_PREFIX_PATH} CMAKE_PREFIX_PATH=/home/swayanshree/projects/Makara-AUV-ROS2/install/makara_interfaces:/opt/ros/jazzy/opt/gz_sim_vendor:/opt/ros/jazzy/opt/gz_sensors_vendor:/opt/ros/jazzy/opt/gz_physics_vendor:/opt/ros/jazzy/opt/sdformat_vendor:/opt/ros/jazzy/opt/gz_gui_vendor:/opt/ros/jazzy/opt/gz_transport_vendor:/opt/ros/jazzy/opt/gz_rendering_vendor:/opt/ros/jazzy/opt/gz_plugin_vendor:/opt/ros/jazzy/opt/gz_fuel_tools_vendor:/opt/ros/jazzy/opt/gz_msgs_vendor:/opt/ros/jazzy/opt/gz_common_vendor:/opt/ros/jazzy/opt/gz_math_vendor:/opt/ros/jazzy/opt/gz_utils_vendor:/opt/ros/jazzy/opt/gz_tools_vendor:/opt/ros/jazzy/opt/gz_ogre_next_vendor:/opt/ros/jazzy/opt/gz_dartsim_vendor:/opt/ros/jazzy/opt/gz_cmake_vendor:/opt/ros/jazzy DEBUGINFOD_URLS=https://debuginfod.ubuntu.com LD_LIBRARY_PATH=/home/swayanshree/projects/Makara-AUV-ROS2/install/makara_interfaces/lib:${LD_LIBRARY_PATH} PYTHONPATH=/home/swayanshree/projects/Makara-AUV-ROS2/install/makara_interfaces/lib/python3.12/site-packages:${PYTHONPATH} /usr/bin/cmake --install /home/swayanshree/projects/Makara-AUV-ROS2/build/makara_control
[1.346s] Level 1:colcon.colcon_core.environment:checking '/home/swayanshree/projects/Makara-AUV-ROS2/install/makara_control' for CMake config files
[1.347s] Level 1:colcon.colcon_core.shell:create_environment_hook('makara_control', 'cmake_prefix_path')
[1.347s] INFO:colcon.colcon_core.shell:Creating environment hook '/home/swayanshree/projects/Makara-AUV-ROS2/install/makara_control/share/makara_control/hook/cmake_prefix_path.ps1'
[1.347s] INFO:colcon.colcon_core.shell:Creating environment descriptor '/home/swayanshree/projects/Makara-AUV-ROS2/install/makara_control/share/makara_control/hook/cmake_prefix_path.dsv'
[1.347s] INFO:colcon.colcon_core.shell:Creating environment hook '/home/swayanshree/projects/Makara-AUV-ROS2/install/makara_control/share/makara_control/hook/cmake_prefix_path.sh'
[1.348s] Level 1:colcon.colcon_core.environment:checking '/home/swayanshree/projects/Makara-AUV-ROS2/install/makara_control/lib'
[1.348s] Level 1:colcon.colcon_core.environment:checking '/home/swayanshree/projects/Makara-AUV-ROS2/install/makara_control/bin'
[1.348s] Level 1:colcon.colcon_core.environment:checking '/home/swayanshree/projects/Makara-AUV-ROS2/install/makara_control/lib/pkgconfig/makara_control.pc'
[1.348s] Level 1:colcon.colcon_core.environment:checking '/home/swayanshree/projects/Makara-AUV-ROS2/install/makara_control/lib/python3.12/site-packages'
[1.348s] Level 1:colcon.colcon_core.environment:checking '/home/swayanshree/projects/Makara-AUV-ROS2/install/makara_control/bin'
[1.349s] INFO:colcon.colcon_core.shell:Creating package script '/home/swayanshree/projects/Makara-AUV-ROS2/install/makara_control/share/makara_control/package.ps1'
[1.349s] INFO:colcon.colcon_core.shell:Creating package descriptor '/home/swayanshree/projects/Makara-AUV-ROS2/install/makara_control/share/makara_control/package.dsv'
[1.349s] INFO:colcon.colcon_core.shell:Creating package script '/home/swayanshree/projects/Makara-AUV-ROS2/install/makara_control/share/makara_control/package.sh'
[1.350s] INFO:colcon.colcon_core.shell:Creating package script '/home/swayanshree/projects/Makara-AUV-ROS2/install/makara_control/share/makara_control/package.bash'
[1.350s] INFO:colcon.colcon_core.shell:Creating package script '/home/swayanshree/projects/Makara-AUV-ROS2/install/makara_control/share/makara_control/package.zsh'
[1.350s] Level 1:colcon.colcon_core.environment:create_file_with_runtime_dependencies(/home/swayanshree/projects/Makara-AUV-ROS2/install/makara_control/share/colcon-core/packages/makara_control)
[1.350s] Level 1:colcon.colcon_core.environment:create_environment_scripts_only(makara_control)
[1.350s] Level 1:colcon.colcon_core.environment:checking '/home/swayanshree/projects/Makara-AUV-ROS2/install/makara_control' for CMake module files
[1.351s] Level 1:colcon.colcon_core.environment:checking '/home/swayanshree/projects/Makara-AUV-ROS2/install/makara_control' for CMake config files
[1.351s] Level 1:colcon.colcon_core.shell:create_environment_hook('makara_control', 'cmake_prefix_path')
[1.351s] INFO:colcon.colcon_core.shell:Creating environment hook '/home/swayanshree/projects/Makara-AUV-ROS2/install/makara_control/share/makara_control/hook/cmake_prefix_path.ps1'
[1.351s] INFO:colcon.colcon_core.shell:Creating environment descriptor '/home/swayanshree/projects/Makara-AUV-ROS2/install/makara_control/share/makara_control/hook/cmake_prefix_path.dsv'
[1.351s] INFO:colcon.colcon_core.shell:Creating environment hook '/home/swayanshree/projects/Makara-AUV-ROS2/install/makara_control/share/makara_control/hook/cmake_prefix_path.sh'
[1.352s] Level 1:colcon.colcon_core.environment:checking '/home/swayanshree/projects/Makara-AUV-ROS2/install/makara_control/lib'
[1.352s] Level 1:colcon.colcon_core.environment:checking '/home/swayanshree/projects/Makara-AUV-ROS2/install/makara_control/bin'
[1.352s] Level 1:colcon.colcon_core.environment:checking '/home/swayanshree/projects/Makara-AUV-ROS2/install/makara_control/lib/pkgconfig/makara_control.pc'
[1.352s] Level 1:colcon.colcon_core.environment:checking '/home/swayanshree/projects/Makara-AUV-ROS2/install/makara_control/lib/python3.12/site-packages'
[1.352s] Level 1:colcon.colcon_core.environment:checking '/home/swayanshree/projects/Makara-AUV-ROS2/install/makara_control/bin'
[1.352s] INFO:colcon.colcon_core.shell:Creating package script '/home/swayanshree/projects/Makara-AUV-ROS2/install/makara_control/share/makara_control/package.ps1'
[1.353s] INFO:colcon.colcon_core.shell:Creating package descriptor '/home/swayanshree/projects/Makara-AUV-ROS2/install/makara_control/share/makara_control/package.dsv'
[1.353s] INFO:colcon.colcon_core.shell:Creating package script '/home/swayanshree/projects/Makara-AUV-ROS2/install/makara_control/share/makara_control/package.sh'
[1.353s] INFO:colcon.colcon_core.shell:Creating package script '/home/swayanshree/projects/Makara-AUV-ROS2/install/makara_control/share/makara_control/package.bash'
[1.353s] INFO:colcon.colcon_core.shell:Creating package script '/home/swayanshree/projects/Makara-AUV-ROS2/install/makara_control/share/makara_control/package.zsh'
[1.353s] Level 1:colcon.colcon_core.environment:create_file_with_runtime_dependencies(/home/swayanshree/projects/Makara-AUV-ROS2/install/makara_control/share/colcon-core/packages/makara_control)
[1.354s] Level 1:colcon.colcon_core.environment:create_environment_scripts_only(ardupilot_attitude_control)
[1.354s] Level 1:colcon.colcon_core.environment:checking '/home/swayanshree/projects/Makara-AUV-ROS2/install/ardupilot_attitude_control' for CMake module files
[1.355s] Level 1:colcon.colcon_core.environment:checking '/home/swayanshree/projects/Makara-AUV-ROS2/install/ardupilot_attitude_control' for CMake config files
[1.355s] DEBUG:colcon.colcon_core.event_handler.log_command:Invoked command in '/home/swayanshree/projects/Makara-AUV-ROS2/build/ardupilot_attitude_control' returned '0': AMENT_PREFIX_PATH=/home/swayanshree/projects/Makara-AUV-ROS2/install/hammerhead_interfaces:${AMENT_PREFIX_PATH} CMAKE_PREFIX_PATH=/home/swayanshree/projects/Makara-AUV-ROS2/install/hammerhead_interfaces:/opt/ros/jazzy/opt/gz_sim_vendor:/opt/ros/jazzy/opt/gz_sensors_vendor:/opt/ros/jazzy/opt/gz_physics_vendor:/opt/ros/jazzy/opt/sdformat_vendor:/opt/ros/jazzy/opt/gz_gui_vendor:/opt/ros/jazzy/opt/gz_transport_vendor:/opt/ros/jazzy/opt/gz_rendering_vendor:/opt/ros/jazzy/opt/gz_plugin_vendor:/opt/ros/jazzy/opt/gz_fuel_tools_vendor:/opt/ros/jazzy/opt/gz_msgs_vendor:/opt/ros/jazzy/opt/gz_common_vendor:/opt/ros/jazzy/opt/gz_math_vendor:/opt/ros/jazzy/opt/gz_utils_vendor:/opt/ros/jazzy/opt/gz_tools_vendor:/opt/ros/jazzy/opt/gz_ogre_next_vendor:/opt/ros/jazzy/opt/gz_dartsim_vendor:/opt/ros/jazzy/opt/gz_cmake_vendor:/opt/ros/jazzy DEBUGINFOD_URLS=https://debuginfod.ubuntu.com LD_LIBRARY_PATH=/home/swayanshree/projects/Makara-AUV-ROS2/install/hammerhead_interfaces/lib:${LD_LIBRARY_PATH} PYTHONPATH=/home/swayanshree/projects/Makara-AUV-ROS2/install/hammerhead_interfaces/lib/python3.12/site-packages:${PYTHONPATH} /usr/bin/cmake --install /home/swayanshree/projects/Makara-AUV-ROS2/build/ardupilot_attitude_control
[1.355s] Level 1:colcon.colcon_core.shell:create_environment_hook('ardupilot_attitude_control', 'cmake_prefix_path')
[1.355s] INFO:colcon.colcon_core.shell:Creating environment hook '/home/swayanshree/projects/Makara-AUV-ROS2/install/ardupilot_attitude_control/share/ardupilot_attitude_control/hook/cmake_prefix_path.ps1'
[1.355s] INFO:colcon.colcon_core.shell:Creating environment descriptor '/home/swayanshree/projects/Makara-AUV-ROS2/install/ardupilot_attitude_control/share/ardupilot_attitude_control/hook/cmake_prefix_path.dsv'
[1.356s] INFO:colcon.colcon_core.shell:Creating environment hook '/home/swayanshree/projects/Makara-AUV-ROS2/install/ardupilot_attitude_control/share/ardupilot_attitude_control/hook/cmake_prefix_path.sh'
[1.356s] Level 1:colcon.colcon_core.environment:checking '/home/swayanshree/projects/Makara-AUV-ROS2/install/ardupilot_attitude_control/lib'
[1.356s] Level 1:colcon.colcon_core.environment:checking '/home/swayanshree/projects/Makara-AUV-ROS2/install/ardupilot_attitude_control/bin'
[1.356s] Level 1:colcon.colcon_core.environment:checking '/home/swayanshree/projects/Makara-AUV-ROS2/install/ardupilot_attitude_control/lib/pkgconfig/ardupilot_attitude_control.pc'
[1.356s] Level 1:colcon.colcon_core.environment:checking '/home/swayanshree/projects/Makara-AUV-ROS2/install/ardupilot_attitude_control/lib/python3.12/site-packages'
[1.356s] Level 1:colcon.colcon_core.environment:checking '/home/swayanshree/projects/Makara-AUV-ROS2/install/ardupilot_attitude_control/bin'
[1.357s] INFO:colcon.colcon_core.shell:Creating package script '/home/swayanshree/projects/Makara-AUV-ROS2/install/ardupilot_attitude_control/share/ardupilot_attitude_control/package.ps1'
[1.357s] INFO:colcon.colcon_core.shell:Creating package descriptor '/home/swayanshree/projects/Makara-AUV-ROS2/install/ardupilot_attitude_control/share/ardupilot_attitude_control/package.dsv'
[1.357s] INFO:colcon.colcon_core.shell:Creating package script '/home/swayanshree/projects/Makara-AUV-ROS2/install/ardupilot_attitude_control/share/ardupilot_attitude_control/package.sh'
[1.358s] INFO:colcon.colcon_core.shell:Creating package script '/home/swayanshree/projects/Makara-AUV-ROS2/install/ardupilot_attitude_control/share/ardupilot_attitude_control/package.bash'
[1.358s] INFO:colcon.colcon_core.shell:Creating package script '/home/swayanshree/projects/Makara-AUV-ROS2/install/ardupilot_attitude_control/share/ardupilot_attitude_control/package.zsh'
[1.358s] Level 1:colcon.colcon_core.environment:create_file_with_runtime_dependencies(/home/swayanshree/projects/Makara-AUV-ROS2/install/ardupilot_attitude_control/share/colcon-core/packages/ardupilot_attitude_control)
[1.358s] Level 1:colcon.colcon_core.environment:create_environment_scripts_only(ardupilot_attitude_control)
[1.358s] Level 1:colcon.colcon_core.environment:checking '/home/swayanshree/projects/Makara-AUV-ROS2/install/ardupilot_attitude_control' for CMake module files
[1.359s] Level 1:colcon.colcon_core.environment:checking '/home/swayanshree/projects/Makara-AUV-ROS2/install/ardupilot_attitude_control' for CMake config files
[1.359s] Level 1:colcon.colcon_core.shell:create_environment_hook('ardupilot_attitude_control', 'cmake_prefix_path')
[1.359s] INFO:colcon.colcon_core.shell:Creating environment hook '/home/swayanshree/projects/Makara-AUV-ROS2/install/ardupilot_attitude_control/share/ardupilot_attitude_control/hook/cmake_prefix_path.ps1'
[1.359s] INFO:colcon.colcon_core.shell:Creating environment descriptor '/home/swayanshree/projects/Makara-AUV-ROS2/install/ardupilot_attitude_control/share/ardupilot_attitude_control/hook/cmake_prefix_path.dsv'
[1.359s] INFO:colcon.colcon_core.shell:Creating environment hook '/home/swayanshree/projects/Makara-AUV-ROS2/install/ardupilot_attitude_control/share/ardupilot_attitude_control/hook/cmake_prefix_path.sh'
[1.360s] Level 1:colcon.colcon_core.environment:checking '/home/swayanshree/projects/Makara-AUV-ROS2/install/ardupilot_attitude_control/lib'
[1.360s] Level 1:colcon.colcon_core.environment:checking '/home/swayanshree/projects/Makara-AUV-ROS2/install/ardupilot_attitude_control/bin'
[1.360s] Level 1:colcon.colcon_core.environment:checking '/home/swayanshree/projects/Makara-AUV-ROS2/install/ardupilot_attitude_control/lib/pkgconfig/ardupilot_attitude_control.pc'
[1.360s] Level 1:colcon.colcon_core.environment:checking '/home/swayanshree/projects/Makara-AUV-ROS2/install/ardupilot_attitude_control/lib/python3.12/site-packages'
[1.360s] Level 1:colcon.colcon_core.environment:checking '/home/swayanshree/projects/Makara-AUV-ROS2/install/ardupilot_attitude_control/bin'
[1.360s] INFO:colcon.colcon_core.shell:Creating package script '/home/swayanshree/projects/Makara-AUV-ROS2/install/ardupilot_attitude_control/share/ardupilot_attitude_control/package.ps1'
[1.361s] INFO:colcon.colcon_core.shell:Creating package descriptor '/home/swayanshree/projects/Makara-AUV-ROS2/install/ardupilot_attitude_control/share/ardupilot_attitude_control/package.dsv'
[1.361s] INFO:colcon.colcon_core.shell:Creating package script '/home/swayanshree/projects/Makara-AUV-ROS2/install/ardupilot_attitude_control/share/ardupilot_attitude_control/package.sh'
[1.361s] INFO:colcon.colcon_core.shell:Creating package script '/home/swayanshree/projects/Makara-AUV-ROS2/install/ardupilot_attitude_control/share/ardupilot_attitude_control/package.bash'
[1.362s] INFO:colcon.colcon_core.shell:Creating package script '/home/swayanshree/projects/Makara-AUV-ROS2/install/ardupilot_attitude_control/share/ardupilot_attitude_control/package.zsh'
[1.362s] Level 1:colcon.colcon_core.environment:create_file_with_runtime_dependencies(/home/swayanshree/projects/Makara-AUV-ROS2/install/ardupilot_attitude_control/share/colcon-core/packages/ardupilot_attitude_control)
[1.363s] DEBUG:colcon.colcon_core.event_handler.log_command:Invoking command in '/home/swayanshree/projects/Makara-AUV-ROS2/src/makara_bringup': DEBUGINFOD_URLS=https://debuginfod.ubuntu.com PYTHONPATH=/home/swayanshree/projects/Makara-AUV-ROS2/build/makara_bringup/prefix_override:/usr/lib/python3/dist-packages/colcon_core/task/python/colcon_distutils_commands:/home/swayanshree/projects/Makara-AUV-ROS2/install/makara_bringup/lib/python3.12/site-packages:${PYTHONPATH} /usr/bin/python3 -W ignore:setup.py install is deprecated -W ignore:easy_install command is deprecated setup.py egg_info --egg-base ../../build/makara_bringup build --build-base /home/swayanshree/projects/Makara-AUV-ROS2/build/makara_bringup/build install --record /home/swayanshree/projects/Makara-AUV-ROS2/build/makara_bringup/install.log --single-version-externally-managed install_data
[1.366s] DEBUG:colcon.colcon_core.event_handler.log_command:Invoking command in '/home/swayanshree/projects/Makara-AUV-ROS2/src/data_sync': DEBUGINFOD_URLS=https://debuginfod.ubuntu.com PYTHONPATH=/home/swayanshree/projects/Makara-AUV-ROS2/build/data_sync/prefix_override:/usr/lib/python3/dist-packages/colcon_core/task/python/colcon_distutils_commands:/home/swayanshree/projects/Makara-AUV-ROS2/install/data_sync/lib/python3.12/site-packages:${PYTHONPATH} /usr/bin/python3 -W ignore:setup.py install is deprecated -W ignore:easy_install command is deprecated setup.py egg_info --egg-base ../../build/data_sync build --build-base /home/swayanshree/projects/Makara-AUV-ROS2/build/data_sync/build install --record /home/swayanshree/projects/Makara-AUV-ROS2/build/data_sync/install.log --single-version-externally-managed install_data
[1.369s] DEBUG:colcon.colcon_core.event_handler.log_command:Invoking command in '/home/swayanshree/projects/Makara-AUV-ROS2/src/uuv_gazebo_ros_plugins': DEBUGINFOD_URLS=https://debuginfod.ubuntu.com PYTHONPATH=/home/swayanshree/projects/Makara-AUV-ROS2/build/uuv_gazebo_ros_plugins/prefix_override:/usr/lib/python3/dist-packages/colcon_core/task/python/colcon_distutils_commands:/home/swayanshree/projects/Makara-AUV-ROS2/install/uuv_gazebo_ros_plugins/lib/python3.12/site-packages:${PYTHONPATH} /usr/bin/python3 -W ignore:setup.py install is deprecated -W ignore:easy_install command is deprecated setup.py egg_info --egg-base ../../build/uuv_gazebo_ros_plugins build --build-base /home/swayanshree/projects/Makara-AUV-ROS2/build/uuv_gazebo_ros_plugins/build install --record /home/swayanshree/projects/Makara-AUV-ROS2/build/uuv_gazebo_ros_plugins/install.log --single-version-externally-managed install_data
[1.370s] DEBUG:colcon.colcon_core.event_handler.log_command:Invoking command in '/home/swayanshree/projects/Makara-AUV-ROS2/src/makara_vision': DEBUGINFOD_URLS=https://debuginfod.ubuntu.com PYTHONPATH=/home/swayanshree/projects/Makara-AUV-ROS2/build/makara_vision/prefix_override:/usr/lib/python3/dist-packages/colcon_core/task/python/colcon_distutils_commands:/home/swayanshree/projects/Makara-AUV-ROS2/install/makara_vision/lib/python3.12/site-packages:${PYTHONPATH} /usr/bin/python3 -W ignore:setup.py install is deprecated -W ignore:easy_install command is deprecated setup.py egg_info --egg-base ../../build/makara_vision build --build-base /home/swayanshree/projects/Makara-AUV-ROS2/build/makara_vision/build install --record /home/swayanshree/projects/Makara-AUV-ROS2/build/makara_vision/install.log --single-version-externally-managed install_data
[1.390s] DEBUG:colcon.colcon_core.event_handler.log_command:Invoking command in '/home/swayanshree/projects/Makara-AUV-ROS2/src/uuv_descriptions': DEBUGINFOD_URLS=https://debuginfod.ubuntu.com PYTHONPATH=/home/swayanshree/projects/Makara-AUV-ROS2/build/uuv_descriptions/prefix_override:/usr/lib/python3/dist-packages/colcon_core/task/python/colcon_distutils_commands:/home/swayanshree/projects/Makara-AUV-ROS2/install/uuv_descriptions/lib/python3.12/site-packages:${PYTHONPATH} /usr/bin/python3 -W ignore:setup.py install is deprecated -W ignore:easy_install command is deprecated setup.py egg_info --egg-base ../../build/uuv_descriptions build --build-base /home/swayanshree/projects/Makara-AUV-ROS2/build/uuv_descriptions/build install --record /home/swayanshree/projects/Makara-AUV-ROS2/build/uuv_descriptions/install.log --single-version-externally-managed install_data
[1.668s] Level 1:colcon.colcon_core.environment:checking '/home/swayanshree/projects/Makara-AUV-ROS2/install/makara_bringup' for CMake module files
[1.668s] DEBUG:colcon.colcon_core.event_handler.log_command:Invoked command in '/home/swayanshree/projects/Makara-AUV-ROS2/src/makara_bringup' returned '0': DEBUGINFOD_URLS=https://debuginfod.ubuntu.com PYTHONPATH=/home/swayanshree/projects/Makara-AUV-ROS2/build/makara_bringup/prefix_override:/usr/lib/python3/dist-packages/colcon_core/task/python/colcon_distutils_commands:/home/swayanshree/projects/Makara-AUV-ROS2/install/makara_bringup/lib/python3.12/site-packages:${PYTHONPATH} /usr/bin/python3 -W ignore:setup.py install is deprecated -W ignore:easy_install command is deprecated setup.py egg_info --egg-base ../../build/makara_bringup build --build-base /home/swayanshree/projects/Makara-AUV-ROS2/build/makara_bringup/build install --record /home/swayanshree/projects/Makara-AUV-ROS2/build/makara_bringup/install.log --single-version-externally-managed install_data
[1.669s] Level 1:colcon.colcon_core.environment:checking '/home/swayanshree/projects/Makara-AUV-ROS2/install/makara_bringup' for CMake config files
[1.669s] Level 1:colcon.colcon_core.environment:checking '/home/swayanshree/projects/Makara-AUV-ROS2/install/makara_bringup/lib'
[1.669s] Level 1:colcon.colcon_core.environment:checking '/home/swayanshree/projects/Makara-AUV-ROS2/install/makara_bringup/bin'
[1.669s] Level 1:colcon.colcon_core.environment:checking '/home/swayanshree/projects/Makara-AUV-ROS2/install/makara_bringup/lib/pkgconfig/makara_bringup.pc'
[1.669s] Level 1:colcon.colcon_core.environment:checking '/home/swayanshree/projects/Makara-AUV-ROS2/install/makara_bringup/lib/python3.12/site-packages'
[1.669s] Level 1:colcon.colcon_core.shell:create_environment_hook('makara_bringup', 'pythonpath')
[1.669s] INFO:colcon.colcon_core.shell:Creating environment hook '/home/swayanshree/projects/Makara-AUV-ROS2/install/makara_bringup/share/makara_bringup/hook/pythonpath.ps1'
[1.670s] INFO:colcon.colcon_core.shell:Creating environment descriptor '/home/swayanshree/projects/Makara-AUV-ROS2/install/makara_bringup/share/makara_bringup/hook/pythonpath.dsv'
[1.670s] INFO:colcon.colcon_core.shell:Creating environment hook '/home/swayanshree/projects/Makara-AUV-ROS2/install/makara_bringup/share/makara_bringup/hook/pythonpath.sh'
[1.670s] Level 1:colcon.colcon_core.environment:checking '/home/swayanshree/projects/Makara-AUV-ROS2/install/makara_bringup/bin'
[1.670s] Level 1:colcon.colcon_core.environment:create_environment_scripts_only(makara_bringup)
[1.671s] INFO:colcon.colcon_core.shell:Creating package script '/home/swayanshree/projects/Makara-AUV-ROS2/install/makara_bringup/share/makara_bringup/package.ps1'
[1.671s] INFO:colcon.colcon_core.shell:Creating package descriptor '/home/swayanshree/projects/Makara-AUV-ROS2/install/makara_bringup/share/makara_bringup/package.dsv'
[1.671s] INFO:colcon.colcon_core.shell:Creating package script '/home/swayanshree/projects/Makara-AUV-ROS2/install/makara_bringup/share/makara_bringup/package.sh'
[1.671s] INFO:colcon.colcon_core.shell:Creating package script '/home/swayanshree/projects/Makara-AUV-ROS2/install/makara_bringup/share/makara_bringup/package.bash'
[1.672s] INFO:colcon.colcon_core.shell:Creating package script '/home/swayanshree/projects/Makara-AUV-ROS2/install/makara_bringup/share/makara_bringup/package.zsh'
[1.672s] Level 1:colcon.colcon_core.environment:create_file_with_runtime_dependencies(/home/swayanshree/projects/Makara-AUV-ROS2/install/makara_bringup/share/colcon-core/packages/makara_bringup)
[1.682s] Level 1:colcon.colcon_core.environment:checking '/home/swayanshree/projects/Makara-AUV-ROS2/install/makara_vision' for CMake module files
[1.682s] DEBUG:colcon.colcon_core.event_handler.log_command:Invoked command in '/home/swayanshree/projects/Makara-AUV-ROS2/src/makara_vision' returned '0': DEBUGINFOD_URLS=https://debuginfod.ubuntu.com PYTHONPATH=/home/swayanshree/projects/Makara-AUV-ROS2/build/makara_vision/prefix_override:/usr/lib/python3/dist-packages/colcon_core/task/python/colcon_distutils_commands:/home/swayanshree/projects/Makara-AUV-ROS2/install/makara_vision/lib/python3.12/site-packages:${PYTHONPATH} /usr/bin/python3 -W ignore:setup.py install is deprecated -W ignore:easy_install command is deprecated setup.py egg_info --egg-base ../../build/makara_vision build --build-base /home/swayanshree/projects/Makara-AUV-ROS2/build/makara_vision/build install --record /home/swayanshree/projects/Makara-AUV-ROS2/build/makara_vision/install.log --single-version-externally-managed install_data
[1.683s] Level 1:colcon.colcon_core.environment:checking '/home/swayanshree/projects/Makara-AUV-ROS2/install/makara_vision' for CMake config files
[1.683s] Level 1:colcon.colcon_core.environment:checking '/home/swayanshree/projects/Makara-AUV-ROS2/install/makara_vision/lib'
[1.683s] Level 1:colcon.colcon_core.environment:checking '/home/swayanshree/projects/Makara-AUV-ROS2/install/makara_vision/bin'
[1.683s] Level 1:colcon.colcon_core.environment:checking '/home/swayanshree/projects/Makara-AUV-ROS2/install/makara_vision/lib/pkgconfig/makara_vision.pc'
[1.683s] Level 1:colcon.colcon_core.environment:checking '/home/swayanshree/projects/Makara-AUV-ROS2/install/makara_vision/lib/python3.12/site-packages'
[1.683s] Level 1:colcon.colcon_core.shell:create_environment_hook('makara_vision', 'pythonpath')
[1.683s] INFO:colcon.colcon_core.shell:Creating environment hook '/home/swayanshree/projects/Makara-AUV-ROS2/install/makara_vision/share/makara_vision/hook/pythonpath.ps1'
[1.684s] INFO:colcon.colcon_core.shell:Creating environment descriptor '/home/swayanshree/projects/Makara-AUV-ROS2/install/makara_vision/share/makara_vision/hook/pythonpath.dsv'
[1.684s] INFO:colcon.colcon_core.shell:Creating environment hook '/home/swayanshree/projects/Makara-AUV-ROS2/install/makara_vision/share/makara_vision/hook/pythonpath.sh'
[1.684s] Level 1:colcon.colcon_core.environment:checking '/home/swayanshree/projects/Makara-AUV-ROS2/install/makara_vision/bin'
[1.684s] Level 1:colcon.colcon_core.environment:create_environment_scripts_only(makara_vision)
[1.684s] INFO:colcon.colcon_core.shell:Creating package script '/home/swayanshree/projects/Makara-AUV-ROS2/install/makara_vision/share/makara_vision/package.ps1'
[1.685s] INFO:colcon.colcon_core.shell:Creating package descriptor '/home/swayanshree/projects/Makara-AUV-ROS2/install/makara_vision/share/makara_vision/package.dsv'
[1.685s] INFO:colcon.colcon_core.shell:Creating package script '/home/swayanshree/projects/Makara-AUV-ROS2/install/makara_vision/share/makara_vision/package.sh'
[1.685s] INFO:colcon.colcon_core.shell:Creating package script '/home/swayanshree/projects/Makara-AUV-ROS2/install/makara_vision/share/makara_vision/package.bash'
[1.685s] INFO:colcon.colcon_core.shell:Creating package script '/home/swayanshree/projects/Makara-AUV-ROS2/install/makara_vision/share/makara_vision/package.zsh'
[1.685s] Level 1:colcon.colcon_core.environment:create_file_with_runtime_dependencies(/home/swayanshree/projects/Makara-AUV-ROS2/install/makara_vision/share/colcon-core/packages/makara_vision)
[1.689s] DEBUG:colcon.colcon_core.event_handler.log_command:Invoking command in '/home/swayanshree/projects/Makara-AUV-ROS2/src/uuv_sensor_ros_plugins': DEBUGINFOD_URLS=https://debuginfod.ubuntu.com PYTHONPATH=/home/swayanshree/projects/Makara-AUV-ROS2/build/uuv_sensor_ros_plugins/prefix_override:/usr/lib/python3/dist-packages/colcon_core/task/python/colcon_distutils_commands:/home/swayanshree/projects/Makara-AUV-ROS2/install/uuv_sensor_ros_plugins/lib/python3.12/site-packages:${PYTHONPATH} /usr/bin/python3 -W ignore:setup.py install is deprecated -W ignore:easy_install command is deprecated setup.py egg_info --egg-base ../../build/uuv_sensor_ros_plugins build --build-base /home/swayanshree/projects/Makara-AUV-ROS2/build/uuv_sensor_ros_plugins/build install --record /home/swayanshree/projects/Makara-AUV-ROS2/build/uuv_sensor_ros_plugins/install.log --single-version-externally-managed install_data
[1.716s] Level 1:colcon.colcon_core.environment:checking '/home/swayanshree/projects/Makara-AUV-ROS2/install/uuv_descriptions' for CMake module files
[1.716s] DEBUG:colcon.colcon_core.event_handler.log_command:Invoked command in '/home/swayanshree/projects/Makara-AUV-ROS2/src/uuv_descriptions' returned '0': DEBUGINFOD_URLS=https://debuginfod.ubuntu.com PYTHONPATH=/home/swayanshree/projects/Makara-AUV-ROS2/build/uuv_descriptions/prefix_override:/usr/lib/python3/dist-packages/colcon_core/task/python/colcon_distutils_commands:/home/swayanshree/projects/Makara-AUV-ROS2/install/uuv_descriptions/lib/python3.12/site-packages:${PYTHONPATH} /usr/bin/python3 -W ignore:setup.py install is deprecated -W ignore:easy_install command is deprecated setup.py egg_info --egg-base ../../build/uuv_descriptions build --build-base /home/swayanshree/projects/Makara-AUV-ROS2/build/uuv_descriptions/build install --record /home/swayanshree/projects/Makara-AUV-ROS2/build/uuv_descriptions/install.log --single-version-externally-managed install_data
[1.717s] Level 1:colcon.colcon_core.environment:checking '/home/swayanshree/projects/Makara-AUV-ROS2/install/uuv_descriptions' for CMake config files
[1.717s] Level 1:colcon.colcon_core.environment:checking '/home/swayanshree/projects/Makara-AUV-ROS2/install/uuv_descriptions/lib'
[1.717s] Level 1:colcon.colcon_core.environment:checking '/home/swayanshree/projects/Makara-AUV-ROS2/install/uuv_descriptions/bin'
[1.717s] Level 1:colcon.colcon_core.environment:checking '/home/swayanshree/projects/Makara-AUV-ROS2/install/uuv_descriptions/lib/pkgconfig/uuv_descriptions.pc'
[1.717s] Level 1:colcon.colcon_core.environment:checking '/home/swayanshree/projects/Makara-AUV-ROS2/install/uuv_descriptions/lib/python3.12/site-packages'
[1.717s] Level 1:colcon.colcon_core.shell:create_environment_hook('uuv_descriptions', 'pythonpath')
[1.717s] INFO:colcon.colcon_core.shell:Creating environment hook '/home/swayanshree/projects/Makara-AUV-ROS2/install/uuv_descriptions/share/uuv_descriptions/hook/pythonpath.ps1'
[1.718s] INFO:colcon.colcon_core.shell:Creating environment descriptor '/home/swayanshree/projects/Makara-AUV-ROS2/install/uuv_descriptions/share/uuv_descriptions/hook/pythonpath.dsv'
[1.718s] INFO:colcon.colcon_core.shell:Creating environment hook '/home/swayanshree/projects/Makara-AUV-ROS2/install/uuv_descriptions/share/uuv_descriptions/hook/pythonpath.sh'
[1.718s] Level 1:colcon.colcon_core.environment:checking '/home/swayanshree/projects/Makara-AUV-ROS2/install/uuv_descriptions/bin'
[1.718s] Level 1:colcon.colcon_core.environment:create_environment_scripts_only(uuv_descriptions)
[1.718s] INFO:colcon.colcon_core.shell:Creating package script '/home/swayanshree/projects/Makara-AUV-ROS2/install/uuv_descriptions/share/uuv_descriptions/package.ps1'
[1.719s] INFO:colcon.colcon_core.shell:Creating package descriptor '/home/swayanshree/projects/Makara-AUV-ROS2/install/uuv_descriptions/share/uuv_descriptions/package.dsv'
[1.719s] INFO:colcon.colcon_core.shell:Creating package script '/home/swayanshree/projects/Makara-AUV-ROS2/install/uuv_descriptions/share/uuv_descriptions/package.sh'
[1.719s] INFO:colcon.colcon_core.shell:Creating package script '/home/swayanshree/projects/Makara-AUV-ROS2/install/uuv_descriptions/share/uuv_descriptions/package.bash'
[1.720s] INFO:colcon.colcon_core.shell:Creating package script '/home/swayanshree/projects/Makara-AUV-ROS2/install/uuv_descriptions/share/uuv_descriptions/package.zsh'
[1.720s] Level 1:colcon.colcon_core.environment:create_file_with_runtime_dependencies(/home/swayanshree/projects/Makara-AUV-ROS2/install/uuv_descriptions/share/colcon-core/packages/uuv_descriptions)
[1.723s] Level 1:colcon.colcon_core.environment:checking '/home/swayanshree/projects/Makara-AUV-ROS2/install/data_sync' for CMake module files
[1.724s] DEBUG:colcon.colcon_core.event_handler.log_command:Invoked command in '/home/swayanshree/projects/Makara-AUV-ROS2/src/data_sync' returned '0': DEBUGINFOD_URLS=https://debuginfod.ubuntu.com PYTHONPATH=/home/swayanshree/projects/Makara-AUV-ROS2/build/data_sync/prefix_override:/usr/lib/python3/dist-packages/colcon_core/task/python/colcon_distutils_commands:/home/swayanshree/projects/Makara-AUV-ROS2/install/data_sync/lib/python3.12/site-packages:${PYTHONPATH} /usr/bin/python3 -W ignore:setup.py install is deprecated -W ignore:easy_install command is deprecated setup.py egg_info --egg-base ../../build/data_sync build --build-base /home/swayanshree/projects/Makara-AUV-ROS2/build/data_sync/build install --record /home/swayanshree/projects/Makara-AUV-ROS2/build/data_sync/install.log --single-version-externally-managed install_data
[1.724s] Level 1:colcon.colcon_core.environment:checking '/home/swayanshree/projects/Makara-AUV-ROS2/install/data_sync' for CMake config files
[1.725s] Level 1:colcon.colcon_core.environment:checking '/home/swayanshree/projects/Makara-AUV-ROS2/install/data_sync/lib'
[1.725s] Level 1:colcon.colcon_core.environment:checking '/home/swayanshree/projects/Makara-AUV-ROS2/install/data_sync/bin'
[1.725s] Level 1:colcon.colcon_core.environment:checking '/home/swayanshree/projects/Makara-AUV-ROS2/install/data_sync/lib/pkgconfig/data_sync.pc'
[1.725s] Level 1:colcon.colcon_core.environment:checking '/home/swayanshree/projects/Makara-AUV-ROS2/install/data_sync/lib/python3.12/site-packages'
[1.725s] Level 1:colcon.colcon_core.shell:create_environment_hook('data_sync', 'pythonpath')
[1.725s] INFO:colcon.colcon_core.shell:Creating environment hook '/home/swayanshree/projects/Makara-AUV-ROS2/install/data_sync/share/data_sync/hook/pythonpath.ps1'
[1.726s] INFO:colcon.colcon_core.shell:Creating environment descriptor '/home/swayanshree/projects/Makara-AUV-ROS2/install/data_sync/share/data_sync/hook/pythonpath.dsv'
[1.726s] INFO:colcon.colcon_core.shell:Creating environment hook '/home/swayanshree/projects/Makara-AUV-ROS2/install/data_sync/share/data_sync/hook/pythonpath.sh'
[1.727s] Level 1:colcon.colcon_core.environment:checking '/home/swayanshree/projects/Makara-AUV-ROS2/install/data_sync/bin'
[1.727s] Level 1:colcon.colcon_core.environment:create_environment_scripts_only(data_sync)
[1.727s] INFO:colcon.colcon_core.shell:Creating package script '/home/swayanshree/projects/Makara-AUV-ROS2/install/data_sync/share/data_sync/package.ps1'
[1.728s] INFO:colcon.colcon_core.shell:Creating package descriptor '/home/swayanshree/projects/Makara-AUV-ROS2/install/data_sync/share/data_sync/package.dsv'
[1.728s] INFO:colcon.colcon_core.shell:Creating package script '/home/swayanshree/projects/Makara-AUV-ROS2/install/data_sync/share/data_sync/package.sh'
[1.729s] INFO:colcon.colcon_core.shell:Creating package script '/home/swayanshree/projects/Makara-AUV-ROS2/install/data_sync/share/data_sync/package.bash'
[1.729s] INFO:colcon.colcon_core.shell:Creating package script '/home/swayanshree/projects/Makara-AUV-ROS2/install/data_sync/share/data_sync/package.zsh'
[1.729s] Level 1:colcon.colcon_core.environment:create_file_with_runtime_dependencies(/home/swayanshree/projects/Makara-AUV-ROS2/install/data_sync/share/colcon-core/packages/data_sync)
[1.734s] DEBUG:colcon.colcon_core.event_handler.log_command:Invoking command in '/home/swayanshree/projects/Makara-AUV-ROS2/src/hammerhead_serial': AMENT_PREFIX_PATH=/home/swayanshree/projects/Makara-AUV-ROS2/install/hammerhead_interfaces:${AMENT_PREFIX_PATH} CMAKE_PREFIX_PATH=/home/swayanshree/projects/Makara-AUV-ROS2/install/hammerhead_interfaces:${CMAKE_PREFIX_PATH} DEBUGINFOD_URLS=https://debuginfod.ubuntu.com LD_LIBRARY_PATH=/home/swayanshree/projects/Makara-AUV-ROS2/install/hammerhead_interfaces/lib:${LD_LIBRARY_PATH} PYTHONPATH=/home/swayanshree/projects/Makara-AUV-ROS2/build/hammerhead_serial/prefix_override:/usr/lib/python3/dist-packages/colcon_core/task/python/colcon_distutils_commands:/home/swayanshree/projects/Makara-AUV-ROS2/install/hammerhead_serial/lib/python3.12/site-packages:/home/swayanshree/projects/Makara-AUV-ROS2/install/hammerhead_interfaces/lib/python3.12/site-packages:${PYTHONPATH} /usr/bin/python3 -W ignore:setup.py install is deprecated -W ignore:easy_install command is deprecated setup.py egg_info --egg-base ../../build/hammerhead_serial build --build-base /home/swayanshree/projects/Makara-AUV-ROS2/build/hammerhead_serial/build install --record /home/swayanshree/projects/Makara-AUV-ROS2/build/hammerhead_serial/install.log --single-version-externally-managed install_data
[1.740s] DEBUG:colcon.colcon_core.event_handler.log_command:Invoking command in '/home/swayanshree/projects/Makara-AUV-ROS2/src/makara_serial': AMENT_PREFIX_PATH=/home/swayanshree/projects/Makara-AUV-ROS2/install/makara_interfaces:${AMENT_PREFIX_PATH} CMAKE_PREFIX_PATH=/home/swayanshree/projects/Makara-AUV-ROS2/install/makara_interfaces:${CMAKE_PREFIX_PATH} DEBUGINFOD_URLS=https://debuginfod.ubuntu.com LD_LIBRARY_PATH=/home/swayanshree/projects/Makara-AUV-ROS2/install/makara_interfaces/lib:${LD_LIBRARY_PATH} PYTHONPATH=/home/swayanshree/projects/Makara-AUV-ROS2/build/makara_serial/prefix_override:/usr/lib/python3/dist-packages/colcon_core/task/python/colcon_distutils_commands:/home/swayanshree/projects/Makara-AUV-ROS2/install/makara_serial/lib/python3.12/site-packages:/home/swayanshree/projects/Makara-AUV-ROS2/install/makara_interfaces/lib/python3.12/site-packages:${PYTHONPATH} /usr/bin/python3 -W ignore:setup.py install is deprecated -W ignore:easy_install command is deprecated setup.py egg_info --egg-base ../../build/makara_serial build --build-base /home/swayanshree/projects/Makara-AUV-ROS2/build/makara_serial/build install --record /home/swayanshree/projects/Makara-AUV-ROS2/build/makara_serial/install.log --single-version-externally-managed install_data
[1.840s] Level 1:colcon.colcon_core.environment:checking '/home/swayanshree/projects/Makara-AUV-ROS2/install/uuv_gazebo_ros_plugins' for CMake module files
[1.840s] DEBUG:colcon.colcon_core.event_handler.log_command:Invoked command in '/home/swayanshree/projects/Makara-AUV-ROS2/src/uuv_gazebo_ros_plugins' returned '0': DEBUGINFOD_URLS=https://debuginfod.ubuntu.com PYTHONPATH=/home/swayanshree/projects/Makara-AUV-ROS2/build/uuv_gazebo_ros_plugins/prefix_override:/usr/lib/python3/dist-packages/colcon_core/task/python/colcon_distutils_commands:/home/swayanshree/projects/Makara-AUV-ROS2/install/uuv_gazebo_ros_plugins/lib/python3.12/site-packages:${PYTHONPATH} /usr/bin/python3 -W ignore:setup.py install is deprecated -W ignore:easy_install command is deprecated setup.py egg_info --egg-base ../../build/uuv_gazebo_ros_plugins build --build-base /home/swayanshree/projects/Makara-AUV-ROS2/build/uuv_gazebo_ros_plugins/build install --record /home/swayanshree/projects/Makara-AUV-ROS2/build/uuv_gazebo_ros_plugins/install.log --single-version-externally-managed install_data
[1.840s] Level 1:colcon.colcon_core.environment:checking '/home/swayanshree/projects/Makara-AUV-ROS2/install/uuv_gazebo_ros_plugins' for CMake config files
[1.840s] Level 1:colcon.colcon_core.environment:checking '/home/swayanshree/projects/Makara-AUV-ROS2/install/uuv_gazebo_ros_plugins/lib'
[1.840s] Level 1:colcon.colcon_core.environment:checking '/home/swayanshree/projects/Makara-AUV-ROS2/install/uuv_gazebo_ros_plugins/bin'
[1.840s] Level 1:colcon.colcon_core.environment:checking '/home/swayanshree/projects/Makara-AUV-ROS2/install/uuv_gazebo_ros_plugins/lib/pkgconfig/uuv_gazebo_ros_plugins.pc'
[1.841s] Level 1:colcon.colcon_core.environment:checking '/home/swayanshree/projects/Makara-AUV-ROS2/install/uuv_gazebo_ros_plugins/lib/python3.12/site-packages'
[1.841s] Level 1:colcon.colcon_core.shell:create_environment_hook('uuv_gazebo_ros_plugins', 'pythonpath')
[1.841s] INFO:colcon.colcon_core.shell:Creating environment hook '/home/swayanshree/projects/Makara-AUV-ROS2/install/uuv_gazebo_ros_plugins/share/uuv_gazebo_ros_plugins/hook/pythonpath.ps1'
[1.841s] INFO:colcon.colcon_core.shell:Creating environment descriptor '/home/swayanshree/projects/Makara-AUV-ROS2/install/uuv_gazebo_ros_plugins/share/uuv_gazebo_ros_plugins/hook/pythonpath.dsv'
[1.841s] INFO:colcon.colcon_core.shell:Creating environment hook '/home/swayanshree/projects/Makara-AUV-ROS2/install/uuv_gazebo_ros_plugins/share/uuv_gazebo_ros_plugins/hook/pythonpath.sh'
[1.842s] Level 1:colcon.colcon_core.environment:checking '/home/swayanshree/projects/Makara-AUV-ROS2/install/uuv_gazebo_ros_plugins/bin'
[1.842s] Level 1:colcon.colcon_core.environment:create_environment_scripts_only(uuv_gazebo_ros_plugins)
[1.842s] INFO:colcon.colcon_core.shell:Creating package script '/home/swayanshree/projects/Makara-AUV-ROS2/install/uuv_gazebo_ros_plugins/share/uuv_gazebo_ros_plugins/package.ps1'
[1.842s] INFO:colcon.colcon_core.shell:Creating package descriptor '/home/swayanshree/projects/Makara-AUV-ROS2/install/uuv_gazebo_ros_plugins/share/uuv_gazebo_ros_plugins/package.dsv'
[1.842s] INFO:colcon.colcon_core.shell:Creating package script '/home/swayanshree/projects/Makara-AUV-ROS2/install/uuv_gazebo_ros_plugins/share/uuv_gazebo_ros_plugins/package.sh'
[1.842s] INFO:colcon.colcon_core.shell:Creating package script '/home/swayanshree/projects/Makara-AUV-ROS2/install/uuv_gazebo_ros_plugins/share/uuv_gazebo_ros_plugins/package.bash'
[1.843s] INFO:colcon.colcon_core.shell:Creating package script '/home/swayanshree/projects/Makara-AUV-ROS2/install/uuv_gazebo_ros_plugins/share/uuv_gazebo_ros_plugins/package.zsh'
[1.843s] Level 1:colcon.colcon_core.environment:create_file_with_runtime_dependencies(/home/swayanshree/projects/Makara-AUV-ROS2/install/uuv_gazebo_ros_plugins/share/colcon-core/packages/uuv_gazebo_ros_plugins)
[1.985s] Level 1:colcon.colcon_core.environment:checking '/home/swayanshree/projects/Makara-AUV-ROS2/install/uuv_sensor_ros_plugins' for CMake module files
[1.985s] DEBUG:colcon.colcon_core.event_handler.log_command:Invoked command in '/home/swayanshree/projects/Makara-AUV-ROS2/src/uuv_sensor_ros_plugins' returned '0': DEBUGINFOD_URLS=https://debuginfod.ubuntu.com PYTHONPATH=/home/swayanshree/projects/Makara-AUV-ROS2/build/uuv_sensor_ros_plugins/prefix_override:/usr/lib/python3/dist-packages/colcon_core/task/python/colcon_distutils_commands:/home/swayanshree/projects/Makara-AUV-ROS2/install/uuv_sensor_ros_plugins/lib/python3.12/site-packages:${PYTHONPATH} /usr/bin/python3 -W ignore:setup.py install is deprecated -W ignore:easy_install command is deprecated setup.py egg_info --egg-base ../../build/uuv_sensor_ros_plugins build --build-base /home/swayanshree/projects/Makara-AUV-ROS2/build/uuv_sensor_ros_plugins/build install --record /home/swayanshree/projects/Makara-AUV-ROS2/build/uuv_sensor_ros_plugins/install.log --single-version-externally-managed install_data
[1.985s] Level 1:colcon.colcon_core.environment:checking '/home/swayanshree/projects/Makara-AUV-ROS2/install/uuv_sensor_ros_plugins' for CMake config files
[1.985s] Level 1:colcon.colcon_core.environment:checking '/home/swayanshree/projects/Makara-AUV-ROS2/install/uuv_sensor_ros_plugins/lib'
[1.985s] Level 1:colcon.colcon_core.environment:checking '/home/swayanshree/projects/Makara-AUV-ROS2/install/uuv_sensor_ros_plugins/bin'
[1.986s] Level 1:colcon.colcon_core.environment:checking '/home/swayanshree/projects/Makara-AUV-ROS2/install/uuv_sensor_ros_plugins/lib/pkgconfig/uuv_sensor_ros_plugins.pc'
[1.986s] Level 1:colcon.colcon_core.environment:checking '/home/swayanshree/projects/Makara-AUV-ROS2/install/uuv_sensor_ros_plugins/lib/python3.12/site-packages'
[1.986s] Level 1:colcon.colcon_core.shell:create_environment_hook('uuv_sensor_ros_plugins', 'pythonpath')
[1.986s] INFO:colcon.colcon_core.shell:Creating environment hook '/home/swayanshree/projects/Makara-AUV-ROS2/install/uuv_sensor_ros_plugins/share/uuv_sensor_ros_plugins/hook/pythonpath.ps1'
[1.986s] INFO:colcon.colcon_core.shell:Creating environment descriptor '/home/swayanshree/projects/Makara-AUV-ROS2/install/uuv_sensor_ros_plugins/share/uuv_sensor_ros_plugins/hook/pythonpath.dsv'
[1.986s] INFO:colcon.colcon_core.shell:Creating environment hook '/home/swayanshree/projects/Makara-AUV-ROS2/install/uuv_sensor_ros_plugins/share/uuv_sensor_ros_plugins/hook/pythonpath.sh'
[1.987s] Level 1:colcon.colcon_core.environment:checking '/home/swayanshree/projects/Makara-AUV-ROS2/install/uuv_sensor_ros_plugins/bin'
[1.987s] Level 1:colcon.colcon_core.environment:create_environment_scripts_only(uuv_sensor_ros_plugins)
[1.987s] INFO:colcon.colcon_core.shell:Creating package script '/home/swayanshree/projects/Makara-AUV-ROS2/install/uuv_sensor_ros_plugins/share/uuv_sensor_ros_plugins/package.ps1'
[1.987s] INFO:colcon.colcon_core.shell:Creating package descriptor '/home/swayanshree/projects/Makara-AUV-ROS2/install/uuv_sensor_ros_plugins/share/uuv_sensor_ros_plugins/package.dsv'
[1.987s] INFO:colcon.colcon_core.shell:Creating package script '/home/swayanshree/projects/Makara-AUV-ROS2/install/uuv_sensor_ros_plugins/share/uuv_sensor_ros_plugins/package.sh'
[1.988s] INFO:colcon.colcon_core.shell:Creating package script '/home/swayanshree/projects/Makara-AUV-ROS2/install/uuv_sensor_ros_plugins/share/uuv_sensor_ros_plugins/package.bash'
[1.988s] INFO:colcon.colcon_core.shell:Creating package script '/home/swayanshree/projects/Makara-AUV-ROS2/install/uuv_sensor_ros_plugins/share/uuv_sensor_ros_plugins/package.zsh'
[1.988s] Level 1:colcon.colcon_core.environment:create_file_with_runtime_dependencies(/home/swayanshree/projects/Makara-AUV-ROS2/install/uuv_sensor_ros_plugins/share/colcon-core/packages/uuv_sensor_ros_plugins)
[2.029s] Level 1:colcon.colcon_core.environment:checking '/home/swayanshree/projects/Makara-AUV-ROS2/install/hammerhead_serial' for CMake module files
[2.029s] DEBUG:colcon.colcon_core.event_handler.log_command:Invoked command in '/home/swayanshree/projects/Makara-AUV-ROS2/src/hammerhead_serial' returned '0': AMENT_PREFIX_PATH=/home/swayanshree/projects/Makara-AUV-ROS2/install/hammerhead_interfaces:${AMENT_PREFIX_PATH} CMAKE_PREFIX_PATH=/home/swayanshree/projects/Makara-AUV-ROS2/install/hammerhead_interfaces:${CMAKE_PREFIX_PATH} DEBUGINFOD_URLS=https://debuginfod.ubuntu.com LD_LIBRARY_PATH=/home/swayanshree/projects/Makara-AUV-ROS2/install/hammerhead_interfaces/lib:${LD_LIBRARY_PATH} PYTHONPATH=/home/swayanshree/projects/Makara-AUV-ROS2/build/hammerhead_serial/prefix_override:/usr/lib/python3/dist-packages/colcon_core/task/python/colcon_distutils_commands:/home/swayanshree/projects/Makara-AUV-ROS2/install/hammerhead_serial/lib/python3.12/site-packages:/home/swayanshree/projects/Makara-AUV-ROS2/install/hammerhead_interfaces/lib/python3.12/site-packages:${PYTHONPATH} /usr/bin/python3 -W ignore:setup.py install is deprecated -W ignore:easy_install command is deprecated setup.py egg_info --egg-base ../../build/hammerhead_serial build --build-base /home/swayanshree/projects/Makara-AUV-ROS2/build/hammerhead_serial/build install --record /home/swayanshree/projects/Makara-AUV-ROS2/build/hammerhead_serial/install.log --single-version-externally-managed install_data
[2.029s] Level 1:colcon.colcon_core.environment:checking '/home/swayanshree/projects/Makara-AUV-ROS2/install/hammerhead_serial' for CMake config files
[2.030s] Level 1:colcon.colcon_core.environment:checking '/home/swayanshree/projects/Makara-AUV-ROS2/install/hammerhead_serial/lib'
[2.030s] Level 1:colcon.colcon_core.environment:checking '/home/swayanshree/projects/Makara-AUV-ROS2/install/hammerhead_serial/bin'
[2.030s] Level 1:colcon.colcon_core.environment:checking '/home/swayanshree/projects/Makara-AUV-ROS2/install/hammerhead_serial/lib/pkgconfig/hammerhead_serial.pc'
[2.030s] Level 1:colcon.colcon_core.environment:checking '/home/swayanshree/projects/Makara-AUV-ROS2/install/hammerhead_serial/lib/python3.12/site-packages'
[2.030s] Level 1:colcon.colcon_core.shell:create_environment_hook('hammerhead_serial', 'pythonpath')
[2.030s] INFO:colcon.colcon_core.shell:Creating environment hook '/home/swayanshree/projects/Makara-AUV-ROS2/install/hammerhead_serial/share/hammerhead_serial/hook/pythonpath.ps1'
[2.030s] INFO:colcon.colcon_core.shell:Creating environment descriptor '/home/swayanshree/projects/Makara-AUV-ROS2/install/hammerhead_serial/share/hammerhead_serial/hook/pythonpath.dsv'
[2.031s] INFO:colcon.colcon_core.shell:Creating environment hook '/home/swayanshree/projects/Makara-AUV-ROS2/install/hammerhead_serial/share/hammerhead_serial/hook/pythonpath.sh'
[2.031s] Level 1:colcon.colcon_core.environment:checking '/home/swayanshree/projects/Makara-AUV-ROS2/install/hammerhead_serial/bin'
[2.031s] Level 1:colcon.colcon_core.environment:create_environment_scripts_only(hammerhead_serial)
[2.031s] INFO:colcon.colcon_core.shell:Creating package script '/home/swayanshree/projects/Makara-AUV-ROS2/install/hammerhead_serial/share/hammerhead_serial/package.ps1'
[2.031s] INFO:colcon.colcon_core.shell:Creating package descriptor '/home/swayanshree/projects/Makara-AUV-ROS2/install/hammerhead_serial/share/hammerhead_serial/package.dsv'
[2.032s] INFO:colcon.colcon_core.shell:Creating package script '/home/swayanshree/projects/Makara-AUV-ROS2/install/hammerhead_serial/share/hammerhead_serial/package.sh'
[2.032s] INFO:colcon.colcon_core.shell:Creating package script '/home/swayanshree/projects/Makara-AUV-ROS2/install/hammerhead_serial/share/hammerhead_serial/package.bash'
[2.032s] INFO:colcon.colcon_core.shell:Creating package script '/home/swayanshree/projects/Makara-AUV-ROS2/install/hammerhead_serial/share/hammerhead_serial/package.zsh'
[2.032s] Level 1:colcon.colcon_core.environment:create_file_with_runtime_dependencies(/home/swayanshree/projects/Makara-AUV-ROS2/install/hammerhead_serial/share/colcon-core/packages/hammerhead_serial)
[2.039s] Level 1:colcon.colcon_core.environment:checking '/home/swayanshree/projects/Makara-AUV-ROS2/install/makara_serial' for CMake module files
[2.039s] Level 1:colcon.colcon_core.environment:checking '/home/swayanshree/projects/Makara-AUV-ROS2/install/makara_serial' for CMake config files
[2.039s] DEBUG:colcon.colcon_core.event_handler.log_command:Invoked command in '/home/swayanshree/projects/Makara-AUV-ROS2/src/makara_serial' returned '0': AMENT_PREFIX_PATH=/home/swayanshree/projects/Makara-AUV-ROS2/install/makara_interfaces:${AMENT_PREFIX_PATH} CMAKE_PREFIX_PATH=/home/swayanshree/projects/Makara-AUV-ROS2/install/makara_interfaces:${CMAKE_PREFIX_PATH} DEBUGINFOD_URLS=https://debuginfod.ubuntu.com LD_LIBRARY_PATH=/home/swayanshree/projects/Makara-AUV-ROS2/install/makara_interfaces/lib:${LD_LIBRARY_PATH} PYTHONPATH=/home/swayanshree/projects/Makara-AUV-ROS2/build/makara_serial/prefix_override:/usr/lib/python3/dist-packages/colcon_core/task/python/colcon_distutils_commands:/home/swayanshree/projects/Makara-AUV-ROS2/install/makara_serial/lib/python3.12/site-packages:/home/swayanshree/projects/Makara-AUV-ROS2/install/makara_interfaces/lib/python3.12/site-packages:${PYTHONPATH} /usr/bin/python3 -W ignore:setup.py install is deprecated -W ignore:easy_install command is deprecated setup.py egg_info --egg-base ../../build/makara_serial build --build-base /home/swayanshree/projects/Makara-AUV-ROS2/build/makara_serial/build install --record /home/swayanshree/projects/Makara-AUV-ROS2/build/makara_serial/install.log --single-version-externally-managed install_data
[2.040s] Level 1:colcon.colcon_core.environment:checking '/home/swayanshree/projects/Makara-AUV-ROS2/install/makara_serial/lib'
[2.040s] Level 1:colcon.colcon_core.environment:checking '/home/swayanshree/projects/Makara-AUV-ROS2/install/makara_serial/bin'
[2.040s] Level 1:colcon.colcon_core.environment:checking '/home/swayanshree/projects/Makara-AUV-ROS2/install/makara_serial/lib/pkgconfig/makara_serial.pc'
[2.040s] Level 1:colcon.colcon_core.environment:checking '/home/swayanshree/projects/Makara-AUV-ROS2/install/makara_serial/lib/python3.12/site-packages'
[2.040s] Level 1:colcon.colcon_core.shell:create_environment_hook('makara_serial', 'pythonpath')
[2.040s] INFO:colcon.colcon_core.shell:Creating environment hook '/home/swayanshree/projects/Makara-AUV-ROS2/install/makara_serial/share/makara_serial/hook/pythonpath.ps1'
[2.040s] INFO:colcon.colcon_core.shell:Creating environment descriptor '/home/swayanshree/projects/Makara-AUV-ROS2/install/makara_serial/share/makara_serial/hook/pythonpath.dsv'
[2.041s] INFO:colcon.colcon_core.shell:Creating environment hook '/home/swayanshree/projects/Makara-AUV-ROS2/install/makara_serial/share/makara_serial/hook/pythonpath.sh'
[2.041s] Level 1:colcon.colcon_core.environment:checking '/home/swayanshree/projects/Makara-AUV-ROS2/install/makara_serial/bin'
[2.041s] Level 1:colcon.colcon_core.environment:create_environment_scripts_only(makara_serial)
[2.041s] INFO:colcon.colcon_core.shell:Creating package script '/home/swayanshree/projects/Makara-AUV-ROS2/install/makara_serial/share/makara_serial/package.ps1'
[2.041s] INFO:colcon.colcon_core.shell:Creating package descriptor '/home/swayanshree/projects/Makara-AUV-ROS2/install/makara_serial/share/makara_serial/package.dsv'
[2.042s] INFO:colcon.colcon_core.shell:Creating package script '/home/swayanshree/projects/Makara-AUV-ROS2/install/makara_serial/share/makara_serial/package.sh'
[2.042s] INFO:colcon.colcon_core.shell:Creating package script '/home/swayanshree/projects/Makara-AUV-ROS2/install/makara_serial/share/makara_serial/package.bash'
[2.042s] INFO:colcon.colcon_core.shell:Creating package script '/home/swayanshree/projects/Makara-AUV-ROS2/install/makara_serial/share/makara_serial/package.zsh'
[2.042s] Level 1:colcon.colcon_core.environment:create_file_with_runtime_dependencies(/home/swayanshree/projects/Makara-AUV-ROS2/install/makara_serial/share/colcon-core/packages/makara_serial)
[2.042s] DEBUG:colcon.colcon_parallel_executor.executor.parallel:closing loop
[2.042s] DEBUG:colcon.colcon_parallel_executor.executor.parallel:loop closed
[2.042s] DEBUG:colcon.colcon_parallel_executor.executor.parallel:run_until_complete finished with '0'
[2.043s] DEBUG:colcon.colcon_core.event_reactor:joining thread
[2.053s] INFO:colcon.colcon_core.plugin_system:Skipping extension 'colcon_notification.desktop_notification.terminal_notifier': Not used on non-Darwin systems
[2.053s] INFO:colcon.colcon_core.plugin_system:Skipping extension 'colcon_notification.desktop_notification.win32': Not used on non-Windows systems
[2.053s] INFO:colcon.colcon_notification.desktop_notification:Sending desktop notification using 'notify2'
[2.063s] DEBUG:colcon.colcon_core.event_reactor:joined thread
[2.063s] INFO:colcon.colcon_core.shell:Creating prefix script '/home/swayanshree/projects/Makara-AUV-ROS2/install/local_setup.ps1'
[2.064s] INFO:colcon.colcon_core.shell:Creating prefix util module '/home/swayanshree/projects/Makara-AUV-ROS2/install/_local_setup_util_ps1.py'
[2.064s] INFO:colcon.colcon_core.shell:Creating prefix chain script '/home/swayanshree/projects/Makara-AUV-ROS2/install/setup.ps1'
[2.065s] INFO:colcon.colcon_core.shell:Creating prefix script '/home/swayanshree/projects/Makara-AUV-ROS2/install/local_setup.sh'
[2.065s] INFO:colcon.colcon_core.shell:Creating prefix util module '/home/swayanshree/projects/Makara-AUV-ROS2/install/_local_setup_util_sh.py'
[2.065s] INFO:colcon.colcon_core.shell:Creating prefix chain script '/home/swayanshree/projects/Makara-AUV-ROS2/install/setup.sh'
[2.066s] INFO:colcon.colcon_core.shell:Creating prefix script '/home/swayanshree/projects/Makara-AUV-ROS2/install/local_setup.bash'
[2.066s] INFO:colcon.colcon_core.shell:Creating prefix chain script '/home/swayanshree/projects/Makara-AUV-ROS2/install/setup.bash'
[2.066s] INFO:colcon.colcon_core.shell:Creating prefix script '/home/swayanshree/projects/Makara-AUV-ROS2/install/local_setup.zsh'
[2.067s] INFO:colcon.colcon_core.shell:Creating prefix chain script '/home/swayanshree/projects/Makara-AUV-ROS2/install/setup.zsh'
