[0.062s] DEBUG:colcon:Command line arguments: ['/usr/bin/colcon', 'build']
[0.062s] DEBUG:colcon:Parsed command line arguments: Namespace(log_base=None, log_level=None, verb_name='build', build_base='build', install_base='install', merge_install=False, symlink_install=False, test_result_base=None, continue_on_error=False, executor='parallel', parallel_workers=16, event_handlers=None, ignore_user_meta=False, metas=['./colcon.meta'], base_paths=['.'], packages_ignore=None, packages_ignore_regex=None, paths=None, packages_up_to=None, packages_up_to_regex=None, packages_above=None, packages_above_and_dependencies=None, packages_above_depth=None, packages_select_by_dep=None, packages_skip_by_dep=None, packages_skip_up_to=None, packages_select_build_failed=False, packages_skip_build_finished=False, packages_select_test_failures=False, packages_skip_test_passed=False, packages_select=None, packages_skip=None, packages_select_regex=None, packages_skip_regex=None, packages_start=None, packages_end=None, allow_overriding=[], cmake_args=None, cmake_target=None, cmake_target_skip_unavailable=False, cmake_clean_cache=False, cmake_clean_first=False, cmake_force_configure=False, ament_cmake_args=None, catkin_cmake_args=None, catkin_skip_building_tests=False, mixin_files=None, mixin=None, verb_parser=<colcon_mixin.mixin.mixin_argument.MixinArgumentDecorator object at 0x7f01ffd9f740>, verb_extension=<colcon_core.verb.build.BuildVerb object at 0x7f01ffd414c0>, main=<bound method BuildVerb.main of <colcon_core.verb.build.BuildVerb object at 0x7f01ffd414c0>>, mixin_verb=('build',))
[0.084s] Level 1:colcon.colcon_core.package_discovery:discover_packages(colcon_meta) check parameters
[0.084s] Level 1:colcon.colcon_core.package_discovery:discover_packages(recursive) check parameters
[0.084s] Level 1:colcon.colcon_core.package_discovery:discover_packages(ignore) check parameters
[0.084s] Level 1:colcon.colcon_core.package_discovery:discover_packages(path) check parameters
[0.084s] Level 1:colcon.colcon_core.package_discovery:discover_packages(colcon_meta) discover
[0.084s] Level 1:colcon.colcon_core.package_discovery:discover_packages(recursive) discover
[0.084s] INFO:colcon.colcon_core.package_discovery:Crawling recursively for packages in '/home/swayanshree/projects/Makara-AUV-ROS2/src'
[0.084s] Level 1:colcon.colcon_core.package_identification:_identify(.) by extensions ['ignore', 'ignore_ament_install']
[0.085s] Level 1:colcon.colcon_core.package_identification:_identify(.) by extension 'ignore'
[0.085s] Level 1:colcon.colcon_core.package_identification:_identify(.) by extension 'ignore_ament_install'
[0.085s] Level 1:colcon.colcon_core.package_identification:_identify(.) by extensions ['colcon_pkg']
[0.085s] Level 1:colcon.colcon_core.package_identification:_identify(.) by extension 'colcon_pkg'
[0.085s] Level 1:colcon.colcon_core.package_identification:_identify(.) by extensions ['colcon_meta']
[0.085s] Level 1:colcon.colcon_core.package_identification:_identify(.) by extension 'colcon_meta'
[0.085s] Level 1:colcon.colcon_core.package_identification:_identify(.) by extensions ['ros']
[0.085s] Level 1:colcon.colcon_core.package_identification:_identify(.) by extension 'ros'
[0.101s] Level 1:colcon.colcon_core.package_identification:_identify(.) by extensions ['cmake', 'python']
[0.101s] Level 1:colcon.colcon_core.package_identification:_identify(.) by extension 'cmake'
[0.101s] Level 1:colcon.colcon_core.package_identification:_identify(.) by extension 'python'
[0.101s] Level 1:colcon.colcon_core.package_identification:_identify(.) by extensions ['python_setup_py']
[0.101s] Level 1:colcon.colcon_core.package_identification:_identify(.) by extension 'python_setup_py'
[0.101s] Level 1:colcon.colcon_core.package_identification:_identify(StateSpace) by extensions ['ignore', 'ignore_ament_install']
[0.101s] Level 1:colcon.colcon_core.package_identification:_identify(StateSpace) by extension 'ignore'
[0.101s] Level 1:colcon.colcon_core.package_identification:_identify(StateSpace) by extension 'ignore_ament_install'
[0.101s] Level 1:colcon.colcon_core.package_identification:_identify(StateSpace) by extensions ['colcon_pkg']
[0.101s] Level 1:colcon.colcon_core.package_identification:_identify(StateSpace) by extension 'colcon_pkg'
[0.101s] Level 1:colcon.colcon_core.package_identification:_identify(StateSpace) by extensions ['colcon_meta']
[0.101s] Level 1:colcon.colcon_core.package_identification:_identify(StateSpace) by extension 'colcon_meta'
[0.101s] Level 1:colcon.colcon_core.package_identification:_identify(StateSpace) by extensions ['ros']
[0.101s] Level 1:colcon.colcon_core.package_identification:_identify(StateSpace) by extension 'ros'
[0.103s] DEBUG:colcon.colcon_core.package_identification:Package 'StateSpace' with type 'ros.ament_cmake' and name 'StateSpace'
[0.103s] Level 1:colcon.colcon_core.package_identification:_identify(ardupilot_attitude_control) by extensions ['ignore', 'ignore_ament_install']
[0.103s] Level 1:colcon.colcon_core.package_identification:_identify(ardupilot_attitude_control) by extension 'ignore'
[0.103s] Level 1:colcon.colcon_core.package_identification:_identify(ardupilot_attitude_control) by extension 'ignore_ament_install'
[0.103s] Level 1:colcon.colcon_core.package_identification:_identify(ardupilot_attitude_control) by extensions ['colcon_pkg']
[0.103s] Level 1:colcon.colcon_core.package_identification:_identify(ardupilot_attitude_control) by extension 'colcon_pkg'
[0.103s] Level 1:colcon.colcon_core.package_identification:_identify(ardupilot_attitude_control) by extensions ['colcon_meta']
[0.103s] Level 1:colcon.colcon_core.package_identification:_identify(ardupilot_attitude_control) by extension 'colcon_meta'
[0.103s] Level 1:colcon.colcon_core.package_identification:_identify(ardupilot_attitude_control) by extensions ['ros']
[0.103s] Level 1:colcon.colcon_core.package_identification:_identify(ardupilot_attitude_control) by extension 'ros'
[0.103s] DEBUG:colcon.colcon_core.package_identification:Package 'ardupilot_attitude_control' with type 'ros.ament_cmake' and name 'ardupilot_attitude_control'
[0.103s] Level 1:colcon.colcon_core.package_identification:_identify(auv_description) by extensions ['ignore', 'ignore_ament_install']
[0.103s] Level 1:colcon.colcon_core.package_identification:_identify(auv_description) by extension 'ignore'
[0.103s] Level 1:colcon.colcon_core.package_identification:_identify(auv_description) by extension 'ignore_ament_install'
[0.103s] Level 1:colcon.colcon_core.package_identification:_identify(auv_description) by extensions ['colcon_pkg']
[0.103s] Level 1:colcon.colcon_core.package_identification:_identify(auv_description) by extension 'colcon_pkg'
[0.103s] Level 1:colcon.colcon_core.package_identification:_identify(auv_description) by extensions ['colcon_meta']
[0.103s] Level 1:colcon.colcon_core.package_identification:_identify(auv_description) by extension 'colcon_meta'
[0.104s] Level 1:colcon.colcon_core.package_identification:_identify(auv_description) by extensions ['ros']
[0.104s] Level 1:colcon.colcon_core.package_identification:_identify(auv_description) by extension 'ros'
[0.104s] DEBUG:colcon.colcon_core.package_identification:Package 'auv_description' with type 'ros.ament_cmake' and name 'auv_description'
[0.104s] Level 1:colcon.colcon_core.package_identification:_identify(bluerov2) by extensions ['ignore', 'ignore_ament_install']
[0.104s] Level 1:colcon.colcon_core.package_identification:_identify(bluerov2) by extension 'ignore'
[0.104s] Level 1:colcon.colcon_core.package_identification:_identify(bluerov2) by extension 'ignore_ament_install'
[0.104s] Level 1:colcon.colcon_core.package_identification:_identify(bluerov2) by extensions ['colcon_pkg']
[0.104s] Level 1:colcon.colcon_core.package_identification:_identify(bluerov2) by extension 'colcon_pkg'
[0.104s] Level 1:colcon.colcon_core.package_identification:_identify(bluerov2) by extensions ['colcon_meta']
[0.104s] Level 1:colcon.colcon_core.package_identification:_identify(bluerov2) by extension 'colcon_meta'
[0.104s] Level 1:colcon.colcon_core.package_identification:_identify(bluerov2) by extensions ['ros']
[0.104s] Level 1:colcon.colcon_core.package_identification:_identify(bluerov2) by extension 'ros'
[0.104s] Level 1:colcon.colcon_core.package_identification:_identify(bluerov2) by extensions ['cmake', 'python']
[0.104s] Level 1:colcon.colcon_core.package_identification:_identify(bluerov2) by extension 'cmake'
[0.104s] Level 1:colcon.colcon_core.package_identification:_identify(bluerov2) by extension 'python'
[0.104s] Level 1:colcon.colcon_core.package_identification:_identify(bluerov2) by extensions ['python_setup_py']
[0.104s] Level 1:colcon.colcon_core.package_identification:_identify(bluerov2) by extension 'python_setup_py'
[0.104s] Level 1:colcon.colcon_core.package_identification:_identify(bluerov2/bluerov2_control) by extensions ['ignore', 'ignore_ament_install']
[0.104s] Level 1:colcon.colcon_core.package_identification:_identify(bluerov2/bluerov2_control) by extension 'ignore'
[0.104s] Level 1:colcon.colcon_core.package_identification:_identify(bluerov2/bluerov2_control) ignored
[0.104s] Level 1:colcon.colcon_core.package_identification:_identify(bluerov2/bluerov2_gazebo) by extensions ['ignore', 'ignore_ament_install']
[0.104s] Level 1:colcon.colcon_core.package_identification:_identify(bluerov2/bluerov2_gazebo) by extension 'ignore'
[0.104s] Level 1:colcon.colcon_core.package_identification:_identify(bluerov2/bluerov2_gazebo) ignored
[0.104s] Level 1:colcon.colcon_core.package_identification:_identify(bluerov2/doc) by extensions ['ignore', 'ignore_ament_install']
[0.104s] Level 1:colcon.colcon_core.package_identification:_identify(bluerov2/doc) by extension 'ignore'
[0.104s] Level 1:colcon.colcon_core.package_identification:_identify(bluerov2/doc) by extension 'ignore_ament_install'
[0.104s] Level 1:colcon.colcon_core.package_identification:_identify(bluerov2/doc) by extensions ['colcon_pkg']
[0.104s] Level 1:colcon.colcon_core.package_identification:_identify(bluerov2/doc) by extension 'colcon_pkg'
[0.104s] Level 1:colcon.colcon_core.package_identification:_identify(bluerov2/doc) by extensions ['colcon_meta']
[0.104s] Level 1:colcon.colcon_core.package_identification:_identify(bluerov2/doc) by extension 'colcon_meta'
[0.104s] Level 1:colcon.colcon_core.package_identification:_identify(bluerov2/doc) by extensions ['ros']
[0.105s] Level 1:colcon.colcon_core.package_identification:_identify(bluerov2/doc) by extension 'ros'
[0.105s] Level 1:colcon.colcon_core.package_identification:_identify(bluerov2/doc) by extensions ['cmake', 'python']
[0.105s] Level 1:colcon.colcon_core.package_identification:_identify(bluerov2/doc) by extension 'cmake'
[0.105s] Level 1:colcon.colcon_core.package_identification:_identify(bluerov2/doc) by extension 'python'
[0.105s] Level 1:colcon.colcon_core.package_identification:_identify(bluerov2/doc) by extensions ['python_setup_py']
[0.105s] Level 1:colcon.colcon_core.package_identification:_identify(bluerov2/doc) by extension 'python_setup_py'
[0.105s] Level 1:colcon.colcon_core.package_identification:_identify(bluerov2/doc/imgs) by extensions ['ignore', 'ignore_ament_install']
[0.105s] Level 1:colcon.colcon_core.package_identification:_identify(bluerov2/doc/imgs) by extension 'ignore'
[0.105s] Level 1:colcon.colcon_core.package_identification:_identify(bluerov2/doc/imgs) by extension 'ignore_ament_install'
[0.105s] Level 1:colcon.colcon_core.package_identification:_identify(bluerov2/doc/imgs) by extensions ['colcon_pkg']
[0.105s] Level 1:colcon.colcon_core.package_identification:_identify(bluerov2/doc/imgs) by extension 'colcon_pkg'
[0.105s] Level 1:colcon.colcon_core.package_identification:_identify(bluerov2/doc/imgs) by extensions ['colcon_meta']
[0.105s] Level 1:colcon.colcon_core.package_identification:_identify(bluerov2/doc/imgs) by extension 'colcon_meta'
[0.105s] Level 1:colcon.colcon_core.package_identification:_identify(bluerov2/doc/imgs) by extensions ['ros']
[0.105s] Level 1:colcon.colcon_core.package_identification:_identify(bluerov2/doc/imgs) by extension 'ros'
[0.105s] Level 1:colcon.colcon_core.package_identification:_identify(bluerov2/doc/imgs) by extensions ['cmake', 'python']
[0.105s] Level 1:colcon.colcon_core.package_identification:_identify(bluerov2/doc/imgs) by extension 'cmake'
[0.105s] Level 1:colcon.colcon_core.package_identification:_identify(bluerov2/doc/imgs) by extension 'python'
[0.105s] Level 1:colcon.colcon_core.package_identification:_identify(bluerov2/doc/imgs) by extensions ['python_setup_py']
[0.105s] Level 1:colcon.colcon_core.package_identification:_identify(bluerov2/doc/imgs) by extension 'python_setup_py'
[0.105s] Level 1:colcon.colcon_core.package_identification:_identify(bluerov2_description) by extensions ['ignore', 'ignore_ament_install']
[0.105s] Level 1:colcon.colcon_core.package_identification:_identify(bluerov2_description) by extension 'ignore'
[0.105s] Level 1:colcon.colcon_core.package_identification:_identify(bluerov2_description) ignored
[0.105s] Level 1:colcon.colcon_core.package_identification:_identify(build) by extensions ['ignore', 'ignore_ament_install']
[0.105s] Level 1:colcon.colcon_core.package_identification:_identify(build) by extension 'ignore'
[0.105s] Level 1:colcon.colcon_core.package_identification:_identify(build) ignored
[0.105s] Level 1:colcon.colcon_core.package_identification:_identify(data_sync) by extensions ['ignore', 'ignore_ament_install']
[0.105s] Level 1:colcon.colcon_core.package_identification:_identify(data_sync) by extension 'ignore'
[0.105s] Level 1:colcon.colcon_core.package_identification:_identify(data_sync) by extension 'ignore_ament_install'
[0.105s] Level 1:colcon.colcon_core.package_identification:_identify(data_sync) by extensions ['colcon_pkg']
[0.105s] Level 1:colcon.colcon_core.package_identification:_identify(data_sync) by extension 'colcon_pkg'
[0.105s] Level 1:colcon.colcon_core.package_identification:_identify(data_sync) by extensions ['colcon_meta']
[0.105s] Level 1:colcon.colcon_core.package_identification:_identify(data_sync) by extension 'colcon_meta'
[0.105s] Level 1:colcon.colcon_core.package_identification:_identify(data_sync) by extensions ['ros']
[0.105s] Level 1:colcon.colcon_core.package_identification:_identify(data_sync) by extension 'ros'
[0.106s] DEBUG:colcon.colcon_core.package_identification:Package 'data_sync' with type 'ros.ament_python' and name 'data_sync'
[0.106s] Level 1:colcon.colcon_core.package_identification:_identify(hammerhead_interfaces) by extensions ['ignore', 'ignore_ament_install']
[0.106s] Level 1:colcon.colcon_core.package_identification:_identify(hammerhead_interfaces) by extension 'ignore'
[0.106s] Level 1:colcon.colcon_core.package_identification:_identify(hammerhead_interfaces) by extension 'ignore_ament_install'
[0.106s] Level 1:colcon.colcon_core.package_identification:_identify(hammerhead_interfaces) by extensions ['colcon_pkg']
[0.106s] Level 1:colcon.colcon_core.package_identification:_identify(hammerhead_interfaces) by extension 'colcon_pkg'
[0.106s] Level 1:colcon.colcon_core.package_identification:_identify(hammerhead_interfaces) by extensions ['colcon_meta']
[0.106s] Level 1:colcon.colcon_core.package_identification:_identify(hammerhead_interfaces) by extension 'colcon_meta'
[0.106s] Level 1:colcon.colcon_core.package_identification:_identify(hammerhead_interfaces) by extensions ['ros']
[0.106s] Level 1:colcon.colcon_core.package_identification:_identify(hammerhead_interfaces) by extension 'ros'
[0.106s] DEBUG:colcon.colcon_core.package_identification:Package 'hammerhead_interfaces' with type 'ros.ament_cmake' and name 'hammerhead_interfaces'
[0.106s] Level 1:colcon.colcon_core.package_identification:_identify(hammerhead_serial) by extensions ['ignore', 'ignore_ament_install']
[0.106s] Level 1:colcon.colcon_core.package_identification:_identify(hammerhead_serial) by extension 'ignore'
[0.106s] Level 1:colcon.colcon_core.package_identification:_identify(hammerhead_serial) by extension 'ignore_ament_install'
[0.106s] Level 1:colcon.colcon_core.package_identification:_identify(hammerhead_serial) by extensions ['colcon_pkg']
[0.106s] Level 1:colcon.colcon_core.package_identification:_identify(hammerhead_serial) by extension 'colcon_pkg'
[0.106s] Level 1:colcon.colcon_core.package_identification:_identify(hammerhead_serial) by extensions ['colcon_meta']
[0.106s] Level 1:colcon.colcon_core.package_identification:_identify(hammerhead_serial) by extension 'colcon_meta'
[0.106s] Level 1:colcon.colcon_core.package_identification:_identify(hammerhead_serial) by extensions ['ros']
[0.106s] Level 1:colcon.colcon_core.package_identification:_identify(hammerhead_serial) by extension 'ros'
[0.107s] DEBUG:colcon.colcon_core.package_identification:Package 'hammerhead_serial' with type 'ros.ament_python' and name 'hammerhead_serial'
[0.107s] Level 1:colcon.colcon_core.package_identification:_identify(install) by extensions ['ignore', 'ignore_ament_install']
[0.107s] Level 1:colcon.colcon_core.package_identification:_identify(install) by extension 'ignore'
[0.107s] Level 1:colcon.colcon_core.package_identification:_identify(install) ignored
[0.107s] Level 1:colcon.colcon_core.package_identification:_identify(log) by extensions ['ignore', 'ignore_ament_install']
[0.107s] Level 1:colcon.colcon_core.package_identification:_identify(log) by extension 'ignore'
[0.107s] Level 1:colcon.colcon_core.package_identification:_identify(log) ignored
[0.107s] Level 1:colcon.colcon_core.package_identification:_identify(makara_bringup) by extensions ['ignore', 'ignore_ament_install']
[0.107s] Level 1:colcon.colcon_core.package_identification:_identify(makara_bringup) by extension 'ignore'
[0.107s] Level 1:colcon.colcon_core.package_identification:_identify(makara_bringup) by extension 'ignore_ament_install'
[0.107s] Level 1:colcon.colcon_core.package_identification:_identify(makara_bringup) by extensions ['colcon_pkg']
[0.107s] Level 1:colcon.colcon_core.package_identification:_identify(makara_bringup) by extension 'colcon_pkg'
[0.107s] Level 1:colcon.colcon_core.package_identification:_identify(makara_bringup) by extensions ['colcon_meta']
[0.107s] Level 1:colcon.colcon_core.package_identification:_identify(makara_bringup) by extension 'colcon_meta'
[0.107s] Level 1:colcon.colcon_core.package_identification:_identify(makara_bringup) by extensions ['ros']
[0.107s] Level 1:colcon.colcon_core.package_identification:_identify(makara_bringup) by extension 'ros'
[0.107s] DEBUG:colcon.colcon_core.package_identification:Package 'makara_bringup' with type 'ros.ament_python' and name 'makara_bringup'
[0.107s] Level 1:colcon.colcon_core.package_identification:_identify(makara_control) by extensions ['ignore', 'ignore_ament_install']
[0.107s] Level 1:colcon.colcon_core.package_identification:_identify(makara_control) by extension 'ignore'
[0.108s] Level 1:colcon.colcon_core.package_identification:_identify(makara_control) by extension 'ignore_ament_install'
[0.108s] Level 1:colcon.colcon_core.package_identification:_identify(makara_control) by extensions ['colcon_pkg']
[0.108s] Level 1:colcon.colcon_core.package_identification:_identify(makara_control) by extension 'colcon_pkg'
[0.108s] Level 1:colcon.colcon_core.package_identification:_identify(makara_control) by extensions ['colcon_meta']
[0.108s] Level 1:colcon.colcon_core.package_identification:_identify(makara_control) by extension 'colcon_meta'
[0.108s] Level 1:colcon.colcon_core.package_identification:_identify(makara_control) by extensions ['ros']
[0.108s] Level 1:colcon.colcon_core.package_identification:_identify(makara_control) by extension 'ros'
[0.108s] DEBUG:colcon.colcon_core.package_identification:Package 'makara_control' with type 'ros.ament_cmake' and name 'makara_control'
[0.108s] Level 1:colcon.colcon_core.package_identification:_identify(makara_interfaces) by extensions ['ignore', 'ignore_ament_install']
[0.108s] Level 1:colcon.colcon_core.package_identification:_identify(makara_interfaces) by extension 'ignore'
[0.108s] Level 1:colcon.colcon_core.package_identification:_identify(makara_interfaces) by extension 'ignore_ament_install'
[0.108s] Level 1:colcon.colcon_core.package_identification:_identify(makara_interfaces) by extensions ['colcon_pkg']
[0.108s] Level 1:colcon.colcon_core.package_identification:_identify(makara_interfaces) by extension 'colcon_pkg'
[0.108s] Level 1:colcon.colcon_core.package_identification:_identify(makara_interfaces) by extensions ['colcon_meta']
[0.108s] Level 1:colcon.colcon_core.package_identification:_identify(makara_interfaces) by extension 'colcon_meta'
[0.108s] Level 1:colcon.colcon_core.package_identification:_identify(makara_interfaces) by extensions ['ros']
[0.108s] Level 1:colcon.colcon_core.package_identification:_identify(makara_interfaces) by extension 'ros'
[0.108s] DEBUG:colcon.colcon_core.package_identification:Package 'makara_interfaces' with type 'ros.ament_cmake' and name 'makara_interfaces'
[0.108s] Level 1:colcon.colcon_core.package_identification:_identify(makara_serial) by extensions ['ignore', 'ignore_ament_install']
[0.108s] Level 1:colcon.colcon_core.package_identification:_identify(makara_serial) by extension 'ignore'
[0.108s] Level 1:colcon.colcon_core.package_identification:_identify(makara_serial) by extension 'ignore_ament_install'
[0.108s] Level 1:colcon.colcon_core.package_identification:_identify(makara_serial) by extensions ['colcon_pkg']
[0.108s] Level 1:colcon.colcon_core.package_identification:_identify(makara_serial) by extension 'colcon_pkg'
[0.108s] Level 1:colcon.colcon_core.package_identification:_identify(makara_serial) by extensions ['colcon_meta']
[0.109s] Level 1:colcon.colcon_core.package_identification:_identify(makara_serial) by extension 'colcon_meta'
[0.109s] Level 1:colcon.colcon_core.package_identification:_identify(makara_serial) by extensions ['ros']
[0.109s] Level 1:colcon.colcon_core.package_identification:_identify(makara_serial) by extension 'ros'
[0.109s] DEBUG:colcon.colcon_core.package_identification:Package 'makara_serial' with type 'ros.ament_python' and name 'makara_serial'
[0.109s] Level 1:colcon.colcon_core.package_identification:_identify(makara_vision) by extensions ['ignore', 'ignore_ament_install']
[0.109s] Level 1:colcon.colcon_core.package_identification:_identify(makara_vision) by extension 'ignore'
[0.109s] Level 1:colcon.colcon_core.package_identification:_identify(makara_vision) by extension 'ignore_ament_install'
[0.109s] Level 1:colcon.colcon_core.package_identification:_identify(makara_vision) by extensions ['colcon_pkg']
[0.109s] Level 1:colcon.colcon_core.package_identification:_identify(makara_vision) by extension 'colcon_pkg'
[0.109s] Level 1:colcon.colcon_core.package_identification:_identify(makara_vision) by extensions ['colcon_meta']
[0.109s] Level 1:colcon.colcon_core.package_identification:_identify(makara_vision) by extension 'colcon_meta'
[0.109s] Level 1:colcon.colcon_core.package_identification:_identify(makara_vision) by extensions ['ros']
[0.109s] Level 1:colcon.colcon_core.package_identification:_identify(makara_vision) by extension 'ros'
[0.109s] DEBUG:colcon.colcon_core.package_identification:Package 'makara_vision' with type 'ros.ament_python' and name 'makara_vision'
[0.109s] Level 1:colcon.colcon_core.package_identification:_identify(state_estimation) by extensions ['ignore', 'ignore_ament_install']
[0.109s] Level 1:colcon.colcon_core.package_identification:_identify(state_estimation) by extension 'ignore'
[0.110s] Level 1:colcon.colcon_core.package_identification:_identify(state_estimation) by extension 'ignore_ament_install'
[0.110s] Level 1:colcon.colcon_core.package_identification:_identify(state_estimation) by extensions ['colcon_pkg']
[0.110s] Level 1:colcon.colcon_core.package_identification:_identify(state_estimation) by extension 'colcon_pkg'
[0.110s] Level 1:colcon.colcon_core.package_identification:_identify(state_estimation) by extensions ['colcon_meta']
[0.110s] Level 1:colcon.colcon_core.package_identification:_identify(state_estimation) by extension 'colcon_meta'
[0.110s] Level 1:colcon.colcon_core.package_identification:_identify(state_estimation) by extensions ['ros']
[0.110s] Level 1:colcon.colcon_core.package_identification:_identify(state_estimation) by extension 'ros'
[0.110s] Level 1:colcon.colcon_core.package_identification:_identify(state_estimation) by extensions ['cmake', 'python']
[0.110s] Level 1:colcon.colcon_core.package_identification:_identify(state_estimation) by extension 'cmake'
[0.110s] Level 1:colcon.colcon_core.package_identification:_identify(state_estimation) by extension 'python'
[0.110s] Level 1:colcon.colcon_core.package_identification:_identify(state_estimation) by extensions ['python_setup_py']
[0.110s] Level 1:colcon.colcon_core.package_identification:_identify(state_estimation) by extension 'python_setup_py'
[0.110s] Level 1:colcon.colcon_core.package_discovery:discover_packages(recursive) using defaults
[0.110s] Level 1:colcon.colcon_core.package_discovery:discover_packages(ignore) discover
[0.110s] Level 1:colcon.colcon_core.package_discovery:discover_packages(ignore) using defaults
[0.110s] Level 1:colcon.colcon_core.package_discovery:discover_packages(path) discover
[0.110s] Level 1:colcon.colcon_core.package_discovery:discover_packages(path) using defaults
[0.122s] Level 1:colcon.colcon_core.package_discovery:discover_packages(prefix_path) check parameters
[0.122s] Level 1:colcon.colcon_core.package_discovery:discover_packages(prefix_path) discover
[0.123s] DEBUG:colcon.colcon_installed_package_information.package_discovery:Found 13 installed packages in /home/swayanshree/projects/Makara-AUV-ROS2/install
[0.124s] DEBUG:colcon.colcon_installed_package_information.package_discovery:Found 319 installed packages in /opt/ros/jazzy
[0.124s] Level 1:colcon.colcon_core.package_discovery:discover_packages(prefix_path) using defaults
[0.147s] Level 5:colcon.colcon_core.verb:set package 'StateSpace' build argument 'cmake_args' from command line to 'None'
[0.147s] Level 5:colcon.colcon_core.verb:set package 'StateSpace' build argument 'cmake_target' from command line to 'None'
[0.147s] Level 5:colcon.colcon_core.verb:set package 'StateSpace' build argument 'cmake_target_skip_unavailable' from command line to 'False'
[0.147s] Level 5:colcon.colcon_core.verb:set package 'StateSpace' build argument 'cmake_clean_cache' from command line to 'False'
[0.147s] Level 5:colcon.colcon_core.verb:set package 'StateSpace' build argument 'cmake_clean_first' from command line to 'False'
[0.147s] Level 5:colcon.colcon_core.verb:set package 'StateSpace' build argument 'cmake_force_configure' from command line to 'False'
[0.147s] Level 5:colcon.colcon_core.verb:set package 'StateSpace' build argument 'ament_cmake_args' from command line to 'None'
[0.147s] Level 5:colcon.colcon_core.verb:set package 'StateSpace' build argument 'catkin_cmake_args' from command line to 'None'
[0.147s] Level 5:colcon.colcon_core.verb:set package 'StateSpace' build argument 'catkin_skip_building_tests' from command line to 'False'
[0.147s] DEBUG:colcon.colcon_core.verb:Building package 'StateSpace' with the following arguments: {'ament_cmake_args': None, 'build_base': '/home/swayanshree/projects/Makara-AUV-ROS2/src/build/StateSpace', 'catkin_cmake_args': None, 'catkin_skip_building_tests': False, 'cmake_args': None, 'cmake_clean_cache': False, 'cmake_clean_first': False, 'cmake_force_configure': False, 'cmake_target': None, 'cmake_target_skip_unavailable': False, 'install_base': '/home/swayanshree/projects/Makara-AUV-ROS2/src/install/StateSpace', 'merge_install': False, 'path': '/home/swayanshree/projects/Makara-AUV-ROS2/src/StateSpace', 'symlink_install': False, 'test_result_base': None}
[0.147s] Level 5:colcon.colcon_core.verb:set package 'auv_description' build argument 'cmake_args' from command line to 'None'
[0.147s] Level 5:colcon.colcon_core.verb:set package 'auv_description' build argument 'cmake_target' from command line to 'None'
[0.147s] Level 5:colcon.colcon_core.verb:set package 'auv_description' build argument 'cmake_target_skip_unavailable' from command line to 'False'
[0.147s] Level 5:colcon.colcon_core.verb:set package 'auv_description' build argument 'cmake_clean_cache' from command line to 'False'
[0.147s] Level 5:colcon.colcon_core.verb:set package 'auv_description' build argument 'cmake_clean_first' from command line to 'False'
[0.147s] Level 5:colcon.colcon_core.verb:set package 'auv_description' build argument 'cmake_force_configure' from command line to 'False'
[0.147s] Level 5:colcon.colcon_core.verb:set package 'auv_description' build argument 'ament_cmake_args' from command line to 'None'
[0.147s] Level 5:colcon.colcon_core.verb:set package 'auv_description' build argument 'catkin_cmake_args' from command line to 'None'
[0.147s] Level 5:colcon.colcon_core.verb:set package 'auv_description' build argument 'catkin_skip_building_tests' from command line to 'False'
[0.147s] DEBUG:colcon.colcon_core.verb:Building package 'auv_description' with the following arguments: {'ament_cmake_args': None, 'build_base': '/home/swayanshree/projects/Makara-AUV-ROS2/src/build/auv_description', 'catkin_cmake_args': None, 'catkin_skip_building_tests': False, 'cmake_args': None, 'cmake_clean_cache': False, 'cmake_clean_first': False, 'cmake_force_configure': False, 'cmake_target': None, 'cmake_target_skip_unavailable': False, 'install_base': '/home/swayanshree/projects/Makara-AUV-ROS2/src/install/auv_description', 'merge_install': False, 'path': '/home/swayanshree/projects/Makara-AUV-ROS2/src/auv_description', 'symlink_install': False, 'test_result_base': None}
[0.147s] Level 5:colcon.colcon_core.verb:set package 'data_sync' build argument 'cmake_args' from command line to 'None'
[0.148s] Level 5:colcon.colcon_core.verb:set package 'data_sync' build argument 'cmake_target' from command line to 'None'
[0.148s] Level 5:colcon.colcon_core.verb:set package 'data_sync' build argument 'cmake_target_skip_unavailable' from command line to 'False'
[0.148s] Level 5:colcon.colcon_core.verb:set package 'data_sync' build argument 'cmake_clean_cache' from command line to 'False'
[0.148s] Level 5:colcon.colcon_core.verb:set package 'data_sync' build argument 'cmake_clean_first' from command line to 'False'
[0.148s] Level 5:colcon.colcon_core.verb:set package 'data_sync' build argument 'cmake_force_configure' from command line to 'False'
[0.148s] Level 5:colcon.colcon_core.verb:set package 'data_sync' build argument 'ament_cmake_args' from command line to 'None'
[0.148s] Level 5:colcon.colcon_core.verb:set package 'data_sync' build argument 'catkin_cmake_args' from command line to 'None'
[0.148s] Level 5:colcon.colcon_core.verb:set package 'data_sync' build argument 'catkin_skip_building_tests' from command line to 'False'
[0.148s] DEBUG:colcon.colcon_core.verb:Building package 'data_sync' with the following arguments: {'ament_cmake_args': None, 'build_base': '/home/swayanshree/projects/Makara-AUV-ROS2/src/build/data_sync', 'catkin_cmake_args': None, 'catkin_skip_building_tests': False, 'cmake_args': None, 'cmake_clean_cache': False, 'cmake_clean_first': False, 'cmake_force_configure': False, 'cmake_target': None, 'cmake_target_skip_unavailable': False, 'install_base': '/home/swayanshree/projects/Makara-AUV-ROS2/src/install/data_sync', 'merge_install': False, 'path': '/home/swayanshree/projects/Makara-AUV-ROS2/src/data_sync', 'symlink_install': False, 'test_result_base': None}
[0.148s] Level 5:colcon.colcon_core.verb:set package 'hammerhead_interfaces' build argument 'cmake_args' from command line to 'None'
[0.148s] Level 5:colcon.colcon_core.verb:set package 'hammerhead_interfaces' build argument 'cmake_target' from command line to 'None'
[0.148s] Level 5:colcon.colcon_core.verb:set package 'hammerhead_interfaces' build argument 'cmake_target_skip_unavailable' from command line to 'False'
[0.148s] Level 5:colcon.colcon_core.verb:set package 'hammerhead_interfaces' build argument 'cmake_clean_cache' from command line to 'False'
[0.148s] Level 5:colcon.colcon_core.verb:set package 'hammerhead_interfaces' build argument 'cmake_clean_first' from command line to 'False'
[0.148s] Level 5:colcon.colcon_core.verb:set package 'hammerhead_interfaces' build argument 'cmake_force_configure' from command line to 'False'
[0.148s] Level 5:colcon.colcon_core.verb:set package 'hammerhead_interfaces' build argument 'ament_cmake_args' from command line to 'None'
[0.148s] Level 5:colcon.colcon_core.verb:set package 'hammerhead_interfaces' build argument 'catkin_cmake_args' from command line to 'None'
[0.148s] Level 5:colcon.colcon_core.verb:set package 'hammerhead_interfaces' build argument 'catkin_skip_building_tests' from command line to 'False'
[0.148s] DEBUG:colcon.colcon_core.verb:Building package 'hammerhead_interfaces' with the following arguments: {'ament_cmake_args': None, 'build_base': '/home/swayanshree/projects/Makara-AUV-ROS2/src/build/hammerhead_interfaces', 'catkin_cmake_args': None, 'catkin_skip_building_tests': False, 'cmake_args': None, 'cmake_clean_cache': False, 'cmake_clean_first': False, 'cmake_force_configure': False, 'cmake_target': None, 'cmake_target_skip_unavailable': False, 'install_base': '/home/swayanshree/projects/Makara-AUV-ROS2/src/install/hammerhead_interfaces', 'merge_install': False, 'path': '/home/swayanshree/projects/Makara-AUV-ROS2/src/hammerhead_interfaces', 'symlink_install': False, 'test_result_base': None}
[0.149s] Level 5:colcon.colcon_core.verb:set package 'makara_bringup' build argument 'cmake_args' from command line to 'None'
[0.149s] Level 5:colcon.colcon_core.verb:set package 'makara_bringup' build argument 'cmake_target' from command line to 'None'
[0.149s] Level 5:colcon.colcon_core.verb:set package 'makara_bringup' build argument 'cmake_target_skip_unavailable' from command line to 'False'
[0.149s] Level 5:colcon.colcon_core.verb:set package 'makara_bringup' build argument 'cmake_clean_cache' from command line to 'False'
[0.149s] Level 5:colcon.colcon_core.verb:set package 'makara_bringup' build argument 'cmake_clean_first' from command line to 'False'
[0.149s] Level 5:colcon.colcon_core.verb:set package 'makara_bringup' build argument 'cmake_force_configure' from command line to 'False'
[0.149s] Level 5:colcon.colcon_core.verb:set package 'makara_bringup' build argument 'ament_cmake_args' from command line to 'None'
[0.149s] Level 5:colcon.colcon_core.verb:set package 'makara_bringup' build argument 'catkin_cmake_args' from command line to 'None'
[0.149s] Level 5:colcon.colcon_core.verb:set package 'makara_bringup' build argument 'catkin_skip_building_tests' from command line to 'False'
[0.149s] DEBUG:colcon.colcon_core.verb:Building package 'makara_bringup' with the following arguments: {'ament_cmake_args': None, 'build_base': '/home/swayanshree/projects/Makara-AUV-ROS2/src/build/makara_bringup', 'catkin_cmake_args': None, 'catkin_skip_building_tests': False, 'cmake_args': None, 'cmake_clean_cache': False, 'cmake_clean_first': False, 'cmake_force_configure': False, 'cmake_target': None, 'cmake_target_skip_unavailable': False, 'install_base': '/home/swayanshree/projects/Makara-AUV-ROS2/src/install/makara_bringup', 'merge_install': False, 'path': '/home/swayanshree/projects/Makara-AUV-ROS2/src/makara_bringup', 'symlink_install': False, 'test_result_base': None}
[0.149s] Level 5:colcon.colcon_core.verb:set package 'makara_interfaces' build argument 'cmake_args' from command line to 'None'
[0.149s] Level 5:colcon.colcon_core.verb:set package 'makara_interfaces' build argument 'cmake_target' from command line to 'None'
[0.149s] Level 5:colcon.colcon_core.verb:set package 'makara_interfaces' build argument 'cmake_target_skip_unavailable' from command line to 'False'
[0.149s] Level 5:colcon.colcon_core.verb:set package 'makara_interfaces' build argument 'cmake_clean_cache' from command line to 'False'
[0.149s] Level 5:colcon.colcon_core.verb:set package 'makara_interfaces' build argument 'cmake_clean_first' from command line to 'False'
[0.149s] Level 5:colcon.colcon_core.verb:set package 'makara_interfaces' build argument 'cmake_force_configure' from command line to 'False'
[0.149s] Level 5:colcon.colcon_core.verb:set package 'makara_interfaces' build argument 'ament_cmake_args' from command line to 'None'
[0.149s] Level 5:colcon.colcon_core.verb:set package 'makara_interfaces' build argument 'catkin_cmake_args' from command line to 'None'
[0.149s] Level 5:colcon.colcon_core.verb:set package 'makara_interfaces' build argument 'catkin_skip_building_tests' from command line to 'False'
[0.149s] DEBUG:colcon.colcon_core.verb:Building package 'makara_interfaces' with the following arguments: {'ament_cmake_args': None, 'build_base': '/home/swayanshree/projects/Makara-AUV-ROS2/src/build/makara_interfaces', 'catkin_cmake_args': None, 'catkin_skip_building_tests': False, 'cmake_args': None, 'cmake_clean_cache': False, 'cmake_clean_first': False, 'cmake_force_configure': False, 'cmake_target': None, 'cmake_target_skip_unavailable': False, 'install_base': '/home/swayanshree/projects/Makara-AUV-ROS2/src/install/makara_interfaces', 'merge_install': False, 'path': '/home/swayanshree/projects/Makara-AUV-ROS2/src/makara_interfaces', 'symlink_install': False, 'test_result_base': None}
[0.150s] Level 5:colcon.colcon_core.verb:set package 'makara_vision' build argument 'cmake_args' from command line to 'None'
[0.150s] Level 5:colcon.colcon_core.verb:set package 'makara_vision' build argument 'cmake_target' from command line to 'None'
[0.150s] Level 5:colcon.colcon_core.verb:set package 'makara_vision' build argument 'cmake_target_skip_unavailable' from command line to 'False'
[0.150s] Level 5:colcon.colcon_core.verb:set package 'makara_vision' build argument 'cmake_clean_cache' from command line to 'False'
[0.150s] Level 5:colcon.colcon_core.verb:set package 'makara_vision' build argument 'cmake_clean_first' from command line to 'False'
[0.150s] Level 5:colcon.colcon_core.verb:set package 'makara_vision' build argument 'cmake_force_configure' from command line to 'False'
[0.150s] Level 5:colcon.colcon_core.verb:set package 'makara_vision' build argument 'ament_cmake_args' from command line to 'None'
[0.150s] Level 5:colcon.colcon_core.verb:set package 'makara_vision' build argument 'catkin_cmake_args' from command line to 'None'
[0.150s] Level 5:colcon.colcon_core.verb:set package 'makara_vision' build argument 'catkin_skip_building_tests' from command line to 'False'
[0.150s] DEBUG:colcon.colcon_core.verb:Building package 'makara_vision' with the following arguments: {'ament_cmake_args': None, 'build_base': '/home/swayanshree/projects/Makara-AUV-ROS2/src/build/makara_vision', 'catkin_cmake_args': None, 'catkin_skip_building_tests': False, 'cmake_args': None, 'cmake_clean_cache': False, 'cmake_clean_first': False, 'cmake_force_configure': False, 'cmake_target': None, 'cmake_target_skip_unavailable': False, 'install_base': '/home/swayanshree/projects/Makara-AUV-ROS2/src/install/makara_vision', 'merge_install': False, 'path': '/home/swayanshree/projects/Makara-AUV-ROS2/src/makara_vision', 'symlink_install': False, 'test_result_base': None}
[0.150s] Level 5:colcon.colcon_core.verb:set package 'ardupilot_attitude_control' build argument 'cmake_args' from command line to 'None'
[0.150s] Level 5:colcon.colcon_core.verb:set package 'ardupilot_attitude_control' build argument 'cmake_target' from command line to 'None'
[0.150s] Level 5:colcon.colcon_core.verb:set package 'ardupilot_attitude_control' build argument 'cmake_target_skip_unavailable' from command line to 'False'
[0.150s] Level 5:colcon.colcon_core.verb:set package 'ardupilot_attitude_control' build argument 'cmake_clean_cache' from command line to 'False'
[0.150s] Level 5:colcon.colcon_core.verb:set package 'ardupilot_attitude_control' build argument 'cmake_clean_first' from command line to 'False'
[0.150s] Level 5:colcon.colcon_core.verb:set package 'ardupilot_attitude_control' build argument 'cmake_force_configure' from command line to 'False'
[0.150s] Level 5:colcon.colcon_core.verb:set package 'ardupilot_attitude_control' build argument 'ament_cmake_args' from command line to 'None'
[0.150s] Level 5:colcon.colcon_core.verb:set package 'ardupilot_attitude_control' build argument 'catkin_cmake_args' from command line to 'None'
[0.150s] Level 5:colcon.colcon_core.verb:set package 'ardupilot_attitude_control' build argument 'catkin_skip_building_tests' from command line to 'False'
[0.150s] DEBUG:colcon.colcon_core.verb:Building package 'ardupilot_attitude_control' with the following arguments: {'ament_cmake_args': None, 'build_base': '/home/swayanshree/projects/Makara-AUV-ROS2/src/build/ardupilot_attitude_control', 'catkin_cmake_args': None, 'catkin_skip_building_tests': False, 'cmake_args': None, 'cmake_clean_cache': False, 'cmake_clean_first': False, 'cmake_force_configure': False, 'cmake_target': None, 'cmake_target_skip_unavailable': False, 'install_base': '/home/swayanshree/projects/Makara-AUV-ROS2/src/install/ardupilot_attitude_control', 'merge_install': False, 'path': '/home/swayanshree/projects/Makara-AUV-ROS2/src/ardupilot_attitude_control', 'symlink_install': False, 'test_result_base': None}
[0.150s] Level 5:colcon.colcon_core.verb:set package 'hammerhead_serial' build argument 'cmake_args' from command line to 'None'
[0.150s] Level 5:colcon.colcon_core.verb:set package 'hammerhead_serial' build argument 'cmake_target' from command line to 'None'
[0.150s] Level 5:colcon.colcon_core.verb:set package 'hammerhead_serial' build argument 'cmake_target_skip_unavailable' from command line to 'False'
[0.151s] Level 5:colcon.colcon_core.verb:set package 'hammerhead_serial' build argument 'cmake_clean_cache' from command line to 'False'
[0.151s] Level 5:colcon.colcon_core.verb:set package 'hammerhead_serial' build argument 'cmake_clean_first' from command line to 'False'
[0.151s] Level 5:colcon.colcon_core.verb:set package 'hammerhead_serial' build argument 'cmake_force_configure' from command line to 'False'
[0.151s] Level 5:colcon.colcon_core.verb:set package 'hammerhead_serial' build argument 'ament_cmake_args' from command line to 'None'
[0.151s] Level 5:colcon.colcon_core.verb:set package 'hammerhead_serial' build argument 'catkin_cmake_args' from command line to 'None'
[0.151s] Level 5:colcon.colcon_core.verb:set package 'hammerhead_serial' build argument 'catkin_skip_building_tests' from command line to 'False'
[0.151s] DEBUG:colcon.colcon_core.verb:Building package 'hammerhead_serial' with the following arguments: {'ament_cmake_args': None, 'build_base': '/home/swayanshree/projects/Makara-AUV-ROS2/src/build/hammerhead_serial', 'catkin_cmake_args': None, 'catkin_skip_building_tests': False, 'cmake_args': None, 'cmake_clean_cache': False, 'cmake_clean_first': False, 'cmake_force_configure': False, 'cmake_target': None, 'cmake_target_skip_unavailable': False, 'install_base': '/home/swayanshree/projects/Makara-AUV-ROS2/src/install/hammerhead_serial', 'merge_install': False, 'path': '/home/swayanshree/projects/Makara-AUV-ROS2/src/hammerhead_serial', 'symlink_install': False, 'test_result_base': None}
[0.151s] Level 5:colcon.colcon_core.verb:set package 'makara_control' build argument 'cmake_args' from command line to 'None'
[0.151s] Level 5:colcon.colcon_core.verb:set package 'makara_control' build argument 'cmake_target' from command line to 'None'
[0.151s] Level 5:colcon.colcon_core.verb:set package 'makara_control' build argument 'cmake_target_skip_unavailable' from command line to 'False'
[0.151s] Level 5:colcon.colcon_core.verb:set package 'makara_control' build argument 'cmake_clean_cache' from command line to 'False'
[0.151s] Level 5:colcon.colcon_core.verb:set package 'makara_control' build argument 'cmake_clean_first' from command line to 'False'
[0.151s] Level 5:colcon.colcon_core.verb:set package 'makara_control' build argument 'cmake_force_configure' from command line to 'False'
[0.151s] Level 5:colcon.colcon_core.verb:set package 'makara_control' build argument 'ament_cmake_args' from command line to 'None'
[0.151s] Level 5:colcon.colcon_core.verb:set package 'makara_control' build argument 'catkin_cmake_args' from command line to 'None'
[0.151s] Level 5:colcon.colcon_core.verb:set package 'makara_control' build argument 'catkin_skip_building_tests' from command line to 'False'
[0.151s] DEBUG:colcon.colcon_core.verb:Building package 'makara_control' with the following arguments: {'ament_cmake_args': None, 'build_base': '/home/swayanshree/projects/Makara-AUV-ROS2/src/build/makara_control', 'catkin_cmake_args': None, 'catkin_skip_building_tests': False, 'cmake_args': None, 'cmake_clean_cache': False, 'cmake_clean_first': False, 'cmake_force_configure': False, 'cmake_target': None, 'cmake_target_skip_unavailable': False, 'install_base': '/home/swayanshree/projects/Makara-AUV-ROS2/src/install/makara_control', 'merge_install': False, 'path': '/home/swayanshree/projects/Makara-AUV-ROS2/src/makara_control', 'symlink_install': False, 'test_result_base': None}
[0.151s] Level 5:colcon.colcon_core.verb:set package 'makara_serial' build argument 'cmake_args' from command line to 'None'
[0.151s] Level 5:colcon.colcon_core.verb:set package 'makara_serial' build argument 'cmake_target' from command line to 'None'
[0.151s] Level 5:colcon.colcon_core.verb:set package 'makara_serial' build argument 'cmake_target_skip_unavailable' from command line to 'False'
[0.151s] Level 5:colcon.colcon_core.verb:set package 'makara_serial' build argument 'cmake_clean_cache' from command line to 'False'
[0.151s] Level 5:colcon.colcon_core.verb:set package 'makara_serial' build argument 'cmake_clean_first' from command line to 'False'
[0.151s] Level 5:colcon.colcon_core.verb:set package 'makara_serial' build argument 'cmake_force_configure' from command line to 'False'
[0.151s] Level 5:colcon.colcon_core.verb:set package 'makara_serial' build argument 'ament_cmake_args' from command line to 'None'
[0.151s] Level 5:colcon.colcon_core.verb:set package 'makara_serial' build argument 'catkin_cmake_args' from command line to 'None'
[0.151s] Level 5:colcon.colcon_core.verb:set package 'makara_serial' build argument 'catkin_skip_building_tests' from command line to 'False'
[0.151s] DEBUG:colcon.colcon_core.verb:Building package 'makara_serial' with the following arguments: {'ament_cmake_args': None, 'build_base': '/home/swayanshree/projects/Makara-AUV-ROS2/src/build/makara_serial', 'catkin_cmake_args': None, 'catkin_skip_building_tests': False, 'cmake_args': None, 'cmake_clean_cache': False, 'cmake_clean_first': False, 'cmake_force_configure': False, 'cmake_target': None, 'cmake_target_skip_unavailable': False, 'install_base': '/home/swayanshree/projects/Makara-AUV-ROS2/src/install/makara_serial', 'merge_install': False, 'path': '/home/swayanshree/projects/Makara-AUV-ROS2/src/makara_serial', 'symlink_install': False, 'test_result_base': None}
[0.151s] INFO:colcon.colcon_core.executor:Executing jobs using 'parallel' executor
[0.152s] DEBUG:colcon.colcon_parallel_executor.executor.parallel:run_until_complete
[0.152s] INFO:colcon.colcon_ros.task.ament_cmake.build:Building ROS package in '/home/swayanshree/projects/Makara-AUV-ROS2/src/hammerhead_interfaces' with build type 'ament_cmake'
[0.152s] INFO:colcon.colcon_cmake.task.cmake.build:Building CMake package in '/home/swayanshree/projects/Makara-AUV-ROS2/src/hammerhead_interfaces'
[0.154s] INFO:colcon.colcon_core.plugin_system:Skipping extension 'colcon_core.shell.bat': Not used on non-Windows systems
[0.154s] INFO:colcon.colcon_core.shell:Skip shell extension 'powershell' for command environment: Not usable outside of PowerShell
[0.154s] DEBUG:colcon.colcon_core.shell:Skip shell extension 'dsv' for command environment
[0.156s] INFO:colcon.colcon_ros.task.ament_cmake.build:Building ROS package in '/home/swayanshree/projects/Makara-AUV-ROS2/src/makara_interfaces' with build type 'ament_cmake'
[0.156s] INFO:colcon.colcon_cmake.task.cmake.build:Building CMake package in '/home/swayanshree/projects/Makara-AUV-ROS2/src/makara_interfaces'
[0.156s] INFO:colcon.colcon_core.shell:Skip shell extension 'powershell' for command environment: Not usable outside of PowerShell
[0.156s] DEBUG:colcon.colcon_core.shell:Skip shell extension 'dsv' for command environment
[0.158s] INFO:colcon.colcon_ros.task.ament_cmake.build:Building ROS package in '/home/swayanshree/projects/Makara-AUV-ROS2/src/StateSpace' with build type 'ament_cmake'
[0.158s] INFO:colcon.colcon_cmake.task.cmake.build:Building CMake package in '/home/swayanshree/projects/Makara-AUV-ROS2/src/StateSpace'
[0.158s] INFO:colcon.colcon_core.shell:Skip shell extension 'powershell' for command environment: Not usable outside of PowerShell
[0.158s] DEBUG:colcon.colcon_core.shell:Skip shell extension 'dsv' for command environment
[0.160s] INFO:colcon.colcon_ros.task.ament_cmake.build:Building ROS package in '/home/swayanshree/projects/Makara-AUV-ROS2/src/auv_description' with build type 'ament_cmake'
[0.160s] INFO:colcon.colcon_cmake.task.cmake.build:Building CMake package in '/home/swayanshree/projects/Makara-AUV-ROS2/src/auv_description'
[0.160s] INFO:colcon.colcon_core.shell:Skip shell extension 'powershell' for command environment: Not usable outside of PowerShell
[0.160s] DEBUG:colcon.colcon_core.shell:Skip shell extension 'dsv' for command environment
[0.162s] INFO:colcon.colcon_ros.task.ament_python.build:Building ROS package in '/home/swayanshree/projects/Makara-AUV-ROS2/src/data_sync' with build type 'ament_python'
[0.162s] Level 1:colcon.colcon_core.shell:create_environment_hook('data_sync', 'ament_prefix_path')
[0.162s] INFO:colcon.colcon_core.shell:Creating environment hook '/home/swayanshree/projects/Makara-AUV-ROS2/src/install/data_sync/share/data_sync/hook/ament_prefix_path.ps1'
[0.163s] INFO:colcon.colcon_core.shell:Creating environment descriptor '/home/swayanshree/projects/Makara-AUV-ROS2/src/install/data_sync/share/data_sync/hook/ament_prefix_path.dsv'
[0.163s] INFO:colcon.colcon_core.shell:Creating environment hook '/home/swayanshree/projects/Makara-AUV-ROS2/src/install/data_sync/share/data_sync/hook/ament_prefix_path.sh'
[0.163s] INFO:colcon.colcon_core.shell:Skip shell extension 'powershell' for command environment: Not usable outside of PowerShell
[0.163s] DEBUG:colcon.colcon_core.shell:Skip shell extension 'dsv' for command environment
[0.165s] INFO:colcon.colcon_ros.task.ament_python.build:Building ROS package in '/home/swayanshree/projects/Makara-AUV-ROS2/src/makara_bringup' with build type 'ament_python'
[0.165s] Level 1:colcon.colcon_core.shell:create_environment_hook('makara_bringup', 'ament_prefix_path')
[0.165s] INFO:colcon.colcon_core.shell:Creating environment hook '/home/swayanshree/projects/Makara-AUV-ROS2/src/install/makara_bringup/share/makara_bringup/hook/ament_prefix_path.ps1'
[0.166s] INFO:colcon.colcon_core.shell:Creating environment descriptor '/home/swayanshree/projects/Makara-AUV-ROS2/src/install/makara_bringup/share/makara_bringup/hook/ament_prefix_path.dsv'
[0.166s] INFO:colcon.colcon_core.shell:Creating environment hook '/home/swayanshree/projects/Makara-AUV-ROS2/src/install/makara_bringup/share/makara_bringup/hook/ament_prefix_path.sh'
[0.166s] INFO:colcon.colcon_core.shell:Skip shell extension 'powershell' for command environment: Not usable outside of PowerShell
[0.166s] DEBUG:colcon.colcon_core.shell:Skip shell extension 'dsv' for command environment
[0.168s] INFO:colcon.colcon_ros.task.ament_python.build:Building ROS package in '/home/swayanshree/projects/Makara-AUV-ROS2/src/makara_vision' with build type 'ament_python'
[0.168s] Level 1:colcon.colcon_core.shell:create_environment_hook('makara_vision', 'ament_prefix_path')
[0.168s] INFO:colcon.colcon_core.shell:Creating environment hook '/home/swayanshree/projects/Makara-AUV-ROS2/src/install/makara_vision/share/makara_vision/hook/ament_prefix_path.ps1'
[0.168s] INFO:colcon.colcon_core.shell:Creating environment descriptor '/home/swayanshree/projects/Makara-AUV-ROS2/src/install/makara_vision/share/makara_vision/hook/ament_prefix_path.dsv'
[0.168s] INFO:colcon.colcon_core.shell:Creating environment hook '/home/swayanshree/projects/Makara-AUV-ROS2/src/install/makara_vision/share/makara_vision/hook/ament_prefix_path.sh'
[0.169s] INFO:colcon.colcon_core.shell:Skip shell extension 'powershell' for command environment: Not usable outside of PowerShell
[0.169s] DEBUG:colcon.colcon_core.shell:Skip shell extension 'dsv' for command environment
[0.173s] DEBUG:colcon.colcon_core.event_handler.log_command:Invoking command in '/home/swayanshree/projects/Makara-AUV-ROS2/src/build/hammerhead_interfaces': CMAKE_PREFIX_PATH=${CMAKE_PREFIX_PATH}:/home/swayanshree/projects/Makara-AUV-ROS2/install/makara_vision:/home/swayanshree/projects/Makara-AUV-ROS2/install/makara_serial:/home/swayanshree/projects/Makara-AUV-ROS2/install/makara_bringup:/home/swayanshree/projects/Makara-AUV-ROS2/install/hammerhead_serial:/home/swayanshree/projects/Makara-AUV-ROS2/install/data_sync:/opt/ros/jazzy DEBUGINFOD_URLS=https://debuginfod.ubuntu.com /usr/bin/cmake /home/swayanshree/projects/Makara-AUV-ROS2/src/hammerhead_interfaces -DCMAKE_INSTALL_PREFIX=/home/swayanshree/projects/Makara-AUV-ROS2/src/install/hammerhead_interfaces
[0.174s] DEBUG:colcon.colcon_core.event_handler.log_command:Invoking command in '/home/swayanshree/projects/Makara-AUV-ROS2/src/build/makara_interfaces': CMAKE_PREFIX_PATH=${CMAKE_PREFIX_PATH}:/home/swayanshree/projects/Makara-AUV-ROS2/install/makara_vision:/home/swayanshree/projects/Makara-AUV-ROS2/install/makara_serial:/home/swayanshree/projects/Makara-AUV-ROS2/install/makara_bringup:/home/swayanshree/projects/Makara-AUV-ROS2/install/hammerhead_serial:/home/swayanshree/projects/Makara-AUV-ROS2/install/data_sync:/opt/ros/jazzy DEBUGINFOD_URLS=https://debuginfod.ubuntu.com /usr/bin/cmake /home/swayanshree/projects/Makara-AUV-ROS2/src/makara_interfaces -DCMAKE_INSTALL_PREFIX=/home/swayanshree/projects/Makara-AUV-ROS2/src/install/makara_interfaces
[0.175s] DEBUG:colcon.colcon_core.event_handler.log_command:Invoking command in '/home/swayanshree/projects/Makara-AUV-ROS2/src/build/StateSpace': CMAKE_PREFIX_PATH=${CMAKE_PREFIX_PATH}:/home/swayanshree/projects/Makara-AUV-ROS2/install/makara_vision:/home/swayanshree/projects/Makara-AUV-ROS2/install/makara_serial:/home/swayanshree/projects/Makara-AUV-ROS2/install/makara_bringup:/home/swayanshree/projects/Makara-AUV-ROS2/install/hammerhead_serial:/home/swayanshree/projects/Makara-AUV-ROS2/install/data_sync:/opt/ros/jazzy DEBUGINFOD_URLS=https://debuginfod.ubuntu.com /usr/bin/cmake /home/swayanshree/projects/Makara-AUV-ROS2/src/StateSpace -DCMAKE_INSTALL_PREFIX=/home/swayanshree/projects/Makara-AUV-ROS2/src/install/StateSpace
[0.176s] DEBUG:colcon.colcon_core.event_handler.log_command:Invoking command in '/home/swayanshree/projects/Makara-AUV-ROS2/src/build/auv_description': CMAKE_PREFIX_PATH=${CMAKE_PREFIX_PATH}:/home/swayanshree/projects/Makara-AUV-ROS2/install/makara_vision:/home/swayanshree/projects/Makara-AUV-ROS2/install/makara_serial:/home/swayanshree/projects/Makara-AUV-ROS2/install/makara_bringup:/home/swayanshree/projects/Makara-AUV-ROS2/install/hammerhead_serial:/home/swayanshree/projects/Makara-AUV-ROS2/install/data_sync:/opt/ros/jazzy DEBUGINFOD_URLS=https://debuginfod.ubuntu.com /usr/bin/cmake /home/swayanshree/projects/Makara-AUV-ROS2/src/auv_description -DCMAKE_INSTALL_PREFIX=/home/swayanshree/projects/Makara-AUV-ROS2/src/install/auv_description
[0.324s] INFO:colcon.colcon_core.task.python.build:Building Python package in '/home/swayanshree/projects/Makara-AUV-ROS2/src/data_sync'
[0.325s] INFO:colcon.colcon_core.shell:Skip shell extension 'powershell' for command environment: Not usable outside of PowerShell
[0.325s] DEBUG:colcon.colcon_core.shell:Skip shell extension 'dsv' for command environment
[0.460s] INFO:colcon.colcon_core.task.python.build:Building Python package in '/home/swayanshree/projects/Makara-AUV-ROS2/src/makara_bringup'
[0.460s] INFO:colcon.colcon_core.shell:Skip shell extension 'powershell' for command environment: Not usable outside of PowerShell
[0.460s] DEBUG:colcon.colcon_core.shell:Skip shell extension 'dsv' for command environment
[0.612s] INFO:colcon.colcon_core.task.python.build:Building Python package in '/home/swayanshree/projects/Makara-AUV-ROS2/src/makara_vision'
[0.612s] INFO:colcon.colcon_core.shell:Skip shell extension 'powershell' for command environment: Not usable outside of PowerShell
[0.612s] DEBUG:colcon.colcon_core.shell:Skip shell extension 'dsv' for command environment
[0.759s] DEBUG:colcon.colcon_core.event_handler.log_command:Invoked command in '/home/swayanshree/projects/Makara-AUV-ROS2/src/build/auv_description' returned '0': CMAKE_PREFIX_PATH=${CMAKE_PREFIX_PATH}:/home/swayanshree/projects/Makara-AUV-ROS2/install/makara_vision:/home/swayanshree/projects/Makara-AUV-ROS2/install/makara_serial:/home/swayanshree/projects/Makara-AUV-ROS2/install/makara_bringup:/home/swayanshree/projects/Makara-AUV-ROS2/install/hammerhead_serial:/home/swayanshree/projects/Makara-AUV-ROS2/install/data_sync:/opt/ros/jazzy DEBUGINFOD_URLS=https://debuginfod.ubuntu.com /usr/bin/cmake /home/swayanshree/projects/Makara-AUV-ROS2/src/auv_description -DCMAKE_INSTALL_PREFIX=/home/swayanshree/projects/Makara-AUV-ROS2/src/install/auv_description
[0.759s] DEBUG:colcon.colcon_core.event_handler.log_command:Invoking command in '/home/swayanshree/projects/Makara-AUV-ROS2/src/build/auv_description': CMAKE_PREFIX_PATH=${CMAKE_PREFIX_PATH}:/home/swayanshree/projects/Makara-AUV-ROS2/install/makara_vision:/home/swayanshree/projects/Makara-AUV-ROS2/install/makara_serial:/home/swayanshree/projects/Makara-AUV-ROS2/install/makara_bringup:/home/swayanshree/projects/Makara-AUV-ROS2/install/hammerhead_serial:/home/swayanshree/projects/Makara-AUV-ROS2/install/data_sync:/opt/ros/jazzy DEBUGINFOD_URLS=https://debuginfod.ubuntu.com /usr/bin/cmake --build /home/swayanshree/projects/Makara-AUV-ROS2/src/build/auv_description -- -j16 -l16
[0.787s] DEBUG:colcon.colcon_core.event_handler.log_command:Invoked command in '/home/swayanshree/projects/Makara-AUV-ROS2/src/build/auv_description' returned '0': CMAKE_PREFIX_PATH=${CMAKE_PREFIX_PATH}:/home/swayanshree/projects/Makara-AUV-ROS2/install/makara_vision:/home/swayanshree/projects/Makara-AUV-ROS2/install/makara_serial:/home/swayanshree/projects/Makara-AUV-ROS2/install/makara_bringup:/home/swayanshree/projects/Makara-AUV-ROS2/install/hammerhead_serial:/home/swayanshree/projects/Makara-AUV-ROS2/install/data_sync:/opt/ros/jazzy DEBUGINFOD_URLS=https://debuginfod.ubuntu.com /usr/bin/cmake --build /home/swayanshree/projects/Makara-AUV-ROS2/src/build/auv_description -- -j16 -l16
[0.795s] DEBUG:colcon.colcon_core.event_handler.log_command:Invoking command in '/home/swayanshree/projects/Makara-AUV-ROS2/src/build/auv_description': CMAKE_PREFIX_PATH=${CMAKE_PREFIX_PATH}:/home/swayanshree/projects/Makara-AUV-ROS2/install/makara_vision:/home/swayanshree/projects/Makara-AUV-ROS2/install/makara_serial:/home/swayanshree/projects/Makara-AUV-ROS2/install/makara_bringup:/home/swayanshree/projects/Makara-AUV-ROS2/install/hammerhead_serial:/home/swayanshree/projects/Makara-AUV-ROS2/install/data_sync:/opt/ros/jazzy DEBUGINFOD_URLS=https://debuginfod.ubuntu.com /usr/bin/cmake --install /home/swayanshree/projects/Makara-AUV-ROS2/src/build/auv_description
[0.802s] Level 1:colcon.colcon_core.environment:create_environment_scripts_only(auv_description)
[0.803s] DEBUG:colcon.colcon_core.event_handler.log_command:Invoked command in '/home/swayanshree/projects/Makara-AUV-ROS2/src/build/auv_description' returned '0': CMAKE_PREFIX_PATH=${CMAKE_PREFIX_PATH}:/home/swayanshree/projects/Makara-AUV-ROS2/install/makara_vision:/home/swayanshree/projects/Makara-AUV-ROS2/install/makara_serial:/home/swayanshree/projects/Makara-AUV-ROS2/install/makara_bringup:/home/swayanshree/projects/Makara-AUV-ROS2/install/hammerhead_serial:/home/swayanshree/projects/Makara-AUV-ROS2/install/data_sync:/opt/ros/jazzy DEBUGINFOD_URLS=https://debuginfod.ubuntu.com /usr/bin/cmake --install /home/swayanshree/projects/Makara-AUV-ROS2/src/build/auv_description
[0.805s] Level 1:colcon.colcon_core.environment:checking '/home/swayanshree/projects/Makara-AUV-ROS2/src/install/auv_description' for CMake module files
[0.805s] Level 1:colcon.colcon_core.environment:checking '/home/swayanshree/projects/Makara-AUV-ROS2/src/install/auv_description' for CMake config files
[0.806s] Level 1:colcon.colcon_core.shell:create_environment_hook('auv_description', 'cmake_prefix_path')
[0.806s] INFO:colcon.colcon_core.shell:Creating environment hook '/home/swayanshree/projects/Makara-AUV-ROS2/src/install/auv_description/share/auv_description/hook/cmake_prefix_path.ps1'
[0.806s] INFO:colcon.colcon_core.shell:Creating environment descriptor '/home/swayanshree/projects/Makara-AUV-ROS2/src/install/auv_description/share/auv_description/hook/cmake_prefix_path.dsv'
[0.806s] INFO:colcon.colcon_core.shell:Creating environment hook '/home/swayanshree/projects/Makara-AUV-ROS2/src/install/auv_description/share/auv_description/hook/cmake_prefix_path.sh'
[0.807s] Level 1:colcon.colcon_core.environment:checking '/home/swayanshree/projects/Makara-AUV-ROS2/src/install/auv_description/lib'
[0.807s] Level 1:colcon.colcon_core.environment:checking '/home/swayanshree/projects/Makara-AUV-ROS2/src/install/auv_description/bin'
[0.807s] Level 1:colcon.colcon_core.environment:checking '/home/swayanshree/projects/Makara-AUV-ROS2/src/install/auv_description/lib/pkgconfig/auv_description.pc'
[0.808s] Level 1:colcon.colcon_core.environment:checking '/home/swayanshree/projects/Makara-AUV-ROS2/src/install/auv_description/lib/python3.12/site-packages'
[0.808s] Level 1:colcon.colcon_core.environment:checking '/home/swayanshree/projects/Makara-AUV-ROS2/src/install/auv_description/bin'
[0.808s] INFO:colcon.colcon_core.shell:Creating package script '/home/swayanshree/projects/Makara-AUV-ROS2/src/install/auv_description/share/auv_description/package.ps1'
[0.809s] INFO:colcon.colcon_core.shell:Creating package descriptor '/home/swayanshree/projects/Makara-AUV-ROS2/src/install/auv_description/share/auv_description/package.dsv'
[0.810s] INFO:colcon.colcon_core.shell:Creating package script '/home/swayanshree/projects/Makara-AUV-ROS2/src/install/auv_description/share/auv_description/package.sh'
[0.810s] INFO:colcon.colcon_core.shell:Creating package script '/home/swayanshree/projects/Makara-AUV-ROS2/src/install/auv_description/share/auv_description/package.bash'
[0.811s] INFO:colcon.colcon_core.shell:Creating package script '/home/swayanshree/projects/Makara-AUV-ROS2/src/install/auv_description/share/auv_description/package.zsh'
[0.811s] Level 1:colcon.colcon_core.environment:create_file_with_runtime_dependencies(/home/swayanshree/projects/Makara-AUV-ROS2/src/install/auv_description/share/colcon-core/packages/auv_description)
[0.812s] Level 1:colcon.colcon_core.environment:create_environment_scripts_only(auv_description)
[0.812s] Level 1:colcon.colcon_core.environment:checking '/home/swayanshree/projects/Makara-AUV-ROS2/src/install/auv_description' for CMake module files
[0.812s] Level 1:colcon.colcon_core.environment:checking '/home/swayanshree/projects/Makara-AUV-ROS2/src/install/auv_description' for CMake config files
[0.812s] Level 1:colcon.colcon_core.shell:create_environment_hook('auv_description', 'cmake_prefix_path')
[0.812s] INFO:colcon.colcon_core.shell:Creating environment hook '/home/swayanshree/projects/Makara-AUV-ROS2/src/install/auv_description/share/auv_description/hook/cmake_prefix_path.ps1'
[0.813s] INFO:colcon.colcon_core.shell:Creating environment descriptor '/home/swayanshree/projects/Makara-AUV-ROS2/src/install/auv_description/share/auv_description/hook/cmake_prefix_path.dsv'
[0.813s] INFO:colcon.colcon_core.shell:Creating environment hook '/home/swayanshree/projects/Makara-AUV-ROS2/src/install/auv_description/share/auv_description/hook/cmake_prefix_path.sh'
[0.813s] Level 1:colcon.colcon_core.environment:checking '/home/swayanshree/projects/Makara-AUV-ROS2/src/install/auv_description/lib'
[0.813s] Level 1:colcon.colcon_core.environment:checking '/home/swayanshree/projects/Makara-AUV-ROS2/src/install/auv_description/bin'
[0.813s] Level 1:colcon.colcon_core.environment:checking '/home/swayanshree/projects/Makara-AUV-ROS2/src/install/auv_description/lib/pkgconfig/auv_description.pc'
[0.813s] Level 1:colcon.colcon_core.environment:checking '/home/swayanshree/projects/Makara-AUV-ROS2/src/install/auv_description/lib/python3.12/site-packages'
[0.814s] Level 1:colcon.colcon_core.environment:checking '/home/swayanshree/projects/Makara-AUV-ROS2/src/install/auv_description/bin'
[0.814s] INFO:colcon.colcon_core.shell:Creating package script '/home/swayanshree/projects/Makara-AUV-ROS2/src/install/auv_description/share/auv_description/package.ps1'
[0.814s] INFO:colcon.colcon_core.shell:Creating package descriptor '/home/swayanshree/projects/Makara-AUV-ROS2/src/install/auv_description/share/auv_description/package.dsv'
[0.814s] INFO:colcon.colcon_core.shell:Creating package script '/home/swayanshree/projects/Makara-AUV-ROS2/src/install/auv_description/share/auv_description/package.sh'
[0.814s] INFO:colcon.colcon_core.shell:Creating package script '/home/swayanshree/projects/Makara-AUV-ROS2/src/install/auv_description/share/auv_description/package.bash'
[0.815s] INFO:colcon.colcon_core.shell:Creating package script '/home/swayanshree/projects/Makara-AUV-ROS2/src/install/auv_description/share/auv_description/package.zsh'
[0.815s] Level 1:colcon.colcon_core.environment:create_file_with_runtime_dependencies(/home/swayanshree/projects/Makara-AUV-ROS2/src/install/auv_description/share/colcon-core/packages/auv_description)
[1.056s] DEBUG:colcon.colcon_core.event_handler.log_command:Invoking command in '/home/swayanshree/projects/Makara-AUV-ROS2/src/data_sync': DEBUGINFOD_URLS=https://debuginfod.ubuntu.com PYTHONPATH=/home/swayanshree/projects/Makara-AUV-ROS2/src/build/data_sync/prefix_override:/usr/lib/python3/dist-packages/colcon_core/task/python/colcon_distutils_commands:/home/swayanshree/projects/Makara-AUV-ROS2/src/install/data_sync/lib/python3.12/site-packages:${PYTHONPATH} /usr/bin/python3 -W ignore:setup.py install is deprecated -W ignore:easy_install command is deprecated setup.py egg_info --egg-base ../build/data_sync build --build-base /home/swayanshree/projects/Makara-AUV-ROS2/src/build/data_sync/build install --record /home/swayanshree/projects/Makara-AUV-ROS2/src/build/data_sync/install.log --single-version-externally-managed install_data
[1.088s] DEBUG:colcon.colcon_core.event_handler.log_command:Invoking command in '/home/swayanshree/projects/Makara-AUV-ROS2/src/makara_bringup': DEBUGINFOD_URLS=https://debuginfod.ubuntu.com PYTHONPATH=/home/swayanshree/projects/Makara-AUV-ROS2/src/build/makara_bringup/prefix_override:/usr/lib/python3/dist-packages/colcon_core/task/python/colcon_distutils_commands:/home/swayanshree/projects/Makara-AUV-ROS2/src/install/makara_bringup/lib/python3.12/site-packages:${PYTHONPATH} /usr/bin/python3 -W ignore:setup.py install is deprecated -W ignore:easy_install command is deprecated setup.py egg_info --egg-base ../build/makara_bringup build --build-base /home/swayanshree/projects/Makara-AUV-ROS2/src/build/makara_bringup/build install --record /home/swayanshree/projects/Makara-AUV-ROS2/src/build/makara_bringup/install.log --single-version-externally-managed install_data
[1.107s] DEBUG:colcon.colcon_core.event_handler.log_command:Invoking command in '/home/swayanshree/projects/Makara-AUV-ROS2/src/makara_vision': DEBUGINFOD_URLS=https://debuginfod.ubuntu.com PYTHONPATH=/home/swayanshree/projects/Makara-AUV-ROS2/src/build/makara_vision/prefix_override:/usr/lib/python3/dist-packages/colcon_core/task/python/colcon_distutils_commands:/home/swayanshree/projects/Makara-AUV-ROS2/src/install/makara_vision/lib/python3.12/site-packages:${PYTHONPATH} /usr/bin/python3 -W ignore:setup.py install is deprecated -W ignore:easy_install command is deprecated setup.py egg_info --egg-base ../build/makara_vision build --build-base /home/swayanshree/projects/Makara-AUV-ROS2/src/build/makara_vision/build install --record /home/swayanshree/projects/Makara-AUV-ROS2/src/build/makara_vision/install.log --single-version-externally-managed install_data
[1.314s] DEBUG:colcon.colcon_core.event_handler.log_command:Invoked command in '/home/swayanshree/projects/Makara-AUV-ROS2/src/build/StateSpace' returned '0': CMAKE_PREFIX_PATH=${CMAKE_PREFIX_PATH}:/home/swayanshree/projects/Makara-AUV-ROS2/install/makara_vision:/home/swayanshree/projects/Makara-AUV-ROS2/install/makara_serial:/home/swayanshree/projects/Makara-AUV-ROS2/install/makara_bringup:/home/swayanshree/projects/Makara-AUV-ROS2/install/hammerhead_serial:/home/swayanshree/projects/Makara-AUV-ROS2/install/data_sync:/opt/ros/jazzy DEBUGINFOD_URLS=https://debuginfod.ubuntu.com /usr/bin/cmake /home/swayanshree/projects/Makara-AUV-ROS2/src/StateSpace -DCMAKE_INSTALL_PREFIX=/home/swayanshree/projects/Makara-AUV-ROS2/src/install/StateSpace
[1.315s] DEBUG:colcon.colcon_core.event_handler.log_command:Invoking command in '/home/swayanshree/projects/Makara-AUV-ROS2/src/build/StateSpace': CMAKE_PREFIX_PATH=${CMAKE_PREFIX_PATH}:/home/swayanshree/projects/Makara-AUV-ROS2/install/makara_vision:/home/swayanshree/projects/Makara-AUV-ROS2/install/makara_serial:/home/swayanshree/projects/Makara-AUV-ROS2/install/makara_bringup:/home/swayanshree/projects/Makara-AUV-ROS2/install/hammerhead_serial:/home/swayanshree/projects/Makara-AUV-ROS2/install/data_sync:/opt/ros/jazzy DEBUGINFOD_URLS=https://debuginfod.ubuntu.com /usr/bin/cmake --build /home/swayanshree/projects/Makara-AUV-ROS2/src/build/StateSpace -- -j16 -l16
[1.344s] DEBUG:colcon.colcon_core.event_handler.log_command:Invoked command in '/home/swayanshree/projects/Makara-AUV-ROS2/src/build/StateSpace' returned '0': CMAKE_PREFIX_PATH=${CMAKE_PREFIX_PATH}:/home/swayanshree/projects/Makara-AUV-ROS2/install/makara_vision:/home/swayanshree/projects/Makara-AUV-ROS2/install/makara_serial:/home/swayanshree/projects/Makara-AUV-ROS2/install/makara_bringup:/home/swayanshree/projects/Makara-AUV-ROS2/install/hammerhead_serial:/home/swayanshree/projects/Makara-AUV-ROS2/install/data_sync:/opt/ros/jazzy DEBUGINFOD_URLS=https://debuginfod.ubuntu.com /usr/bin/cmake --build /home/swayanshree/projects/Makara-AUV-ROS2/src/build/StateSpace -- -j16 -l16
[1.345s] DEBUG:colcon.colcon_core.event_handler.log_command:Invoking command in '/home/swayanshree/projects/Makara-AUV-ROS2/src/build/StateSpace': CMAKE_PREFIX_PATH=${CMAKE_PREFIX_PATH}:/home/swayanshree/projects/Makara-AUV-ROS2/install/makara_vision:/home/swayanshree/projects/Makara-AUV-ROS2/install/makara_serial:/home/swayanshree/projects/Makara-AUV-ROS2/install/makara_bringup:/home/swayanshree/projects/Makara-AUV-ROS2/install/hammerhead_serial:/home/swayanshree/projects/Makara-AUV-ROS2/install/data_sync:/opt/ros/jazzy DEBUGINFOD_URLS=https://debuginfod.ubuntu.com /usr/bin/cmake --install /home/swayanshree/projects/Makara-AUV-ROS2/src/build/StateSpace
[1.354s] Level 1:colcon.colcon_core.environment:create_environment_scripts_only(StateSpace)
[1.354s] Level 1:colcon.colcon_core.environment:checking '/home/swayanshree/projects/Makara-AUV-ROS2/src/install/StateSpace' for CMake module files
[1.354s] DEBUG:colcon.colcon_core.event_handler.log_command:Invoked command in '/home/swayanshree/projects/Makara-AUV-ROS2/src/build/StateSpace' returned '0': CMAKE_PREFIX_PATH=${CMAKE_PREFIX_PATH}:/home/swayanshree/projects/Makara-AUV-ROS2/install/makara_vision:/home/swayanshree/projects/Makara-AUV-ROS2/install/makara_serial:/home/swayanshree/projects/Makara-AUV-ROS2/install/makara_bringup:/home/swayanshree/projects/Makara-AUV-ROS2/install/hammerhead_serial:/home/swayanshree/projects/Makara-AUV-ROS2/install/data_sync:/opt/ros/jazzy DEBUGINFOD_URLS=https://debuginfod.ubuntu.com /usr/bin/cmake --install /home/swayanshree/projects/Makara-AUV-ROS2/src/build/StateSpace
[1.355s] Level 1:colcon.colcon_core.environment:checking '/home/swayanshree/projects/Makara-AUV-ROS2/src/install/StateSpace' for CMake config files
[1.355s] Level 1:colcon.colcon_core.shell:create_environment_hook('StateSpace', 'cmake_prefix_path')
[1.355s] INFO:colcon.colcon_core.shell:Creating environment hook '/home/swayanshree/projects/Makara-AUV-ROS2/src/install/StateSpace/share/StateSpace/hook/cmake_prefix_path.ps1'
[1.355s] INFO:colcon.colcon_core.shell:Creating environment descriptor '/home/swayanshree/projects/Makara-AUV-ROS2/src/install/StateSpace/share/StateSpace/hook/cmake_prefix_path.dsv'
[1.356s] INFO:colcon.colcon_core.shell:Creating environment hook '/home/swayanshree/projects/Makara-AUV-ROS2/src/install/StateSpace/share/StateSpace/hook/cmake_prefix_path.sh'
[1.356s] Level 1:colcon.colcon_core.environment:checking '/home/swayanshree/projects/Makara-AUV-ROS2/src/install/StateSpace/lib'
[1.356s] Level 1:colcon.colcon_core.environment:checking '/home/swayanshree/projects/Makara-AUV-ROS2/src/install/StateSpace/bin'
[1.356s] Level 1:colcon.colcon_core.environment:checking '/home/swayanshree/projects/Makara-AUV-ROS2/src/install/StateSpace/lib/pkgconfig/StateSpace.pc'
[1.356s] Level 1:colcon.colcon_core.environment:checking '/home/swayanshree/projects/Makara-AUV-ROS2/src/install/StateSpace/lib/python3.12/site-packages'
[1.356s] Level 1:colcon.colcon_core.environment:checking '/home/swayanshree/projects/Makara-AUV-ROS2/src/install/StateSpace/bin'
[1.357s] INFO:colcon.colcon_core.shell:Creating package script '/home/swayanshree/projects/Makara-AUV-ROS2/src/install/StateSpace/share/StateSpace/package.ps1'
[1.357s] INFO:colcon.colcon_core.shell:Creating package descriptor '/home/swayanshree/projects/Makara-AUV-ROS2/src/install/StateSpace/share/StateSpace/package.dsv'
[1.357s] INFO:colcon.colcon_core.shell:Creating package script '/home/swayanshree/projects/Makara-AUV-ROS2/src/install/StateSpace/share/StateSpace/package.sh'
[1.357s] INFO:colcon.colcon_core.shell:Creating package script '/home/swayanshree/projects/Makara-AUV-ROS2/src/install/StateSpace/share/StateSpace/package.bash'
[1.358s] INFO:colcon.colcon_core.shell:Creating package script '/home/swayanshree/projects/Makara-AUV-ROS2/src/install/StateSpace/share/StateSpace/package.zsh'
[1.358s] Level 1:colcon.colcon_core.environment:create_file_with_runtime_dependencies(/home/swayanshree/projects/Makara-AUV-ROS2/src/install/StateSpace/share/colcon-core/packages/StateSpace)
[1.358s] Level 1:colcon.colcon_core.environment:create_environment_scripts_only(StateSpace)
[1.358s] Level 1:colcon.colcon_core.environment:checking '/home/swayanshree/projects/Makara-AUV-ROS2/src/install/StateSpace' for CMake module files
[1.359s] Level 1:colcon.colcon_core.environment:checking '/home/swayanshree/projects/Makara-AUV-ROS2/src/install/StateSpace' for CMake config files
[1.359s] Level 1:colcon.colcon_core.shell:create_environment_hook('StateSpace', 'cmake_prefix_path')
[1.359s] INFO:colcon.colcon_core.shell:Creating environment hook '/home/swayanshree/projects/Makara-AUV-ROS2/src/install/StateSpace/share/StateSpace/hook/cmake_prefix_path.ps1'
[1.359s] INFO:colcon.colcon_core.shell:Creating environment descriptor '/home/swayanshree/projects/Makara-AUV-ROS2/src/install/StateSpace/share/StateSpace/hook/cmake_prefix_path.dsv'
[1.360s] INFO:colcon.colcon_core.shell:Creating environment hook '/home/swayanshree/projects/Makara-AUV-ROS2/src/install/StateSpace/share/StateSpace/hook/cmake_prefix_path.sh'
[1.360s] Level 1:colcon.colcon_core.environment:checking '/home/swayanshree/projects/Makara-AUV-ROS2/src/install/StateSpace/lib'
[1.360s] Level 1:colcon.colcon_core.environment:checking '/home/swayanshree/projects/Makara-AUV-ROS2/src/install/StateSpace/bin'
[1.360s] Level 1:colcon.colcon_core.environment:checking '/home/swayanshree/projects/Makara-AUV-ROS2/src/install/StateSpace/lib/pkgconfig/StateSpace.pc'
[1.361s] Level 1:colcon.colcon_core.environment:checking '/home/swayanshree/projects/Makara-AUV-ROS2/src/install/StateSpace/lib/python3.12/site-packages'
[1.361s] Level 1:colcon.colcon_core.environment:checking '/home/swayanshree/projects/Makara-AUV-ROS2/src/install/StateSpace/bin'
[1.361s] INFO:colcon.colcon_core.shell:Creating package script '/home/swayanshree/projects/Makara-AUV-ROS2/src/install/StateSpace/share/StateSpace/package.ps1'
[1.362s] INFO:colcon.colcon_core.shell:Creating package descriptor '/home/swayanshree/projects/Makara-AUV-ROS2/src/install/StateSpace/share/StateSpace/package.dsv'
[1.363s] INFO:colcon.colcon_core.shell:Creating package script '/home/swayanshree/projects/Makara-AUV-ROS2/src/install/StateSpace/share/StateSpace/package.sh'
[1.364s] INFO:colcon.colcon_core.shell:Creating package script '/home/swayanshree/projects/Makara-AUV-ROS2/src/install/StateSpace/share/StateSpace/package.bash'
[1.364s] INFO:colcon.colcon_core.shell:Creating package script '/home/swayanshree/projects/Makara-AUV-ROS2/src/install/StateSpace/share/StateSpace/package.zsh'
[1.365s] Level 1:colcon.colcon_core.environment:create_file_with_runtime_dependencies(/home/swayanshree/projects/Makara-AUV-ROS2/src/install/StateSpace/share/colcon-core/packages/StateSpace)
[1.444s] Level 1:colcon.colcon_core.environment:checking '/home/swayanshree/projects/Makara-AUV-ROS2/src/install/makara_bringup' for CMake module files
[1.445s] DEBUG:colcon.colcon_core.event_handler.log_command:Invoked command in '/home/swayanshree/projects/Makara-AUV-ROS2/src/makara_bringup' returned '0': DEBUGINFOD_URLS=https://debuginfod.ubuntu.com PYTHONPATH=/home/swayanshree/projects/Makara-AUV-ROS2/src/build/makara_bringup/prefix_override:/usr/lib/python3/dist-packages/colcon_core/task/python/colcon_distutils_commands:/home/swayanshree/projects/Makara-AUV-ROS2/src/install/makara_bringup/lib/python3.12/site-packages:${PYTHONPATH} /usr/bin/python3 -W ignore:setup.py install is deprecated -W ignore:easy_install command is deprecated setup.py egg_info --egg-base ../build/makara_bringup build --build-base /home/swayanshree/projects/Makara-AUV-ROS2/src/build/makara_bringup/build install --record /home/swayanshree/projects/Makara-AUV-ROS2/src/build/makara_bringup/install.log --single-version-externally-managed install_data
[1.445s] Level 1:colcon.colcon_core.environment:checking '/home/swayanshree/projects/Makara-AUV-ROS2/src/install/makara_bringup' for CMake config files
[1.446s] Level 1:colcon.colcon_core.environment:checking '/home/swayanshree/projects/Makara-AUV-ROS2/src/install/makara_bringup/lib'
[1.446s] Level 1:colcon.colcon_core.environment:checking '/home/swayanshree/projects/Makara-AUV-ROS2/src/install/makara_bringup/bin'
[1.446s] Level 1:colcon.colcon_core.environment:checking '/home/swayanshree/projects/Makara-AUV-ROS2/src/install/makara_bringup/lib/pkgconfig/makara_bringup.pc'
[1.446s] Level 1:colcon.colcon_core.environment:checking '/home/swayanshree/projects/Makara-AUV-ROS2/src/install/makara_bringup/lib/python3.12/site-packages'
[1.446s] Level 1:colcon.colcon_core.shell:create_environment_hook('makara_bringup', 'pythonpath')
[1.446s] INFO:colcon.colcon_core.shell:Creating environment hook '/home/swayanshree/projects/Makara-AUV-ROS2/src/install/makara_bringup/share/makara_bringup/hook/pythonpath.ps1'
[1.447s] INFO:colcon.colcon_core.shell:Creating environment descriptor '/home/swayanshree/projects/Makara-AUV-ROS2/src/install/makara_bringup/share/makara_bringup/hook/pythonpath.dsv'
[1.447s] INFO:colcon.colcon_core.shell:Creating environment hook '/home/swayanshree/projects/Makara-AUV-ROS2/src/install/makara_bringup/share/makara_bringup/hook/pythonpath.sh'
[1.448s] Level 1:colcon.colcon_core.environment:checking '/home/swayanshree/projects/Makara-AUV-ROS2/src/install/makara_bringup/bin'
[1.448s] Level 1:colcon.colcon_core.environment:create_environment_scripts_only(makara_bringup)
[1.448s] INFO:colcon.colcon_core.shell:Creating package script '/home/swayanshree/projects/Makara-AUV-ROS2/src/install/makara_bringup/share/makara_bringup/package.ps1'
[1.448s] INFO:colcon.colcon_core.shell:Creating package descriptor '/home/swayanshree/projects/Makara-AUV-ROS2/src/install/makara_bringup/share/makara_bringup/package.dsv'
[1.449s] INFO:colcon.colcon_core.shell:Creating package script '/home/swayanshree/projects/Makara-AUV-ROS2/src/install/makara_bringup/share/makara_bringup/package.sh'
[1.449s] INFO:colcon.colcon_core.shell:Creating package script '/home/swayanshree/projects/Makara-AUV-ROS2/src/install/makara_bringup/share/makara_bringup/package.bash'
[1.449s] INFO:colcon.colcon_core.shell:Creating package script '/home/swayanshree/projects/Makara-AUV-ROS2/src/install/makara_bringup/share/makara_bringup/package.zsh'
[1.450s] Level 1:colcon.colcon_core.environment:create_file_with_runtime_dependencies(/home/swayanshree/projects/Makara-AUV-ROS2/src/install/makara_bringup/share/colcon-core/packages/makara_bringup)
[1.451s] Level 1:colcon.colcon_core.environment:checking '/home/swayanshree/projects/Makara-AUV-ROS2/src/install/data_sync' for CMake module files
[1.451s] DEBUG:colcon.colcon_core.event_handler.log_command:Invoked command in '/home/swayanshree/projects/Makara-AUV-ROS2/src/data_sync' returned '0': DEBUGINFOD_URLS=https://debuginfod.ubuntu.com PYTHONPATH=/home/swayanshree/projects/Makara-AUV-ROS2/src/build/data_sync/prefix_override:/usr/lib/python3/dist-packages/colcon_core/task/python/colcon_distutils_commands:/home/swayanshree/projects/Makara-AUV-ROS2/src/install/data_sync/lib/python3.12/site-packages:${PYTHONPATH} /usr/bin/python3 -W ignore:setup.py install is deprecated -W ignore:easy_install command is deprecated setup.py egg_info --egg-base ../build/data_sync build --build-base /home/swayanshree/projects/Makara-AUV-ROS2/src/build/data_sync/build install --record /home/swayanshree/projects/Makara-AUV-ROS2/src/build/data_sync/install.log --single-version-externally-managed install_data
[1.452s] Level 1:colcon.colcon_core.environment:checking '/home/swayanshree/projects/Makara-AUV-ROS2/src/install/data_sync' for CMake config files
[1.452s] Level 1:colcon.colcon_core.environment:checking '/home/swayanshree/projects/Makara-AUV-ROS2/src/install/data_sync/lib'
[1.452s] Level 1:colcon.colcon_core.environment:checking '/home/swayanshree/projects/Makara-AUV-ROS2/src/install/data_sync/bin'
[1.452s] Level 1:colcon.colcon_core.environment:checking '/home/swayanshree/projects/Makara-AUV-ROS2/src/install/data_sync/lib/pkgconfig/data_sync.pc'
[1.452s] Level 1:colcon.colcon_core.environment:checking '/home/swayanshree/projects/Makara-AUV-ROS2/src/install/data_sync/lib/python3.12/site-packages'
[1.453s] Level 1:colcon.colcon_core.shell:create_environment_hook('data_sync', 'pythonpath')
[1.453s] INFO:colcon.colcon_core.shell:Creating environment hook '/home/swayanshree/projects/Makara-AUV-ROS2/src/install/data_sync/share/data_sync/hook/pythonpath.ps1'
[1.453s] INFO:colcon.colcon_core.shell:Creating environment descriptor '/home/swayanshree/projects/Makara-AUV-ROS2/src/install/data_sync/share/data_sync/hook/pythonpath.dsv'
[1.454s] INFO:colcon.colcon_core.shell:Creating environment hook '/home/swayanshree/projects/Makara-AUV-ROS2/src/install/data_sync/share/data_sync/hook/pythonpath.sh'
[1.454s] Level 1:colcon.colcon_core.environment:checking '/home/swayanshree/projects/Makara-AUV-ROS2/src/install/data_sync/bin'
[1.454s] Level 1:colcon.colcon_core.environment:create_environment_scripts_only(data_sync)
[1.454s] INFO:colcon.colcon_core.shell:Creating package script '/home/swayanshree/projects/Makara-AUV-ROS2/src/install/data_sync/share/data_sync/package.ps1'
[1.455s] INFO:colcon.colcon_core.shell:Creating package descriptor '/home/swayanshree/projects/Makara-AUV-ROS2/src/install/data_sync/share/data_sync/package.dsv'
[1.455s] INFO:colcon.colcon_core.shell:Creating package script '/home/swayanshree/projects/Makara-AUV-ROS2/src/install/data_sync/share/data_sync/package.sh'
[1.455s] INFO:colcon.colcon_core.shell:Creating package script '/home/swayanshree/projects/Makara-AUV-ROS2/src/install/data_sync/share/data_sync/package.bash'
[1.455s] INFO:colcon.colcon_core.shell:Creating package script '/home/swayanshree/projects/Makara-AUV-ROS2/src/install/data_sync/share/data_sync/package.zsh'
[1.455s] Level 1:colcon.colcon_core.environment:create_file_with_runtime_dependencies(/home/swayanshree/projects/Makara-AUV-ROS2/src/install/data_sync/share/colcon-core/packages/data_sync)
[1.473s] Level 1:colcon.colcon_core.environment:checking '/home/swayanshree/projects/Makara-AUV-ROS2/src/install/makara_vision' for CMake module files
[1.474s] DEBUG:colcon.colcon_core.event_handler.log_command:Invoked command in '/home/swayanshree/projects/Makara-AUV-ROS2/src/makara_vision' returned '0': DEBUGINFOD_URLS=https://debuginfod.ubuntu.com PYTHONPATH=/home/swayanshree/projects/Makara-AUV-ROS2/src/build/makara_vision/prefix_override:/usr/lib/python3/dist-packages/colcon_core/task/python/colcon_distutils_commands:/home/swayanshree/projects/Makara-AUV-ROS2/src/install/makara_vision/lib/python3.12/site-packages:${PYTHONPATH} /usr/bin/python3 -W ignore:setup.py install is deprecated -W ignore:easy_install command is deprecated setup.py egg_info --egg-base ../build/makara_vision build --build-base /home/swayanshree/projects/Makara-AUV-ROS2/src/build/makara_vision/build install --record /home/swayanshree/projects/Makara-AUV-ROS2/src/build/makara_vision/install.log --single-version-externally-managed install_data
[1.474s] Level 1:colcon.colcon_core.environment:checking '/home/swayanshree/projects/Makara-AUV-ROS2/src/install/makara_vision' for CMake config files
[1.474s] Level 1:colcon.colcon_core.environment:checking '/home/swayanshree/projects/Makara-AUV-ROS2/src/install/makara_vision/lib'
[1.474s] Level 1:colcon.colcon_core.environment:checking '/home/swayanshree/projects/Makara-AUV-ROS2/src/install/makara_vision/bin'
[1.474s] Level 1:colcon.colcon_core.environment:checking '/home/swayanshree/projects/Makara-AUV-ROS2/src/install/makara_vision/lib/pkgconfig/makara_vision.pc'
[1.474s] Level 1:colcon.colcon_core.environment:checking '/home/swayanshree/projects/Makara-AUV-ROS2/src/install/makara_vision/lib/python3.12/site-packages'
[1.474s] Level 1:colcon.colcon_core.shell:create_environment_hook('makara_vision', 'pythonpath')
[1.474s] INFO:colcon.colcon_core.shell:Creating environment hook '/home/swayanshree/projects/Makara-AUV-ROS2/src/install/makara_vision/share/makara_vision/hook/pythonpath.ps1'
[1.475s] INFO:colcon.colcon_core.shell:Creating environment descriptor '/home/swayanshree/projects/Makara-AUV-ROS2/src/install/makara_vision/share/makara_vision/hook/pythonpath.dsv'
[1.475s] INFO:colcon.colcon_core.shell:Creating environment hook '/home/swayanshree/projects/Makara-AUV-ROS2/src/install/makara_vision/share/makara_vision/hook/pythonpath.sh'
[1.475s] Level 1:colcon.colcon_core.environment:checking '/home/swayanshree/projects/Makara-AUV-ROS2/src/install/makara_vision/bin'
[1.475s] Level 1:colcon.colcon_core.environment:create_environment_scripts_only(makara_vision)
[1.475s] INFO:colcon.colcon_core.shell:Creating package script '/home/swayanshree/projects/Makara-AUV-ROS2/src/install/makara_vision/share/makara_vision/package.ps1'
[1.476s] INFO:colcon.colcon_core.shell:Creating package descriptor '/home/swayanshree/projects/Makara-AUV-ROS2/src/install/makara_vision/share/makara_vision/package.dsv'
[1.476s] INFO:colcon.colcon_core.shell:Creating package script '/home/swayanshree/projects/Makara-AUV-ROS2/src/install/makara_vision/share/makara_vision/package.sh'
[1.476s] INFO:colcon.colcon_core.shell:Creating package script '/home/swayanshree/projects/Makara-AUV-ROS2/src/install/makara_vision/share/makara_vision/package.bash'
[1.476s] INFO:colcon.colcon_core.shell:Creating package script '/home/swayanshree/projects/Makara-AUV-ROS2/src/install/makara_vision/share/makara_vision/package.zsh'
[1.476s] Level 1:colcon.colcon_core.environment:create_file_with_runtime_dependencies(/home/swayanshree/projects/Makara-AUV-ROS2/src/install/makara_vision/share/colcon-core/packages/makara_vision)
[2.776s] DEBUG:colcon.colcon_core.event_handler.log_command:Invoked command in '/home/swayanshree/projects/Makara-AUV-ROS2/src/build/makara_interfaces' returned '0': CMAKE_PREFIX_PATH=${CMAKE_PREFIX_PATH}:/home/swayanshree/projects/Makara-AUV-ROS2/install/makara_vision:/home/swayanshree/projects/Makara-AUV-ROS2/install/makara_serial:/home/swayanshree/projects/Makara-AUV-ROS2/install/makara_bringup:/home/swayanshree/projects/Makara-AUV-ROS2/install/hammerhead_serial:/home/swayanshree/projects/Makara-AUV-ROS2/install/data_sync:/opt/ros/jazzy DEBUGINFOD_URLS=https://debuginfod.ubuntu.com /usr/bin/cmake /home/swayanshree/projects/Makara-AUV-ROS2/src/makara_interfaces -DCMAKE_INSTALL_PREFIX=/home/swayanshree/projects/Makara-AUV-ROS2/src/install/makara_interfaces
[2.777s] DEBUG:colcon.colcon_core.event_handler.log_command:Invoking command in '/home/swayanshree/projects/Makara-AUV-ROS2/src/build/makara_interfaces': CMAKE_PREFIX_PATH=${CMAKE_PREFIX_PATH}:/home/swayanshree/projects/Makara-AUV-ROS2/install/makara_vision:/home/swayanshree/projects/Makara-AUV-ROS2/install/makara_serial:/home/swayanshree/projects/Makara-AUV-ROS2/install/makara_bringup:/home/swayanshree/projects/Makara-AUV-ROS2/install/hammerhead_serial:/home/swayanshree/projects/Makara-AUV-ROS2/install/data_sync:/opt/ros/jazzy DEBUGINFOD_URLS=https://debuginfod.ubuntu.com /usr/bin/cmake --build /home/swayanshree/projects/Makara-AUV-ROS2/src/build/makara_interfaces -- -j16 -l16
[2.816s] DEBUG:colcon.colcon_core.event_handler.log_command:Invoked command in '/home/swayanshree/projects/Makara-AUV-ROS2/src/build/hammerhead_interfaces' returned '0': CMAKE_PREFIX_PATH=${CMAKE_PREFIX_PATH}:/home/swayanshree/projects/Makara-AUV-ROS2/install/makara_vision:/home/swayanshree/projects/Makara-AUV-ROS2/install/makara_serial:/home/swayanshree/projects/Makara-AUV-ROS2/install/makara_bringup:/home/swayanshree/projects/Makara-AUV-ROS2/install/hammerhead_serial:/home/swayanshree/projects/Makara-AUV-ROS2/install/data_sync:/opt/ros/jazzy DEBUGINFOD_URLS=https://debuginfod.ubuntu.com /usr/bin/cmake /home/swayanshree/projects/Makara-AUV-ROS2/src/hammerhead_interfaces -DCMAKE_INSTALL_PREFIX=/home/swayanshree/projects/Makara-AUV-ROS2/src/install/hammerhead_interfaces
[2.817s] DEBUG:colcon.colcon_core.event_handler.log_command:Invoking command in '/home/swayanshree/projects/Makara-AUV-ROS2/src/build/hammerhead_interfaces': CMAKE_PREFIX_PATH=${CMAKE_PREFIX_PATH}:/home/swayanshree/projects/Makara-AUV-ROS2/install/makara_vision:/home/swayanshree/projects/Makara-AUV-ROS2/install/makara_serial:/home/swayanshree/projects/Makara-AUV-ROS2/install/makara_bringup:/home/swayanshree/projects/Makara-AUV-ROS2/install/hammerhead_serial:/home/swayanshree/projects/Makara-AUV-ROS2/install/data_sync:/opt/ros/jazzy DEBUGINFOD_URLS=https://debuginfod.ubuntu.com /usr/bin/cmake --build /home/swayanshree/projects/Makara-AUV-ROS2/src/build/hammerhead_interfaces -- -j16 -l16
[9.173s] DEBUG:colcon.colcon_core.event_handler.log_command:Invoked command in '/home/swayanshree/projects/Makara-AUV-ROS2/src/build/hammerhead_interfaces' returned '0': CMAKE_PREFIX_PATH=${CMAKE_PREFIX_PATH}:/home/swayanshree/projects/Makara-AUV-ROS2/install/makara_vision:/home/swayanshree/projects/Makara-AUV-ROS2/install/makara_serial:/home/swayanshree/projects/Makara-AUV-ROS2/install/makara_bringup:/home/swayanshree/projects/Makara-AUV-ROS2/install/hammerhead_serial:/home/swayanshree/projects/Makara-AUV-ROS2/install/data_sync:/opt/ros/jazzy DEBUGINFOD_URLS=https://debuginfod.ubuntu.com /usr/bin/cmake --build /home/swayanshree/projects/Makara-AUV-ROS2/src/build/hammerhead_interfaces -- -j16 -l16
[9.174s] DEBUG:colcon.colcon_core.event_handler.log_command:Invoking command in '/home/swayanshree/projects/Makara-AUV-ROS2/src/build/hammerhead_interfaces': CMAKE_PREFIX_PATH=${CMAKE_PREFIX_PATH}:/home/swayanshree/projects/Makara-AUV-ROS2/install/makara_vision:/home/swayanshree/projects/Makara-AUV-ROS2/install/makara_serial:/home/swayanshree/projects/Makara-AUV-ROS2/install/makara_bringup:/home/swayanshree/projects/Makara-AUV-ROS2/install/hammerhead_serial:/home/swayanshree/projects/Makara-AUV-ROS2/install/data_sync:/opt/ros/jazzy DEBUGINFOD_URLS=https://debuginfod.ubuntu.com /usr/bin/cmake --install /home/swayanshree/projects/Makara-AUV-ROS2/src/build/hammerhead_interfaces
[9.243s] Level 1:colcon.colcon_core.environment:create_environment_scripts_only(hammerhead_interfaces)
[9.244s] Level 1:colcon.colcon_core.environment:checking '/home/swayanshree/projects/Makara-AUV-ROS2/src/install/hammerhead_interfaces' for CMake module files
[9.244s] DEBUG:colcon.colcon_core.event_handler.log_command:Invoked command in '/home/swayanshree/projects/Makara-AUV-ROS2/src/build/hammerhead_interfaces' returned '0': CMAKE_PREFIX_PATH=${CMAKE_PREFIX_PATH}:/home/swayanshree/projects/Makara-AUV-ROS2/install/makara_vision:/home/swayanshree/projects/Makara-AUV-ROS2/install/makara_serial:/home/swayanshree/projects/Makara-AUV-ROS2/install/makara_bringup:/home/swayanshree/projects/Makara-AUV-ROS2/install/hammerhead_serial:/home/swayanshree/projects/Makara-AUV-ROS2/install/data_sync:/opt/ros/jazzy DEBUGINFOD_URLS=https://debuginfod.ubuntu.com /usr/bin/cmake --install /home/swayanshree/projects/Makara-AUV-ROS2/src/build/hammerhead_interfaces
[9.245s] Level 1:colcon.colcon_core.environment:checking '/home/swayanshree/projects/Makara-AUV-ROS2/src/install/hammerhead_interfaces' for CMake config files
[9.246s] Level 1:colcon.colcon_core.shell:create_environment_hook('hammerhead_interfaces', 'cmake_prefix_path')
[9.246s] INFO:colcon.colcon_core.shell:Creating environment hook '/home/swayanshree/projects/Makara-AUV-ROS2/src/install/hammerhead_interfaces/share/hammerhead_interfaces/hook/cmake_prefix_path.ps1'
[9.246s] INFO:colcon.colcon_core.shell:Creating environment descriptor '/home/swayanshree/projects/Makara-AUV-ROS2/src/install/hammerhead_interfaces/share/hammerhead_interfaces/hook/cmake_prefix_path.dsv'
[9.246s] INFO:colcon.colcon_core.shell:Creating environment hook '/home/swayanshree/projects/Makara-AUV-ROS2/src/install/hammerhead_interfaces/share/hammerhead_interfaces/hook/cmake_prefix_path.sh'
[9.247s] Level 1:colcon.colcon_core.environment:checking '/home/swayanshree/projects/Makara-AUV-ROS2/src/install/hammerhead_interfaces/lib'
[9.247s] Level 1:colcon.colcon_core.shell:create_environment_hook('hammerhead_interfaces', 'ld_library_path_lib')
[9.247s] INFO:colcon.colcon_core.shell:Creating environment hook '/home/swayanshree/projects/Makara-AUV-ROS2/src/install/hammerhead_interfaces/share/hammerhead_interfaces/hook/ld_library_path_lib.ps1'
[9.247s] INFO:colcon.colcon_core.shell:Creating environment descriptor '/home/swayanshree/projects/Makara-AUV-ROS2/src/install/hammerhead_interfaces/share/hammerhead_interfaces/hook/ld_library_path_lib.dsv'
[9.247s] INFO:colcon.colcon_core.shell:Creating environment hook '/home/swayanshree/projects/Makara-AUV-ROS2/src/install/hammerhead_interfaces/share/hammerhead_interfaces/hook/ld_library_path_lib.sh'
[9.248s] Level 1:colcon.colcon_core.environment:checking '/home/swayanshree/projects/Makara-AUV-ROS2/src/install/hammerhead_interfaces/bin'
[9.248s] Level 1:colcon.colcon_core.environment:checking '/home/swayanshree/projects/Makara-AUV-ROS2/src/install/hammerhead_interfaces/lib/pkgconfig/hammerhead_interfaces.pc'
[9.248s] Level 1:colcon.colcon_core.environment:checking '/home/swayanshree/projects/Makara-AUV-ROS2/src/install/hammerhead_interfaces/lib/python3.12/site-packages'
[9.248s] Level 1:colcon.colcon_core.shell:create_environment_hook('hammerhead_interfaces', 'pythonpath')
[9.248s] INFO:colcon.colcon_core.shell:Creating environment hook '/home/swayanshree/projects/Makara-AUV-ROS2/src/install/hammerhead_interfaces/share/hammerhead_interfaces/hook/pythonpath.ps1'
[9.248s] INFO:colcon.colcon_core.shell:Creating environment descriptor '/home/swayanshree/projects/Makara-AUV-ROS2/src/install/hammerhead_interfaces/share/hammerhead_interfaces/hook/pythonpath.dsv'
[9.249s] INFO:colcon.colcon_core.shell:Creating environment hook '/home/swayanshree/projects/Makara-AUV-ROS2/src/install/hammerhead_interfaces/share/hammerhead_interfaces/hook/pythonpath.sh'
[9.249s] Level 1:colcon.colcon_core.environment:checking '/home/swayanshree/projects/Makara-AUV-ROS2/src/install/hammerhead_interfaces/bin'
[9.249s] INFO:colcon.colcon_core.shell:Creating package script '/home/swayanshree/projects/Makara-AUV-ROS2/src/install/hammerhead_interfaces/share/hammerhead_interfaces/package.ps1'
[9.250s] INFO:colcon.colcon_core.shell:Creating package descriptor '/home/swayanshree/projects/Makara-AUV-ROS2/src/install/hammerhead_interfaces/share/hammerhead_interfaces/package.dsv'
[9.250s] INFO:colcon.colcon_core.shell:Creating package script '/home/swayanshree/projects/Makara-AUV-ROS2/src/install/hammerhead_interfaces/share/hammerhead_interfaces/package.sh'
[9.250s] INFO:colcon.colcon_core.shell:Creating package script '/home/swayanshree/projects/Makara-AUV-ROS2/src/install/hammerhead_interfaces/share/hammerhead_interfaces/package.bash'
[9.250s] INFO:colcon.colcon_core.shell:Creating package script '/home/swayanshree/projects/Makara-AUV-ROS2/src/install/hammerhead_interfaces/share/hammerhead_interfaces/package.zsh'
[9.250s] Level 1:colcon.colcon_core.environment:create_file_with_runtime_dependencies(/home/swayanshree/projects/Makara-AUV-ROS2/src/install/hammerhead_interfaces/share/colcon-core/packages/hammerhead_interfaces)
[9.251s] Level 1:colcon.colcon_core.environment:create_environment_scripts_only(hammerhead_interfaces)
[9.251s] Level 1:colcon.colcon_core.environment:checking '/home/swayanshree/projects/Makara-AUV-ROS2/src/install/hammerhead_interfaces' for CMake module files
[9.251s] Level 1:colcon.colcon_core.environment:checking '/home/swayanshree/projects/Makara-AUV-ROS2/src/install/hammerhead_interfaces' for CMake config files
[9.252s] Level 1:colcon.colcon_core.shell:create_environment_hook('hammerhead_interfaces', 'cmake_prefix_path')
[9.252s] INFO:colcon.colcon_core.shell:Creating environment hook '/home/swayanshree/projects/Makara-AUV-ROS2/src/install/hammerhead_interfaces/share/hammerhead_interfaces/hook/cmake_prefix_path.ps1'
[9.252s] INFO:colcon.colcon_core.shell:Creating environment descriptor '/home/swayanshree/projects/Makara-AUV-ROS2/src/install/hammerhead_interfaces/share/hammerhead_interfaces/hook/cmake_prefix_path.dsv'
[9.253s] INFO:colcon.colcon_core.shell:Creating environment hook '/home/swayanshree/projects/Makara-AUV-ROS2/src/install/hammerhead_interfaces/share/hammerhead_interfaces/hook/cmake_prefix_path.sh'
[9.253s] Level 1:colcon.colcon_core.environment:checking '/home/swayanshree/projects/Makara-AUV-ROS2/src/install/hammerhead_interfaces/lib'
[9.253s] Level 1:colcon.colcon_core.shell:create_environment_hook('hammerhead_interfaces', 'ld_library_path_lib')
[9.253s] INFO:colcon.colcon_core.shell:Creating environment hook '/home/swayanshree/projects/Makara-AUV-ROS2/src/install/hammerhead_interfaces/share/hammerhead_interfaces/hook/ld_library_path_lib.ps1'
[9.254s] INFO:colcon.colcon_core.shell:Creating environment descriptor '/home/swayanshree/projects/Makara-AUV-ROS2/src/install/hammerhead_interfaces/share/hammerhead_interfaces/hook/ld_library_path_lib.dsv'
[9.254s] INFO:colcon.colcon_core.shell:Creating environment hook '/home/swayanshree/projects/Makara-AUV-ROS2/src/install/hammerhead_interfaces/share/hammerhead_interfaces/hook/ld_library_path_lib.sh'
[9.254s] Level 1:colcon.colcon_core.environment:checking '/home/swayanshree/projects/Makara-AUV-ROS2/src/install/hammerhead_interfaces/bin'
[9.254s] Level 1:colcon.colcon_core.environment:checking '/home/swayanshree/projects/Makara-AUV-ROS2/src/install/hammerhead_interfaces/lib/pkgconfig/hammerhead_interfaces.pc'
[9.255s] Level 1:colcon.colcon_core.environment:checking '/home/swayanshree/projects/Makara-AUV-ROS2/src/install/hammerhead_interfaces/lib/python3.12/site-packages'
[9.255s] Level 1:colcon.colcon_core.shell:create_environment_hook('hammerhead_interfaces', 'pythonpath')
[9.255s] INFO:colcon.colcon_core.shell:Creating environment hook '/home/swayanshree/projects/Makara-AUV-ROS2/src/install/hammerhead_interfaces/share/hammerhead_interfaces/hook/pythonpath.ps1'
[9.255s] INFO:colcon.colcon_core.shell:Creating environment descriptor '/home/swayanshree/projects/Makara-AUV-ROS2/src/install/hammerhead_interfaces/share/hammerhead_interfaces/hook/pythonpath.dsv'
[9.256s] INFO:colcon.colcon_core.shell:Creating environment hook '/home/swayanshree/projects/Makara-AUV-ROS2/src/install/hammerhead_interfaces/share/hammerhead_interfaces/hook/pythonpath.sh'
[9.256s] Level 1:colcon.colcon_core.environment:checking '/home/swayanshree/projects/Makara-AUV-ROS2/src/install/hammerhead_interfaces/bin'
[9.257s] INFO:colcon.colcon_core.shell:Creating package script '/home/swayanshree/projects/Makara-AUV-ROS2/src/install/hammerhead_interfaces/share/hammerhead_interfaces/package.ps1'
[9.258s] INFO:colcon.colcon_core.shell:Creating package descriptor '/home/swayanshree/projects/Makara-AUV-ROS2/src/install/hammerhead_interfaces/share/hammerhead_interfaces/package.dsv'
[9.258s] INFO:colcon.colcon_core.shell:Creating package script '/home/swayanshree/projects/Makara-AUV-ROS2/src/install/hammerhead_interfaces/share/hammerhead_interfaces/package.sh'
[9.258s] INFO:colcon.colcon_core.shell:Creating package script '/home/swayanshree/projects/Makara-AUV-ROS2/src/install/hammerhead_interfaces/share/hammerhead_interfaces/package.bash'
[9.259s] INFO:colcon.colcon_core.shell:Creating package script '/home/swayanshree/projects/Makara-AUV-ROS2/src/install/hammerhead_interfaces/share/hammerhead_interfaces/package.zsh'
[9.259s] Level 1:colcon.colcon_core.environment:create_file_with_runtime_dependencies(/home/swayanshree/projects/Makara-AUV-ROS2/src/install/hammerhead_interfaces/share/colcon-core/packages/hammerhead_interfaces)
[9.259s] INFO:colcon.colcon_ros.task.ament_cmake.build:Building ROS package in '/home/swayanshree/projects/Makara-AUV-ROS2/src/ardupilot_attitude_control' with build type 'ament_cmake'
[9.259s] INFO:colcon.colcon_cmake.task.cmake.build:Building CMake package in '/home/swayanshree/projects/Makara-AUV-ROS2/src/ardupilot_attitude_control'
[9.259s] INFO:colcon.colcon_core.shell:Skip shell extension 'powershell' for command environment: Not usable outside of PowerShell
[9.259s] DEBUG:colcon.colcon_core.shell:Skip shell extension 'dsv' for command environment
[9.262s] INFO:colcon.colcon_ros.task.ament_python.build:Building ROS package in '/home/swayanshree/projects/Makara-AUV-ROS2/src/hammerhead_serial' with build type 'ament_python'
[9.262s] Level 1:colcon.colcon_core.shell:create_environment_hook('hammerhead_serial', 'ament_prefix_path')
[9.262s] INFO:colcon.colcon_core.shell:Creating environment hook '/home/swayanshree/projects/Makara-AUV-ROS2/src/install/hammerhead_serial/share/hammerhead_serial/hook/ament_prefix_path.ps1'
[9.262s] INFO:colcon.colcon_core.shell:Creating environment descriptor '/home/swayanshree/projects/Makara-AUV-ROS2/src/install/hammerhead_serial/share/hammerhead_serial/hook/ament_prefix_path.dsv'
[9.263s] INFO:colcon.colcon_core.shell:Creating environment hook '/home/swayanshree/projects/Makara-AUV-ROS2/src/install/hammerhead_serial/share/hammerhead_serial/hook/ament_prefix_path.sh'
[9.263s] INFO:colcon.colcon_core.shell:Skip shell extension 'powershell' for command environment: Not usable outside of PowerShell
[9.263s] DEBUG:colcon.colcon_core.shell:Skip shell extension 'dsv' for command environment
[9.267s] DEBUG:colcon.colcon_core.event_handler.log_command:Invoking command in '/home/swayanshree/projects/Makara-AUV-ROS2/src/build/ardupilot_attitude_control': AMENT_PREFIX_PATH=/home/swayanshree/projects/Makara-AUV-ROS2/src/install/hammerhead_interfaces:${AMENT_PREFIX_PATH} CMAKE_PREFIX_PATH=/home/swayanshree/projects/Makara-AUV-ROS2/src/install/hammerhead_interfaces:/home/swayanshree/projects/Makara-AUV-ROS2/install/makara_control:/home/swayanshree/projects/Makara-AUV-ROS2/install/makara_interfaces:/home/swayanshree/projects/Makara-AUV-ROS2/install/ardupilot_attitude_control:/home/swayanshree/projects/Makara-AUV-ROS2/install/hammerhead_interfaces:/home/swayanshree/projects/Makara-AUV-ROS2/install/auv_description:/home/swayanshree/projects/Makara-AUV-ROS2/install/StateSpace:/opt/ros/jazzy/opt/gz_sim_vendor:/opt/ros/jazzy/opt/gz_sensors_vendor:/opt/ros/jazzy/opt/gz_physics_vendor:/opt/ros/jazzy/opt/sdformat_vendor:/opt/ros/jazzy/opt/gz_gui_vendor:/opt/ros/jazzy/opt/gz_transport_vendor:/opt/ros/jazzy/opt/gz_rendering_vendor:/opt/ros/jazzy/opt/gz_plugin_vendor:/opt/ros/jazzy/opt/gz_fuel_tools_vendor:/opt/ros/jazzy/opt/gz_msgs_vendor:/opt/ros/jazzy/opt/gz_common_vendor:/opt/ros/jazzy/opt/gz_math_vendor:/opt/ros/jazzy/opt/gz_utils_vendor:/opt/ros/jazzy/opt/gz_tools_vendor:/opt/ros/jazzy/opt/gz_ogre_next_vendor:/opt/ros/jazzy/opt/gz_dartsim_vendor:/opt/ros/jazzy/opt/gz_cmake_vendor:/home/swayanshree/projects/Makara-AUV-ROS2/install/makara_vision:/home/swayanshree/projects/Makara-AUV-ROS2/install/makara_serial:/home/swayanshree/projects/Makara-AUV-ROS2/install/makara_bringup:/home/swayanshree/projects/Makara-AUV-ROS2/install/hammerhead_serial:/home/swayanshree/projects/Makara-AUV-ROS2/install/data_sync:/opt/ros/jazzy DEBUGINFOD_URLS=https://debuginfod.ubuntu.com LD_LIBRARY_PATH=/home/swayanshree/projects/Makara-AUV-ROS2/src/install/hammerhead_interfaces/lib:${LD_LIBRARY_PATH} PYTHONPATH=/home/swayanshree/projects/Makara-AUV-ROS2/src/install/hammerhead_interfaces/lib/python3.12/site-packages:${PYTHONPATH} /usr/bin/cmake /home/swayanshree/projects/Makara-AUV-ROS2/src/ardupilot_attitude_control -DCMAKE_INSTALL_PREFIX=/home/swayanshree/projects/Makara-AUV-ROS2/src/install/ardupilot_attitude_control
[9.432s] INFO:colcon.colcon_core.task.python.build:Building Python package in '/home/swayanshree/projects/Makara-AUV-ROS2/src/hammerhead_serial'
[9.432s] INFO:colcon.colcon_core.shell:Skip shell extension 'powershell' for command environment: Not usable outside of PowerShell
[9.432s] DEBUG:colcon.colcon_core.shell:Skip shell extension 'dsv' for command environment
[9.435s] DEBUG:colcon.colcon_core.event_handler.log_command:Invoked command in '/home/swayanshree/projects/Makara-AUV-ROS2/src/build/makara_interfaces' returned '0': CMAKE_PREFIX_PATH=${CMAKE_PREFIX_PATH}:/home/swayanshree/projects/Makara-AUV-ROS2/install/makara_vision:/home/swayanshree/projects/Makara-AUV-ROS2/install/makara_serial:/home/swayanshree/projects/Makara-AUV-ROS2/install/makara_bringup:/home/swayanshree/projects/Makara-AUV-ROS2/install/hammerhead_serial:/home/swayanshree/projects/Makara-AUV-ROS2/install/data_sync:/opt/ros/jazzy DEBUGINFOD_URLS=https://debuginfod.ubuntu.com /usr/bin/cmake --build /home/swayanshree/projects/Makara-AUV-ROS2/src/build/makara_interfaces -- -j16 -l16
[9.435s] DEBUG:colcon.colcon_core.event_handler.log_command:Invoking command in '/home/swayanshree/projects/Makara-AUV-ROS2/src/build/makara_interfaces': CMAKE_PREFIX_PATH=${CMAKE_PREFIX_PATH}:/home/swayanshree/projects/Makara-AUV-ROS2/install/makara_vision:/home/swayanshree/projects/Makara-AUV-ROS2/install/makara_serial:/home/swayanshree/projects/Makara-AUV-ROS2/install/makara_bringup:/home/swayanshree/projects/Makara-AUV-ROS2/install/hammerhead_serial:/home/swayanshree/projects/Makara-AUV-ROS2/install/data_sync:/opt/ros/jazzy DEBUGINFOD_URLS=https://debuginfod.ubuntu.com /usr/bin/cmake --install /home/swayanshree/projects/Makara-AUV-ROS2/src/build/makara_interfaces
[9.511s] Level 1:colcon.colcon_core.environment:create_environment_scripts_only(makara_interfaces)
[9.511s] Level 1:colcon.colcon_core.environment:checking '/home/swayanshree/projects/Makara-AUV-ROS2/src/install/makara_interfaces' for CMake module files
[9.512s] DEBUG:colcon.colcon_core.event_handler.log_command:Invoked command in '/home/swayanshree/projects/Makara-AUV-ROS2/src/build/makara_interfaces' returned '0': CMAKE_PREFIX_PATH=${CMAKE_PREFIX_PATH}:/home/swayanshree/projects/Makara-AUV-ROS2/install/makara_vision:/home/swayanshree/projects/Makara-AUV-ROS2/install/makara_serial:/home/swayanshree/projects/Makara-AUV-ROS2/install/makara_bringup:/home/swayanshree/projects/Makara-AUV-ROS2/install/hammerhead_serial:/home/swayanshree/projects/Makara-AUV-ROS2/install/data_sync:/opt/ros/jazzy DEBUGINFOD_URLS=https://debuginfod.ubuntu.com /usr/bin/cmake --install /home/swayanshree/projects/Makara-AUV-ROS2/src/build/makara_interfaces
[9.513s] Level 1:colcon.colcon_core.environment:checking '/home/swayanshree/projects/Makara-AUV-ROS2/src/install/makara_interfaces' for CMake config files
[9.513s] Level 1:colcon.colcon_core.shell:create_environment_hook('makara_interfaces', 'cmake_prefix_path')
[9.513s] INFO:colcon.colcon_core.shell:Creating environment hook '/home/swayanshree/projects/Makara-AUV-ROS2/src/install/makara_interfaces/share/makara_interfaces/hook/cmake_prefix_path.ps1'
[9.514s] INFO:colcon.colcon_core.shell:Creating environment descriptor '/home/swayanshree/projects/Makara-AUV-ROS2/src/install/makara_interfaces/share/makara_interfaces/hook/cmake_prefix_path.dsv'
[9.514s] INFO:colcon.colcon_core.shell:Creating environment hook '/home/swayanshree/projects/Makara-AUV-ROS2/src/install/makara_interfaces/share/makara_interfaces/hook/cmake_prefix_path.sh'
[9.514s] Level 1:colcon.colcon_core.environment:checking '/home/swayanshree/projects/Makara-AUV-ROS2/src/install/makara_interfaces/lib'
[9.514s] Level 1:colcon.colcon_core.shell:create_environment_hook('makara_interfaces', 'ld_library_path_lib')
[9.515s] INFO:colcon.colcon_core.shell:Creating environment hook '/home/swayanshree/projects/Makara-AUV-ROS2/src/install/makara_interfaces/share/makara_interfaces/hook/ld_library_path_lib.ps1'
[9.515s] INFO:colcon.colcon_core.shell:Creating environment descriptor '/home/swayanshree/projects/Makara-AUV-ROS2/src/install/makara_interfaces/share/makara_interfaces/hook/ld_library_path_lib.dsv'
[9.515s] INFO:colcon.colcon_core.shell:Creating environment hook '/home/swayanshree/projects/Makara-AUV-ROS2/src/install/makara_interfaces/share/makara_interfaces/hook/ld_library_path_lib.sh'
[9.516s] Level 1:colcon.colcon_core.environment:checking '/home/swayanshree/projects/Makara-AUV-ROS2/src/install/makara_interfaces/bin'
[9.516s] Level 1:colcon.colcon_core.environment:checking '/home/swayanshree/projects/Makara-AUV-ROS2/src/install/makara_interfaces/lib/pkgconfig/makara_interfaces.pc'
[9.516s] Level 1:colcon.colcon_core.environment:checking '/home/swayanshree/projects/Makara-AUV-ROS2/src/install/makara_interfaces/lib/python3.12/site-packages'
[9.516s] Level 1:colcon.colcon_core.shell:create_environment_hook('makara_interfaces', 'pythonpath')
[9.516s] INFO:colcon.colcon_core.shell:Creating environment hook '/home/swayanshree/projects/Makara-AUV-ROS2/src/install/makara_interfaces/share/makara_interfaces/hook/pythonpath.ps1'
[9.516s] INFO:colcon.colcon_core.shell:Creating environment descriptor '/home/swayanshree/projects/Makara-AUV-ROS2/src/install/makara_interfaces/share/makara_interfaces/hook/pythonpath.dsv'
[9.517s] INFO:colcon.colcon_core.shell:Creating environment hook '/home/swayanshree/projects/Makara-AUV-ROS2/src/install/makara_interfaces/share/makara_interfaces/hook/pythonpath.sh'
[9.517s] Level 1:colcon.colcon_core.environment:checking '/home/swayanshree/projects/Makara-AUV-ROS2/src/install/makara_interfaces/bin'
[9.517s] INFO:colcon.colcon_core.shell:Creating package script '/home/swayanshree/projects/Makara-AUV-ROS2/src/install/makara_interfaces/share/makara_interfaces/package.ps1'
[9.518s] INFO:colcon.colcon_core.shell:Creating package descriptor '/home/swayanshree/projects/Makara-AUV-ROS2/src/install/makara_interfaces/share/makara_interfaces/package.dsv'
[9.518s] INFO:colcon.colcon_core.shell:Creating package script '/home/swayanshree/projects/Makara-AUV-ROS2/src/install/makara_interfaces/share/makara_interfaces/package.sh'
[9.519s] INFO:colcon.colcon_core.shell:Creating package script '/home/swayanshree/projects/Makara-AUV-ROS2/src/install/makara_interfaces/share/makara_interfaces/package.bash'
[9.519s] INFO:colcon.colcon_core.shell:Creating package script '/home/swayanshree/projects/Makara-AUV-ROS2/src/install/makara_interfaces/share/makara_interfaces/package.zsh'
[9.519s] Level 1:colcon.colcon_core.environment:create_file_with_runtime_dependencies(/home/swayanshree/projects/Makara-AUV-ROS2/src/install/makara_interfaces/share/colcon-core/packages/makara_interfaces)
[9.519s] Level 1:colcon.colcon_core.environment:create_environment_scripts_only(makara_interfaces)
[9.520s] Level 1:colcon.colcon_core.environment:checking '/home/swayanshree/projects/Makara-AUV-ROS2/src/install/makara_interfaces' for CMake module files
[9.520s] Level 1:colcon.colcon_core.environment:checking '/home/swayanshree/projects/Makara-AUV-ROS2/src/install/makara_interfaces' for CMake config files
[9.520s] Level 1:colcon.colcon_core.shell:create_environment_hook('makara_interfaces', 'cmake_prefix_path')
[9.520s] INFO:colcon.colcon_core.shell:Creating environment hook '/home/swayanshree/projects/Makara-AUV-ROS2/src/install/makara_interfaces/share/makara_interfaces/hook/cmake_prefix_path.ps1'
[9.521s] INFO:colcon.colcon_core.shell:Creating environment descriptor '/home/swayanshree/projects/Makara-AUV-ROS2/src/install/makara_interfaces/share/makara_interfaces/hook/cmake_prefix_path.dsv'
[9.521s] INFO:colcon.colcon_core.shell:Creating environment hook '/home/swayanshree/projects/Makara-AUV-ROS2/src/install/makara_interfaces/share/makara_interfaces/hook/cmake_prefix_path.sh'
[9.521s] Level 1:colcon.colcon_core.environment:checking '/home/swayanshree/projects/Makara-AUV-ROS2/src/install/makara_interfaces/lib'
[9.521s] Level 1:colcon.colcon_core.shell:create_environment_hook('makara_interfaces', 'ld_library_path_lib')
[9.521s] INFO:colcon.colcon_core.shell:Creating environment hook '/home/swayanshree/projects/Makara-AUV-ROS2/src/install/makara_interfaces/share/makara_interfaces/hook/ld_library_path_lib.ps1'
[9.522s] INFO:colcon.colcon_core.shell:Creating environment descriptor '/home/swayanshree/projects/Makara-AUV-ROS2/src/install/makara_interfaces/share/makara_interfaces/hook/ld_library_path_lib.dsv'
[9.522s] INFO:colcon.colcon_core.shell:Creating environment hook '/home/swayanshree/projects/Makara-AUV-ROS2/src/install/makara_interfaces/share/makara_interfaces/hook/ld_library_path_lib.sh'
[9.522s] Level 1:colcon.colcon_core.environment:checking '/home/swayanshree/projects/Makara-AUV-ROS2/src/install/makara_interfaces/bin'
[9.522s] Level 1:colcon.colcon_core.environment:checking '/home/swayanshree/projects/Makara-AUV-ROS2/src/install/makara_interfaces/lib/pkgconfig/makara_interfaces.pc'
[9.522s] Level 1:colcon.colcon_core.environment:checking '/home/swayanshree/projects/Makara-AUV-ROS2/src/install/makara_interfaces/lib/python3.12/site-packages'
[9.522s] Level 1:colcon.colcon_core.shell:create_environment_hook('makara_interfaces', 'pythonpath')
[9.522s] INFO:colcon.colcon_core.shell:Creating environment hook '/home/swayanshree/projects/Makara-AUV-ROS2/src/install/makara_interfaces/share/makara_interfaces/hook/pythonpath.ps1'
[9.523s] INFO:colcon.colcon_core.shell:Creating environment descriptor '/home/swayanshree/projects/Makara-AUV-ROS2/src/install/makara_interfaces/share/makara_interfaces/hook/pythonpath.dsv'
[9.523s] INFO:colcon.colcon_core.shell:Creating environment hook '/home/swayanshree/projects/Makara-AUV-ROS2/src/install/makara_interfaces/share/makara_interfaces/hook/pythonpath.sh'
[9.523s] Level 1:colcon.colcon_core.environment:checking '/home/swayanshree/projects/Makara-AUV-ROS2/src/install/makara_interfaces/bin'
[9.523s] INFO:colcon.colcon_core.shell:Creating package script '/home/swayanshree/projects/Makara-AUV-ROS2/src/install/makara_interfaces/share/makara_interfaces/package.ps1'
[9.524s] INFO:colcon.colcon_core.shell:Creating package descriptor '/home/swayanshree/projects/Makara-AUV-ROS2/src/install/makara_interfaces/share/makara_interfaces/package.dsv'
[9.524s] INFO:colcon.colcon_core.shell:Creating package script '/home/swayanshree/projects/Makara-AUV-ROS2/src/install/makara_interfaces/share/makara_interfaces/package.sh'
[9.525s] INFO:colcon.colcon_core.shell:Creating package script '/home/swayanshree/projects/Makara-AUV-ROS2/src/install/makara_interfaces/share/makara_interfaces/package.bash'
[9.525s] INFO:colcon.colcon_core.shell:Creating package script '/home/swayanshree/projects/Makara-AUV-ROS2/src/install/makara_interfaces/share/makara_interfaces/package.zsh'
[9.525s] Level 1:colcon.colcon_core.environment:create_file_with_runtime_dependencies(/home/swayanshree/projects/Makara-AUV-ROS2/src/install/makara_interfaces/share/colcon-core/packages/makara_interfaces)
[9.526s] INFO:colcon.colcon_ros.task.ament_cmake.build:Building ROS package in '/home/swayanshree/projects/Makara-AUV-ROS2/src/makara_control' with build type 'ament_cmake'
[9.526s] INFO:colcon.colcon_cmake.task.cmake.build:Building CMake package in '/home/swayanshree/projects/Makara-AUV-ROS2/src/makara_control'
[9.526s] INFO:colcon.colcon_core.shell:Skip shell extension 'powershell' for command environment: Not usable outside of PowerShell
[9.526s] DEBUG:colcon.colcon_core.shell:Skip shell extension 'dsv' for command environment
[9.529s] INFO:colcon.colcon_ros.task.ament_python.build:Building ROS package in '/home/swayanshree/projects/Makara-AUV-ROS2/src/makara_serial' with build type 'ament_python'
[9.529s] Level 1:colcon.colcon_core.shell:create_environment_hook('makara_serial', 'ament_prefix_path')
[9.529s] INFO:colcon.colcon_core.shell:Creating environment hook '/home/swayanshree/projects/Makara-AUV-ROS2/src/install/makara_serial/share/makara_serial/hook/ament_prefix_path.ps1'
[9.529s] INFO:colcon.colcon_core.shell:Creating environment descriptor '/home/swayanshree/projects/Makara-AUV-ROS2/src/install/makara_serial/share/makara_serial/hook/ament_prefix_path.dsv'
[9.530s] INFO:colcon.colcon_core.shell:Creating environment hook '/home/swayanshree/projects/Makara-AUV-ROS2/src/install/makara_serial/share/makara_serial/hook/ament_prefix_path.sh'
[9.530s] INFO:colcon.colcon_core.shell:Skip shell extension 'powershell' for command environment: Not usable outside of PowerShell
[9.530s] DEBUG:colcon.colcon_core.shell:Skip shell extension 'dsv' for command environment
[9.535s] DEBUG:colcon.colcon_core.event_handler.log_command:Invoking command in '/home/swayanshree/projects/Makara-AUV-ROS2/src/build/makara_control': AMENT_PREFIX_PATH=/home/swayanshree/projects/Makara-AUV-ROS2/src/install/makara_interfaces:${AMENT_PREFIX_PATH} CMAKE_PREFIX_PATH=/home/swayanshree/projects/Makara-AUV-ROS2/src/install/makara_interfaces:/home/swayanshree/projects/Makara-AUV-ROS2/install/makara_control:/home/swayanshree/projects/Makara-AUV-ROS2/install/makara_interfaces:/home/swayanshree/projects/Makara-AUV-ROS2/install/ardupilot_attitude_control:/home/swayanshree/projects/Makara-AUV-ROS2/install/hammerhead_interfaces:/home/swayanshree/projects/Makara-AUV-ROS2/install/auv_description:/home/swayanshree/projects/Makara-AUV-ROS2/install/StateSpace:/opt/ros/jazzy/opt/gz_sim_vendor:/opt/ros/jazzy/opt/gz_sensors_vendor:/opt/ros/jazzy/opt/gz_physics_vendor:/opt/ros/jazzy/opt/sdformat_vendor:/opt/ros/jazzy/opt/gz_gui_vendor:/opt/ros/jazzy/opt/gz_transport_vendor:/opt/ros/jazzy/opt/gz_rendering_vendor:/opt/ros/jazzy/opt/gz_plugin_vendor:/opt/ros/jazzy/opt/gz_fuel_tools_vendor:/opt/ros/jazzy/opt/gz_msgs_vendor:/opt/ros/jazzy/opt/gz_common_vendor:/opt/ros/jazzy/opt/gz_math_vendor:/opt/ros/jazzy/opt/gz_utils_vendor:/opt/ros/jazzy/opt/gz_tools_vendor:/opt/ros/jazzy/opt/gz_ogre_next_vendor:/opt/ros/jazzy/opt/gz_dartsim_vendor:/opt/ros/jazzy/opt/gz_cmake_vendor:/home/swayanshree/projects/Makara-AUV-ROS2/install/makara_vision:/home/swayanshree/projects/Makara-AUV-ROS2/install/makara_serial:/home/swayanshree/projects/Makara-AUV-ROS2/install/makara_bringup:/home/swayanshree/projects/Makara-AUV-ROS2/install/hammerhead_serial:/home/swayanshree/projects/Makara-AUV-ROS2/install/data_sync:/opt/ros/jazzy DEBUGINFOD_URLS=https://debuginfod.ubuntu.com LD_LIBRARY_PATH=/home/swayanshree/projects/Makara-AUV-ROS2/src/install/makara_interfaces/lib:${LD_LIBRARY_PATH} PYTHONPATH=/home/swayanshree/projects/Makara-AUV-ROS2/src/install/makara_interfaces/lib/python3.12/site-packages:${PYTHONPATH} /usr/bin/cmake /home/swayanshree/projects/Makara-AUV-ROS2/src/makara_control -DCMAKE_INSTALL_PREFIX=/home/swayanshree/projects/Makara-AUV-ROS2/src/install/makara_control
[9.726s] INFO:colcon.colcon_core.task.python.build:Building Python package in '/home/swayanshree/projects/Makara-AUV-ROS2/src/makara_serial'
[9.726s] INFO:colcon.colcon_core.shell:Skip shell extension 'powershell' for command environment: Not usable outside of PowerShell
[9.726s] DEBUG:colcon.colcon_core.shell:Skip shell extension 'dsv' for command environment
[9.915s] DEBUG:colcon.colcon_core.event_handler.log_command:Invoking command in '/home/swayanshree/projects/Makara-AUV-ROS2/src/hammerhead_serial': AMENT_PREFIX_PATH=/home/swayanshree/projects/Makara-AUV-ROS2/src/install/hammerhead_interfaces:${AMENT_PREFIX_PATH} CMAKE_PREFIX_PATH=/home/swayanshree/projects/Makara-AUV-ROS2/src/install/hammerhead_interfaces:${CMAKE_PREFIX_PATH} DEBUGINFOD_URLS=https://debuginfod.ubuntu.com LD_LIBRARY_PATH=/home/swayanshree/projects/Makara-AUV-ROS2/src/install/hammerhead_interfaces/lib:${LD_LIBRARY_PATH} PYTHONPATH=/home/swayanshree/projects/Makara-AUV-ROS2/src/build/hammerhead_serial/prefix_override:/usr/lib/python3/dist-packages/colcon_core/task/python/colcon_distutils_commands:/home/swayanshree/projects/Makara-AUV-ROS2/src/install/hammerhead_serial/lib/python3.12/site-packages:/home/swayanshree/projects/Makara-AUV-ROS2/src/install/hammerhead_interfaces/lib/python3.12/site-packages:${PYTHONPATH} /usr/bin/python3 -W ignore:setup.py install is deprecated -W ignore:easy_install command is deprecated setup.py egg_info --egg-base ../build/hammerhead_serial build --build-base /home/swayanshree/projects/Makara-AUV-ROS2/src/build/hammerhead_serial/build install --record /home/swayanshree/projects/Makara-AUV-ROS2/src/build/hammerhead_serial/install.log --single-version-externally-managed install_data
[10.173s] DEBUG:colcon.colcon_core.event_handler.log_command:Invoking command in '/home/swayanshree/projects/Makara-AUV-ROS2/src/makara_serial': AMENT_PREFIX_PATH=/home/swayanshree/projects/Makara-AUV-ROS2/src/install/makara_interfaces:${AMENT_PREFIX_PATH} CMAKE_PREFIX_PATH=/home/swayanshree/projects/Makara-AUV-ROS2/src/install/makara_interfaces:${CMAKE_PREFIX_PATH} DEBUGINFOD_URLS=https://debuginfod.ubuntu.com LD_LIBRARY_PATH=/home/swayanshree/projects/Makara-AUV-ROS2/src/install/makara_interfaces/lib:${LD_LIBRARY_PATH} PYTHONPATH=/home/swayanshree/projects/Makara-AUV-ROS2/src/build/makara_serial/prefix_override:/usr/lib/python3/dist-packages/colcon_core/task/python/colcon_distutils_commands:/home/swayanshree/projects/Makara-AUV-ROS2/src/install/makara_serial/lib/python3.12/site-packages:/home/swayanshree/projects/Makara-AUV-ROS2/src/install/makara_interfaces/lib/python3.12/site-packages:${PYTHONPATH} /usr/bin/python3 -W ignore:setup.py install is deprecated -W ignore:easy_install command is deprecated setup.py egg_info --egg-base ../build/makara_serial build --build-base /home/swayanshree/projects/Makara-AUV-ROS2/src/build/makara_serial/build install --record /home/swayanshree/projects/Makara-AUV-ROS2/src/build/makara_serial/install.log --single-version-externally-managed install_data
[10.233s] DEBUG:colcon.colcon_core.event_handler.log_command:Invoked command in '/home/swayanshree/projects/Makara-AUV-ROS2/src/build/ardupilot_attitude_control' returned '0': AMENT_PREFIX_PATH=/home/swayanshree/projects/Makara-AUV-ROS2/src/install/hammerhead_interfaces:${AMENT_PREFIX_PATH} CMAKE_PREFIX_PATH=/home/swayanshree/projects/Makara-AUV-ROS2/src/install/hammerhead_interfaces:/home/swayanshree/projects/Makara-AUV-ROS2/install/makara_control:/home/swayanshree/projects/Makara-AUV-ROS2/install/makara_interfaces:/home/swayanshree/projects/Makara-AUV-ROS2/install/ardupilot_attitude_control:/home/swayanshree/projects/Makara-AUV-ROS2/install/hammerhead_interfaces:/home/swayanshree/projects/Makara-AUV-ROS2/install/auv_description:/home/swayanshree/projects/Makara-AUV-ROS2/install/StateSpace:/opt/ros/jazzy/opt/gz_sim_vendor:/opt/ros/jazzy/opt/gz_sensors_vendor:/opt/ros/jazzy/opt/gz_physics_vendor:/opt/ros/jazzy/opt/sdformat_vendor:/opt/ros/jazzy/opt/gz_gui_vendor:/opt/ros/jazzy/opt/gz_transport_vendor:/opt/ros/jazzy/opt/gz_rendering_vendor:/opt/ros/jazzy/opt/gz_plugin_vendor:/opt/ros/jazzy/opt/gz_fuel_tools_vendor:/opt/ros/jazzy/opt/gz_msgs_vendor:/opt/ros/jazzy/opt/gz_common_vendor:/opt/ros/jazzy/opt/gz_math_vendor:/opt/ros/jazzy/opt/gz_utils_vendor:/opt/ros/jazzy/opt/gz_tools_vendor:/opt/ros/jazzy/opt/gz_ogre_next_vendor:/opt/ros/jazzy/opt/gz_dartsim_vendor:/opt/ros/jazzy/opt/gz_cmake_vendor:/home/swayanshree/projects/Makara-AUV-ROS2/install/makara_vision:/home/swayanshree/projects/Makara-AUV-ROS2/install/makara_serial:/home/swayanshree/projects/Makara-AUV-ROS2/install/makara_bringup:/home/swayanshree/projects/Makara-AUV-ROS2/install/hammerhead_serial:/home/swayanshree/projects/Makara-AUV-ROS2/install/data_sync:/opt/ros/jazzy DEBUGINFOD_URLS=https://debuginfod.ubuntu.com LD_LIBRARY_PATH=/home/swayanshree/projects/Makara-AUV-ROS2/src/install/hammerhead_interfaces/lib:${LD_LIBRARY_PATH} PYTHONPATH=/home/swayanshree/projects/Makara-AUV-ROS2/src/install/hammerhead_interfaces/lib/python3.12/site-packages:${PYTHONPATH} /usr/bin/cmake /home/swayanshree/projects/Makara-AUV-ROS2/src/ardupilot_attitude_control -DCMAKE_INSTALL_PREFIX=/home/swayanshree/projects/Makara-AUV-ROS2/src/install/ardupilot_attitude_control
[10.234s] DEBUG:colcon.colcon_core.event_handler.log_command:Invoking command in '/home/swayanshree/projects/Makara-AUV-ROS2/src/build/ardupilot_attitude_control': AMENT_PREFIX_PATH=/home/swayanshree/projects/Makara-AUV-ROS2/src/install/hammerhead_interfaces:${AMENT_PREFIX_PATH} CMAKE_PREFIX_PATH=/home/swayanshree/projects/Makara-AUV-ROS2/src/install/hammerhead_interfaces:/home/swayanshree/projects/Makara-AUV-ROS2/install/makara_control:/home/swayanshree/projects/Makara-AUV-ROS2/install/makara_interfaces:/home/swayanshree/projects/Makara-AUV-ROS2/install/ardupilot_attitude_control:/home/swayanshree/projects/Makara-AUV-ROS2/install/hammerhead_interfaces:/home/swayanshree/projects/Makara-AUV-ROS2/install/auv_description:/home/swayanshree/projects/Makara-AUV-ROS2/install/StateSpace:/opt/ros/jazzy/opt/gz_sim_vendor:/opt/ros/jazzy/opt/gz_sensors_vendor:/opt/ros/jazzy/opt/gz_physics_vendor:/opt/ros/jazzy/opt/sdformat_vendor:/opt/ros/jazzy/opt/gz_gui_vendor:/opt/ros/jazzy/opt/gz_transport_vendor:/opt/ros/jazzy/opt/gz_rendering_vendor:/opt/ros/jazzy/opt/gz_plugin_vendor:/opt/ros/jazzy/opt/gz_fuel_tools_vendor:/opt/ros/jazzy/opt/gz_msgs_vendor:/opt/ros/jazzy/opt/gz_common_vendor:/opt/ros/jazzy/opt/gz_math_vendor:/opt/ros/jazzy/opt/gz_utils_vendor:/opt/ros/jazzy/opt/gz_tools_vendor:/opt/ros/jazzy/opt/gz_ogre_next_vendor:/opt/ros/jazzy/opt/gz_dartsim_vendor:/opt/ros/jazzy/opt/gz_cmake_vendor:/home/swayanshree/projects/Makara-AUV-ROS2/install/makara_vision:/home/swayanshree/projects/Makara-AUV-ROS2/install/makara_serial:/home/swayanshree/projects/Makara-AUV-ROS2/install/makara_bringup:/home/swayanshree/projects/Makara-AUV-ROS2/install/hammerhead_serial:/home/swayanshree/projects/Makara-AUV-ROS2/install/data_sync:/opt/ros/jazzy DEBUGINFOD_URLS=https://debuginfod.ubuntu.com LD_LIBRARY_PATH=/home/swayanshree/projects/Makara-AUV-ROS2/src/install/hammerhead_interfaces/lib:${LD_LIBRARY_PATH} PYTHONPATH=/home/swayanshree/projects/Makara-AUV-ROS2/src/install/hammerhead_interfaces/lib/python3.12/site-packages:${PYTHONPATH} /usr/bin/cmake --build /home/swayanshree/projects/Makara-AUV-ROS2/src/build/ardupilot_attitude_control -- -j16 -l16
[10.253s] Level 1:colcon.colcon_core.environment:checking '/home/swayanshree/projects/Makara-AUV-ROS2/src/install/hammerhead_serial' for CMake module files
[10.253s] DEBUG:colcon.colcon_core.event_handler.log_command:Invoked command in '/home/swayanshree/projects/Makara-AUV-ROS2/src/hammerhead_serial' returned '0': AMENT_PREFIX_PATH=/home/swayanshree/projects/Makara-AUV-ROS2/src/install/hammerhead_interfaces:${AMENT_PREFIX_PATH} CMAKE_PREFIX_PATH=/home/swayanshree/projects/Makara-AUV-ROS2/src/install/hammerhead_interfaces:${CMAKE_PREFIX_PATH} DEBUGINFOD_URLS=https://debuginfod.ubuntu.com LD_LIBRARY_PATH=/home/swayanshree/projects/Makara-AUV-ROS2/src/install/hammerhead_interfaces/lib:${LD_LIBRARY_PATH} PYTHONPATH=/home/swayanshree/projects/Makara-AUV-ROS2/src/build/hammerhead_serial/prefix_override:/usr/lib/python3/dist-packages/colcon_core/task/python/colcon_distutils_commands:/home/swayanshree/projects/Makara-AUV-ROS2/src/install/hammerhead_serial/lib/python3.12/site-packages:/home/swayanshree/projects/Makara-AUV-ROS2/src/install/hammerhead_interfaces/lib/python3.12/site-packages:${PYTHONPATH} /usr/bin/python3 -W ignore:setup.py install is deprecated -W ignore:easy_install command is deprecated setup.py egg_info --egg-base ../build/hammerhead_serial build --build-base /home/swayanshree/projects/Makara-AUV-ROS2/src/build/hammerhead_serial/build install --record /home/swayanshree/projects/Makara-AUV-ROS2/src/build/hammerhead_serial/install.log --single-version-externally-managed install_data
[10.253s] Level 1:colcon.colcon_core.environment:checking '/home/swayanshree/projects/Makara-AUV-ROS2/src/install/hammerhead_serial' for CMake config files
[10.253s] Level 1:colcon.colcon_core.environment:checking '/home/swayanshree/projects/Makara-AUV-ROS2/src/install/hammerhead_serial/lib'
[10.254s] Level 1:colcon.colcon_core.environment:checking '/home/swayanshree/projects/Makara-AUV-ROS2/src/install/hammerhead_serial/bin'
[10.254s] Level 1:colcon.colcon_core.environment:checking '/home/swayanshree/projects/Makara-AUV-ROS2/src/install/hammerhead_serial/lib/pkgconfig/hammerhead_serial.pc'
[10.254s] Level 1:colcon.colcon_core.environment:checking '/home/swayanshree/projects/Makara-AUV-ROS2/src/install/hammerhead_serial/lib/python3.12/site-packages'
[10.254s] Level 1:colcon.colcon_core.shell:create_environment_hook('hammerhead_serial', 'pythonpath')
[10.254s] INFO:colcon.colcon_core.shell:Creating environment hook '/home/swayanshree/projects/Makara-AUV-ROS2/src/install/hammerhead_serial/share/hammerhead_serial/hook/pythonpath.ps1'
[10.254s] INFO:colcon.colcon_core.shell:Creating environment descriptor '/home/swayanshree/projects/Makara-AUV-ROS2/src/install/hammerhead_serial/share/hammerhead_serial/hook/pythonpath.dsv'
[10.255s] INFO:colcon.colcon_core.shell:Creating environment hook '/home/swayanshree/projects/Makara-AUV-ROS2/src/install/hammerhead_serial/share/hammerhead_serial/hook/pythonpath.sh'
[10.255s] Level 1:colcon.colcon_core.environment:checking '/home/swayanshree/projects/Makara-AUV-ROS2/src/install/hammerhead_serial/bin'
[10.255s] Level 1:colcon.colcon_core.environment:create_environment_scripts_only(hammerhead_serial)
[10.256s] INFO:colcon.colcon_core.shell:Creating package script '/home/swayanshree/projects/Makara-AUV-ROS2/src/install/hammerhead_serial/share/hammerhead_serial/package.ps1'
[10.256s] INFO:colcon.colcon_core.shell:Creating package descriptor '/home/swayanshree/projects/Makara-AUV-ROS2/src/install/hammerhead_serial/share/hammerhead_serial/package.dsv'
[10.257s] INFO:colcon.colcon_core.shell:Creating package script '/home/swayanshree/projects/Makara-AUV-ROS2/src/install/hammerhead_serial/share/hammerhead_serial/package.sh'
[10.257s] INFO:colcon.colcon_core.shell:Creating package script '/home/swayanshree/projects/Makara-AUV-ROS2/src/install/hammerhead_serial/share/hammerhead_serial/package.bash'
[10.257s] INFO:colcon.colcon_core.shell:Creating package script '/home/swayanshree/projects/Makara-AUV-ROS2/src/install/hammerhead_serial/share/hammerhead_serial/package.zsh'
[10.257s] Level 1:colcon.colcon_core.environment:create_file_with_runtime_dependencies(/home/swayanshree/projects/Makara-AUV-ROS2/src/install/hammerhead_serial/share/colcon-core/packages/hammerhead_serial)
[10.546s] Level 1:colcon.colcon_core.environment:checking '/home/swayanshree/projects/Makara-AUV-ROS2/src/install/makara_serial' for CMake module files
[10.547s] DEBUG:colcon.colcon_core.event_handler.log_command:Invoked command in '/home/swayanshree/projects/Makara-AUV-ROS2/src/makara_serial' returned '0': AMENT_PREFIX_PATH=/home/swayanshree/projects/Makara-AUV-ROS2/src/install/makara_interfaces:${AMENT_PREFIX_PATH} CMAKE_PREFIX_PATH=/home/swayanshree/projects/Makara-AUV-ROS2/src/install/makara_interfaces:${CMAKE_PREFIX_PATH} DEBUGINFOD_URLS=https://debuginfod.ubuntu.com LD_LIBRARY_PATH=/home/swayanshree/projects/Makara-AUV-ROS2/src/install/makara_interfaces/lib:${LD_LIBRARY_PATH} PYTHONPATH=/home/swayanshree/projects/Makara-AUV-ROS2/src/build/makara_serial/prefix_override:/usr/lib/python3/dist-packages/colcon_core/task/python/colcon_distutils_commands:/home/swayanshree/projects/Makara-AUV-ROS2/src/install/makara_serial/lib/python3.12/site-packages:/home/swayanshree/projects/Makara-AUV-ROS2/src/install/makara_interfaces/lib/python3.12/site-packages:${PYTHONPATH} /usr/bin/python3 -W ignore:setup.py install is deprecated -W ignore:easy_install command is deprecated setup.py egg_info --egg-base ../build/makara_serial build --build-base /home/swayanshree/projects/Makara-AUV-ROS2/src/build/makara_serial/build install --record /home/swayanshree/projects/Makara-AUV-ROS2/src/build/makara_serial/install.log --single-version-externally-managed install_data
[10.548s] Level 1:colcon.colcon_core.environment:checking '/home/swayanshree/projects/Makara-AUV-ROS2/src/install/makara_serial' for CMake config files
[10.548s] Level 1:colcon.colcon_core.environment:checking '/home/swayanshree/projects/Makara-AUV-ROS2/src/install/makara_serial/lib'
[10.549s] Level 1:colcon.colcon_core.environment:checking '/home/swayanshree/projects/Makara-AUV-ROS2/src/install/makara_serial/bin'
[10.549s] Level 1:colcon.colcon_core.environment:checking '/home/swayanshree/projects/Makara-AUV-ROS2/src/install/makara_serial/lib/pkgconfig/makara_serial.pc'
[10.549s] Level 1:colcon.colcon_core.environment:checking '/home/swayanshree/projects/Makara-AUV-ROS2/src/install/makara_serial/lib/python3.12/site-packages'
[10.549s] Level 1:colcon.colcon_core.shell:create_environment_hook('makara_serial', 'pythonpath')
[10.549s] INFO:colcon.colcon_core.shell:Creating environment hook '/home/swayanshree/projects/Makara-AUV-ROS2/src/install/makara_serial/share/makara_serial/hook/pythonpath.ps1'
[10.550s] INFO:colcon.colcon_core.shell:Creating environment descriptor '/home/swayanshree/projects/Makara-AUV-ROS2/src/install/makara_serial/share/makara_serial/hook/pythonpath.dsv'
[10.550s] INFO:colcon.colcon_core.shell:Creating environment hook '/home/swayanshree/projects/Makara-AUV-ROS2/src/install/makara_serial/share/makara_serial/hook/pythonpath.sh'
[10.551s] Level 1:colcon.colcon_core.environment:checking '/home/swayanshree/projects/Makara-AUV-ROS2/src/install/makara_serial/bin'
[10.551s] Level 1:colcon.colcon_core.environment:create_environment_scripts_only(makara_serial)
[10.551s] INFO:colcon.colcon_core.shell:Creating package script '/home/swayanshree/projects/Makara-AUV-ROS2/src/install/makara_serial/share/makara_serial/package.ps1'
[10.552s] INFO:colcon.colcon_core.shell:Creating package descriptor '/home/swayanshree/projects/Makara-AUV-ROS2/src/install/makara_serial/share/makara_serial/package.dsv'
[10.552s] INFO:colcon.colcon_core.shell:Creating package script '/home/swayanshree/projects/Makara-AUV-ROS2/src/install/makara_serial/share/makara_serial/package.sh'
[10.553s] INFO:colcon.colcon_core.shell:Creating package script '/home/swayanshree/projects/Makara-AUV-ROS2/src/install/makara_serial/share/makara_serial/package.bash'
[10.553s] INFO:colcon.colcon_core.shell:Creating package script '/home/swayanshree/projects/Makara-AUV-ROS2/src/install/makara_serial/share/makara_serial/package.zsh'
[10.553s] Level 1:colcon.colcon_core.environment:create_file_with_runtime_dependencies(/home/swayanshree/projects/Makara-AUV-ROS2/src/install/makara_serial/share/colcon-core/packages/makara_serial)
[10.579s] DEBUG:colcon.colcon_core.event_handler.log_command:Invoked command in '/home/swayanshree/projects/Makara-AUV-ROS2/src/build/makara_control' returned '0': AMENT_PREFIX_PATH=/home/swayanshree/projects/Makara-AUV-ROS2/src/install/makara_interfaces:${AMENT_PREFIX_PATH} CMAKE_PREFIX_PATH=/home/swayanshree/projects/Makara-AUV-ROS2/src/install/makara_interfaces:/home/swayanshree/projects/Makara-AUV-ROS2/install/makara_control:/home/swayanshree/projects/Makara-AUV-ROS2/install/makara_interfaces:/home/swayanshree/projects/Makara-AUV-ROS2/install/ardupilot_attitude_control:/home/swayanshree/projects/Makara-AUV-ROS2/install/hammerhead_interfaces:/home/swayanshree/projects/Makara-AUV-ROS2/install/auv_description:/home/swayanshree/projects/Makara-AUV-ROS2/install/StateSpace:/opt/ros/jazzy/opt/gz_sim_vendor:/opt/ros/jazzy/opt/gz_sensors_vendor:/opt/ros/jazzy/opt/gz_physics_vendor:/opt/ros/jazzy/opt/sdformat_vendor:/opt/ros/jazzy/opt/gz_gui_vendor:/opt/ros/jazzy/opt/gz_transport_vendor:/opt/ros/jazzy/opt/gz_rendering_vendor:/opt/ros/jazzy/opt/gz_plugin_vendor:/opt/ros/jazzy/opt/gz_fuel_tools_vendor:/opt/ros/jazzy/opt/gz_msgs_vendor:/opt/ros/jazzy/opt/gz_common_vendor:/opt/ros/jazzy/opt/gz_math_vendor:/opt/ros/jazzy/opt/gz_utils_vendor:/opt/ros/jazzy/opt/gz_tools_vendor:/opt/ros/jazzy/opt/gz_ogre_next_vendor:/opt/ros/jazzy/opt/gz_dartsim_vendor:/opt/ros/jazzy/opt/gz_cmake_vendor:/home/swayanshree/projects/Makara-AUV-ROS2/install/makara_vision:/home/swayanshree/projects/Makara-AUV-ROS2/install/makara_serial:/home/swayanshree/projects/Makara-AUV-ROS2/install/makara_bringup:/home/swayanshree/projects/Makara-AUV-ROS2/install/hammerhead_serial:/home/swayanshree/projects/Makara-AUV-ROS2/install/data_sync:/opt/ros/jazzy DEBUGINFOD_URLS=https://debuginfod.ubuntu.com LD_LIBRARY_PATH=/home/swayanshree/projects/Makara-AUV-ROS2/src/install/makara_interfaces/lib:${LD_LIBRARY_PATH} PYTHONPATH=/home/swayanshree/projects/Makara-AUV-ROS2/src/install/makara_interfaces/lib/python3.12/site-packages:${PYTHONPATH} /usr/bin/cmake /home/swayanshree/projects/Makara-AUV-ROS2/src/makara_control -DCMAKE_INSTALL_PREFIX=/home/swayanshree/projects/Makara-AUV-ROS2/src/install/makara_control
[10.579s] DEBUG:colcon.colcon_core.event_handler.log_command:Invoking command in '/home/swayanshree/projects/Makara-AUV-ROS2/src/build/makara_control': AMENT_PREFIX_PATH=/home/swayanshree/projects/Makara-AUV-ROS2/src/install/makara_interfaces:${AMENT_PREFIX_PATH} CMAKE_PREFIX_PATH=/home/swayanshree/projects/Makara-AUV-ROS2/src/install/makara_interfaces:/home/swayanshree/projects/Makara-AUV-ROS2/install/makara_control:/home/swayanshree/projects/Makara-AUV-ROS2/install/makara_interfaces:/home/swayanshree/projects/Makara-AUV-ROS2/install/ardupilot_attitude_control:/home/swayanshree/projects/Makara-AUV-ROS2/install/hammerhead_interfaces:/home/swayanshree/projects/Makara-AUV-ROS2/install/auv_description:/home/swayanshree/projects/Makara-AUV-ROS2/install/StateSpace:/opt/ros/jazzy/opt/gz_sim_vendor:/opt/ros/jazzy/opt/gz_sensors_vendor:/opt/ros/jazzy/opt/gz_physics_vendor:/opt/ros/jazzy/opt/sdformat_vendor:/opt/ros/jazzy/opt/gz_gui_vendor:/opt/ros/jazzy/opt/gz_transport_vendor:/opt/ros/jazzy/opt/gz_rendering_vendor:/opt/ros/jazzy/opt/gz_plugin_vendor:/opt/ros/jazzy/opt/gz_fuel_tools_vendor:/opt/ros/jazzy/opt/gz_msgs_vendor:/opt/ros/jazzy/opt/gz_common_vendor:/opt/ros/jazzy/opt/gz_math_vendor:/opt/ros/jazzy/opt/gz_utils_vendor:/opt/ros/jazzy/opt/gz_tools_vendor:/opt/ros/jazzy/opt/gz_ogre_next_vendor:/opt/ros/jazzy/opt/gz_dartsim_vendor:/opt/ros/jazzy/opt/gz_cmake_vendor:/home/swayanshree/projects/Makara-AUV-ROS2/install/makara_vision:/home/swayanshree/projects/Makara-AUV-ROS2/install/makara_serial:/home/swayanshree/projects/Makara-AUV-ROS2/install/makara_bringup:/home/swayanshree/projects/Makara-AUV-ROS2/install/hammerhead_serial:/home/swayanshree/projects/Makara-AUV-ROS2/install/data_sync:/opt/ros/jazzy DEBUGINFOD_URLS=https://debuginfod.ubuntu.com LD_LIBRARY_PATH=/home/swayanshree/projects/Makara-AUV-ROS2/src/install/makara_interfaces/lib:${LD_LIBRARY_PATH} PYTHONPATH=/home/swayanshree/projects/Makara-AUV-ROS2/src/install/makara_interfaces/lib/python3.12/site-packages:${PYTHONPATH} /usr/bin/cmake --build /home/swayanshree/projects/Makara-AUV-ROS2/src/build/makara_control -- -j16 -l16
[19.454s] DEBUG:colcon.colcon_core.event_handler.log_command:Invoked command in '/home/swayanshree/projects/Makara-AUV-ROS2/src/build/ardupilot_attitude_control' returned '0': AMENT_PREFIX_PATH=/home/swayanshree/projects/Makara-AUV-ROS2/src/install/hammerhead_interfaces:${AMENT_PREFIX_PATH} CMAKE_PREFIX_PATH=/home/swayanshree/projects/Makara-AUV-ROS2/src/install/hammerhead_interfaces:/home/swayanshree/projects/Makara-AUV-ROS2/install/makara_control:/home/swayanshree/projects/Makara-AUV-ROS2/install/makara_interfaces:/home/swayanshree/projects/Makara-AUV-ROS2/install/ardupilot_attitude_control:/home/swayanshree/projects/Makara-AUV-ROS2/install/hammerhead_interfaces:/home/swayanshree/projects/Makara-AUV-ROS2/install/auv_description:/home/swayanshree/projects/Makara-AUV-ROS2/install/StateSpace:/opt/ros/jazzy/opt/gz_sim_vendor:/opt/ros/jazzy/opt/gz_sensors_vendor:/opt/ros/jazzy/opt/gz_physics_vendor:/opt/ros/jazzy/opt/sdformat_vendor:/opt/ros/jazzy/opt/gz_gui_vendor:/opt/ros/jazzy/opt/gz_transport_vendor:/opt/ros/jazzy/opt/gz_rendering_vendor:/opt/ros/jazzy/opt/gz_plugin_vendor:/opt/ros/jazzy/opt/gz_fuel_tools_vendor:/opt/ros/jazzy/opt/gz_msgs_vendor:/opt/ros/jazzy/opt/gz_common_vendor:/opt/ros/jazzy/opt/gz_math_vendor:/opt/ros/jazzy/opt/gz_utils_vendor:/opt/ros/jazzy/opt/gz_tools_vendor:/opt/ros/jazzy/opt/gz_ogre_next_vendor:/opt/ros/jazzy/opt/gz_dartsim_vendor:/opt/ros/jazzy/opt/gz_cmake_vendor:/home/swayanshree/projects/Makara-AUV-ROS2/install/makara_vision:/home/swayanshree/projects/Makara-AUV-ROS2/install/makara_serial:/home/swayanshree/projects/Makara-AUV-ROS2/install/makara_bringup:/home/swayanshree/projects/Makara-AUV-ROS2/install/hammerhead_serial:/home/swayanshree/projects/Makara-AUV-ROS2/install/data_sync:/opt/ros/jazzy DEBUGINFOD_URLS=https://debuginfod.ubuntu.com LD_LIBRARY_PATH=/home/swayanshree/projects/Makara-AUV-ROS2/src/install/hammerhead_interfaces/lib:${LD_LIBRARY_PATH} PYTHONPATH=/home/swayanshree/projects/Makara-AUV-ROS2/src/install/hammerhead_interfaces/lib/python3.12/site-packages:${PYTHONPATH} /usr/bin/cmake --build /home/swayanshree/projects/Makara-AUV-ROS2/src/build/ardupilot_attitude_control -- -j16 -l16
[19.455s] DEBUG:colcon.colcon_core.event_handler.log_command:Invoking command in '/home/swayanshree/projects/Makara-AUV-ROS2/src/build/ardupilot_attitude_control': AMENT_PREFIX_PATH=/home/swayanshree/projects/Makara-AUV-ROS2/src/install/hammerhead_interfaces:${AMENT_PREFIX_PATH} CMAKE_PREFIX_PATH=/home/swayanshree/projects/Makara-AUV-ROS2/src/install/hammerhead_interfaces:/home/swayanshree/projects/Makara-AUV-ROS2/install/makara_control:/home/swayanshree/projects/Makara-AUV-ROS2/install/makara_interfaces:/home/swayanshree/projects/Makara-AUV-ROS2/install/ardupilot_attitude_control:/home/swayanshree/projects/Makara-AUV-ROS2/install/hammerhead_interfaces:/home/swayanshree/projects/Makara-AUV-ROS2/install/auv_description:/home/swayanshree/projects/Makara-AUV-ROS2/install/StateSpace:/opt/ros/jazzy/opt/gz_sim_vendor:/opt/ros/jazzy/opt/gz_sensors_vendor:/opt/ros/jazzy/opt/gz_physics_vendor:/opt/ros/jazzy/opt/sdformat_vendor:/opt/ros/jazzy/opt/gz_gui_vendor:/opt/ros/jazzy/opt/gz_transport_vendor:/opt/ros/jazzy/opt/gz_rendering_vendor:/opt/ros/jazzy/opt/gz_plugin_vendor:/opt/ros/jazzy/opt/gz_fuel_tools_vendor:/opt/ros/jazzy/opt/gz_msgs_vendor:/opt/ros/jazzy/opt/gz_common_vendor:/opt/ros/jazzy/opt/gz_math_vendor:/opt/ros/jazzy/opt/gz_utils_vendor:/opt/ros/jazzy/opt/gz_tools_vendor:/opt/ros/jazzy/opt/gz_ogre_next_vendor:/opt/ros/jazzy/opt/gz_dartsim_vendor:/opt/ros/jazzy/opt/gz_cmake_vendor:/home/swayanshree/projects/Makara-AUV-ROS2/install/makara_vision:/home/swayanshree/projects/Makara-AUV-ROS2/install/makara_serial:/home/swayanshree/projects/Makara-AUV-ROS2/install/makara_bringup:/home/swayanshree/projects/Makara-AUV-ROS2/install/hammerhead_serial:/home/swayanshree/projects/Makara-AUV-ROS2/install/data_sync:/opt/ros/jazzy DEBUGINFOD_URLS=https://debuginfod.ubuntu.com LD_LIBRARY_PATH=/home/swayanshree/projects/Makara-AUV-ROS2/src/install/hammerhead_interfaces/lib:${LD_LIBRARY_PATH} PYTHONPATH=/home/swayanshree/projects/Makara-AUV-ROS2/src/install/hammerhead_interfaces/lib/python3.12/site-packages:${PYTHONPATH} /usr/bin/cmake --install /home/swayanshree/projects/Makara-AUV-ROS2/src/build/ardupilot_attitude_control
[19.465s] Level 1:colcon.colcon_core.environment:create_environment_scripts_only(ardupilot_attitude_control)
[19.466s] Level 1:colcon.colcon_core.environment:checking '/home/swayanshree/projects/Makara-AUV-ROS2/src/install/ardupilot_attitude_control' for CMake module files
[19.466s] DEBUG:colcon.colcon_core.event_handler.log_command:Invoked command in '/home/swayanshree/projects/Makara-AUV-ROS2/src/build/ardupilot_attitude_control' returned '0': AMENT_PREFIX_PATH=/home/swayanshree/projects/Makara-AUV-ROS2/src/install/hammerhead_interfaces:${AMENT_PREFIX_PATH} CMAKE_PREFIX_PATH=/home/swayanshree/projects/Makara-AUV-ROS2/src/install/hammerhead_interfaces:/home/swayanshree/projects/Makara-AUV-ROS2/install/makara_control:/home/swayanshree/projects/Makara-AUV-ROS2/install/makara_interfaces:/home/swayanshree/projects/Makara-AUV-ROS2/install/ardupilot_attitude_control:/home/swayanshree/projects/Makara-AUV-ROS2/install/hammerhead_interfaces:/home/swayanshree/projects/Makara-AUV-ROS2/install/auv_description:/home/swayanshree/projects/Makara-AUV-ROS2/install/StateSpace:/opt/ros/jazzy/opt/gz_sim_vendor:/opt/ros/jazzy/opt/gz_sensors_vendor:/opt/ros/jazzy/opt/gz_physics_vendor:/opt/ros/jazzy/opt/sdformat_vendor:/opt/ros/jazzy/opt/gz_gui_vendor:/opt/ros/jazzy/opt/gz_transport_vendor:/opt/ros/jazzy/opt/gz_rendering_vendor:/opt/ros/jazzy/opt/gz_plugin_vendor:/opt/ros/jazzy/opt/gz_fuel_tools_vendor:/opt/ros/jazzy/opt/gz_msgs_vendor:/opt/ros/jazzy/opt/gz_common_vendor:/opt/ros/jazzy/opt/gz_math_vendor:/opt/ros/jazzy/opt/gz_utils_vendor:/opt/ros/jazzy/opt/gz_tools_vendor:/opt/ros/jazzy/opt/gz_ogre_next_vendor:/opt/ros/jazzy/opt/gz_dartsim_vendor:/opt/ros/jazzy/opt/gz_cmake_vendor:/home/swayanshree/projects/Makara-AUV-ROS2/install/makara_vision:/home/swayanshree/projects/Makara-AUV-ROS2/install/makara_serial:/home/swayanshree/projects/Makara-AUV-ROS2/install/makara_bringup:/home/swayanshree/projects/Makara-AUV-ROS2/install/hammerhead_serial:/home/swayanshree/projects/Makara-AUV-ROS2/install/data_sync:/opt/ros/jazzy DEBUGINFOD_URLS=https://debuginfod.ubuntu.com LD_LIBRARY_PATH=/home/swayanshree/projects/Makara-AUV-ROS2/src/install/hammerhead_interfaces/lib:${LD_LIBRARY_PATH} PYTHONPATH=/home/swayanshree/projects/Makara-AUV-ROS2/src/install/hammerhead_interfaces/lib/python3.12/site-packages:${PYTHONPATH} /usr/bin/cmake --install /home/swayanshree/projects/Makara-AUV-ROS2/src/build/ardupilot_attitude_control
[19.466s] Level 1:colcon.colcon_core.environment:checking '/home/swayanshree/projects/Makara-AUV-ROS2/src/install/ardupilot_attitude_control' for CMake config files
[19.466s] Level 1:colcon.colcon_core.shell:create_environment_hook('ardupilot_attitude_control', 'cmake_prefix_path')
[19.466s] INFO:colcon.colcon_core.shell:Creating environment hook '/home/swayanshree/projects/Makara-AUV-ROS2/src/install/ardupilot_attitude_control/share/ardupilot_attitude_control/hook/cmake_prefix_path.ps1'
[19.466s] INFO:colcon.colcon_core.shell:Creating environment descriptor '/home/swayanshree/projects/Makara-AUV-ROS2/src/install/ardupilot_attitude_control/share/ardupilot_attitude_control/hook/cmake_prefix_path.dsv'
[19.467s] INFO:colcon.colcon_core.shell:Creating environment hook '/home/swayanshree/projects/Makara-AUV-ROS2/src/install/ardupilot_attitude_control/share/ardupilot_attitude_control/hook/cmake_prefix_path.sh'
[19.467s] Level 1:colcon.colcon_core.environment:checking '/home/swayanshree/projects/Makara-AUV-ROS2/src/install/ardupilot_attitude_control/lib'
[19.467s] Level 1:colcon.colcon_core.environment:checking '/home/swayanshree/projects/Makara-AUV-ROS2/src/install/ardupilot_attitude_control/bin'
[19.467s] Level 1:colcon.colcon_core.environment:checking '/home/swayanshree/projects/Makara-AUV-ROS2/src/install/ardupilot_attitude_control/lib/pkgconfig/ardupilot_attitude_control.pc'
[19.467s] Level 1:colcon.colcon_core.environment:checking '/home/swayanshree/projects/Makara-AUV-ROS2/src/install/ardupilot_attitude_control/lib/python3.12/site-packages'
[19.467s] Level 1:colcon.colcon_core.environment:checking '/home/swayanshree/projects/Makara-AUV-ROS2/src/install/ardupilot_attitude_control/bin'
[19.467s] INFO:colcon.colcon_core.shell:Creating package script '/home/swayanshree/projects/Makara-AUV-ROS2/src/install/ardupilot_attitude_control/share/ardupilot_attitude_control/package.ps1'
[19.468s] INFO:colcon.colcon_core.shell:Creating package descriptor '/home/swayanshree/projects/Makara-AUV-ROS2/src/install/ardupilot_attitude_control/share/ardupilot_attitude_control/package.dsv'
[19.468s] INFO:colcon.colcon_core.shell:Creating package script '/home/swayanshree/projects/Makara-AUV-ROS2/src/install/ardupilot_attitude_control/share/ardupilot_attitude_control/package.sh'
[19.468s] INFO:colcon.colcon_core.shell:Creating package script '/home/swayanshree/projects/Makara-AUV-ROS2/src/install/ardupilot_attitude_control/share/ardupilot_attitude_control/package.bash'
[19.468s] INFO:colcon.colcon_core.shell:Creating package script '/home/swayanshree/projects/Makara-AUV-ROS2/src/install/ardupilot_attitude_control/share/ardupilot_attitude_control/package.zsh'
[19.468s] Level 1:colcon.colcon_core.environment:create_file_with_runtime_dependencies(/home/swayanshree/projects/Makara-AUV-ROS2/src/install/ardupilot_attitude_control/share/colcon-core/packages/ardupilot_attitude_control)
[19.469s] Level 1:colcon.colcon_core.environment:create_environment_scripts_only(ardupilot_attitude_control)
[19.469s] Level 1:colcon.colcon_core.environment:checking '/home/swayanshree/projects/Makara-AUV-ROS2/src/install/ardupilot_attitude_control' for CMake module files
[19.469s] Level 1:colcon.colcon_core.environment:checking '/home/swayanshree/projects/Makara-AUV-ROS2/src/install/ardupilot_attitude_control' for CMake config files
[19.469s] Level 1:colcon.colcon_core.shell:create_environment_hook('ardupilot_attitude_control', 'cmake_prefix_path')
[19.469s] INFO:colcon.colcon_core.shell:Creating environment hook '/home/swayanshree/projects/Makara-AUV-ROS2/src/install/ardupilot_attitude_control/share/ardupilot_attitude_control/hook/cmake_prefix_path.ps1'
[19.469s] INFO:colcon.colcon_core.shell:Creating environment descriptor '/home/swayanshree/projects/Makara-AUV-ROS2/src/install/ardupilot_attitude_control/share/ardupilot_attitude_control/hook/cmake_prefix_path.dsv'
[19.469s] INFO:colcon.colcon_core.shell:Creating environment hook '/home/swayanshree/projects/Makara-AUV-ROS2/src/install/ardupilot_attitude_control/share/ardupilot_attitude_control/hook/cmake_prefix_path.sh'
[19.470s] Level 1:colcon.colcon_core.environment:checking '/home/swayanshree/projects/Makara-AUV-ROS2/src/install/ardupilot_attitude_control/lib'
[19.470s] Level 1:colcon.colcon_core.environment:checking '/home/swayanshree/projects/Makara-AUV-ROS2/src/install/ardupilot_attitude_control/bin'
[19.470s] Level 1:colcon.colcon_core.environment:checking '/home/swayanshree/projects/Makara-AUV-ROS2/src/install/ardupilot_attitude_control/lib/pkgconfig/ardupilot_attitude_control.pc'
[19.470s] Level 1:colcon.colcon_core.environment:checking '/home/swayanshree/projects/Makara-AUV-ROS2/src/install/ardupilot_attitude_control/lib/python3.12/site-packages'
[19.470s] Level 1:colcon.colcon_core.environment:checking '/home/swayanshree/projects/Makara-AUV-ROS2/src/install/ardupilot_attitude_control/bin'
[19.470s] INFO:colcon.colcon_core.shell:Creating package script '/home/swayanshree/projects/Makara-AUV-ROS2/src/install/ardupilot_attitude_control/share/ardupilot_attitude_control/package.ps1'
[19.471s] INFO:colcon.colcon_core.shell:Creating package descriptor '/home/swayanshree/projects/Makara-AUV-ROS2/src/install/ardupilot_attitude_control/share/ardupilot_attitude_control/package.dsv'
[19.471s] INFO:colcon.colcon_core.shell:Creating package script '/home/swayanshree/projects/Makara-AUV-ROS2/src/install/ardupilot_attitude_control/share/ardupilot_attitude_control/package.sh'
[19.471s] INFO:colcon.colcon_core.shell:Creating package script '/home/swayanshree/projects/Makara-AUV-ROS2/src/install/ardupilot_attitude_control/share/ardupilot_attitude_control/package.bash'
[19.471s] INFO:colcon.colcon_core.shell:Creating package script '/home/swayanshree/projects/Makara-AUV-ROS2/src/install/ardupilot_attitude_control/share/ardupilot_attitude_control/package.zsh'
[19.471s] Level 1:colcon.colcon_core.environment:create_file_with_runtime_dependencies(/home/swayanshree/projects/Makara-AUV-ROS2/src/install/ardupilot_attitude_control/share/colcon-core/packages/ardupilot_attitude_control)
[20.120s] DEBUG:colcon.colcon_core.event_handler.log_command:Invoked command in '/home/swayanshree/projects/Makara-AUV-ROS2/src/build/makara_control' returned '0': AMENT_PREFIX_PATH=/home/swayanshree/projects/Makara-AUV-ROS2/src/install/makara_interfaces:${AMENT_PREFIX_PATH} CMAKE_PREFIX_PATH=/home/swayanshree/projects/Makara-AUV-ROS2/src/install/makara_interfaces:/home/swayanshree/projects/Makara-AUV-ROS2/install/makara_control:/home/swayanshree/projects/Makara-AUV-ROS2/install/makara_interfaces:/home/swayanshree/projects/Makara-AUV-ROS2/install/ardupilot_attitude_control:/home/swayanshree/projects/Makara-AUV-ROS2/install/hammerhead_interfaces:/home/swayanshree/projects/Makara-AUV-ROS2/install/auv_description:/home/swayanshree/projects/Makara-AUV-ROS2/install/StateSpace:/opt/ros/jazzy/opt/gz_sim_vendor:/opt/ros/jazzy/opt/gz_sensors_vendor:/opt/ros/jazzy/opt/gz_physics_vendor:/opt/ros/jazzy/opt/sdformat_vendor:/opt/ros/jazzy/opt/gz_gui_vendor:/opt/ros/jazzy/opt/gz_transport_vendor:/opt/ros/jazzy/opt/gz_rendering_vendor:/opt/ros/jazzy/opt/gz_plugin_vendor:/opt/ros/jazzy/opt/gz_fuel_tools_vendor:/opt/ros/jazzy/opt/gz_msgs_vendor:/opt/ros/jazzy/opt/gz_common_vendor:/opt/ros/jazzy/opt/gz_math_vendor:/opt/ros/jazzy/opt/gz_utils_vendor:/opt/ros/jazzy/opt/gz_tools_vendor:/opt/ros/jazzy/opt/gz_ogre_next_vendor:/opt/ros/jazzy/opt/gz_dartsim_vendor:/opt/ros/jazzy/opt/gz_cmake_vendor:/home/swayanshree/projects/Makara-AUV-ROS2/install/makara_vision:/home/swayanshree/projects/Makara-AUV-ROS2/install/makara_serial:/home/swayanshree/projects/Makara-AUV-ROS2/install/makara_bringup:/home/swayanshree/projects/Makara-AUV-ROS2/install/hammerhead_serial:/home/swayanshree/projects/Makara-AUV-ROS2/install/data_sync:/opt/ros/jazzy DEBUGINFOD_URLS=https://debuginfod.ubuntu.com LD_LIBRARY_PATH=/home/swayanshree/projects/Makara-AUV-ROS2/src/install/makara_interfaces/lib:${LD_LIBRARY_PATH} PYTHONPATH=/home/swayanshree/projects/Makara-AUV-ROS2/src/install/makara_interfaces/lib/python3.12/site-packages:${PYTHONPATH} /usr/bin/cmake --build /home/swayanshree/projects/Makara-AUV-ROS2/src/build/makara_control -- -j16 -l16
[20.121s] DEBUG:colcon.colcon_core.event_handler.log_command:Invoking command in '/home/swayanshree/projects/Makara-AUV-ROS2/src/build/makara_control': AMENT_PREFIX_PATH=/home/swayanshree/projects/Makara-AUV-ROS2/src/install/makara_interfaces:${AMENT_PREFIX_PATH} CMAKE_PREFIX_PATH=/home/swayanshree/projects/Makara-AUV-ROS2/src/install/makara_interfaces:/home/swayanshree/projects/Makara-AUV-ROS2/install/makara_control:/home/swayanshree/projects/Makara-AUV-ROS2/install/makara_interfaces:/home/swayanshree/projects/Makara-AUV-ROS2/install/ardupilot_attitude_control:/home/swayanshree/projects/Makara-AUV-ROS2/install/hammerhead_interfaces:/home/swayanshree/projects/Makara-AUV-ROS2/install/auv_description:/home/swayanshree/projects/Makara-AUV-ROS2/install/StateSpace:/opt/ros/jazzy/opt/gz_sim_vendor:/opt/ros/jazzy/opt/gz_sensors_vendor:/opt/ros/jazzy/opt/gz_physics_vendor:/opt/ros/jazzy/opt/sdformat_vendor:/opt/ros/jazzy/opt/gz_gui_vendor:/opt/ros/jazzy/opt/gz_transport_vendor:/opt/ros/jazzy/opt/gz_rendering_vendor:/opt/ros/jazzy/opt/gz_plugin_vendor:/opt/ros/jazzy/opt/gz_fuel_tools_vendor:/opt/ros/jazzy/opt/gz_msgs_vendor:/opt/ros/jazzy/opt/gz_common_vendor:/opt/ros/jazzy/opt/gz_math_vendor:/opt/ros/jazzy/opt/gz_utils_vendor:/opt/ros/jazzy/opt/gz_tools_vendor:/opt/ros/jazzy/opt/gz_ogre_next_vendor:/opt/ros/jazzy/opt/gz_dartsim_vendor:/opt/ros/jazzy/opt/gz_cmake_vendor:/home/swayanshree/projects/Makara-AUV-ROS2/install/makara_vision:/home/swayanshree/projects/Makara-AUV-ROS2/install/makara_serial:/home/swayanshree/projects/Makara-AUV-ROS2/install/makara_bringup:/home/swayanshree/projects/Makara-AUV-ROS2/install/hammerhead_serial:/home/swayanshree/projects/Makara-AUV-ROS2/install/data_sync:/opt/ros/jazzy DEBUGINFOD_URLS=https://debuginfod.ubuntu.com LD_LIBRARY_PATH=/home/swayanshree/projects/Makara-AUV-ROS2/src/install/makara_interfaces/lib:${LD_LIBRARY_PATH} PYTHONPATH=/home/swayanshree/projects/Makara-AUV-ROS2/src/install/makara_interfaces/lib/python3.12/site-packages:${PYTHONPATH} /usr/bin/cmake --install /home/swayanshree/projects/Makara-AUV-ROS2/src/build/makara_control
[20.131s] Level 1:colcon.colcon_core.environment:create_environment_scripts_only(makara_control)
[20.131s] Level 1:colcon.colcon_core.environment:checking '/home/swayanshree/projects/Makara-AUV-ROS2/src/install/makara_control' for CMake module files
[20.131s] DEBUG:colcon.colcon_core.event_handler.log_command:Invoked command in '/home/swayanshree/projects/Makara-AUV-ROS2/src/build/makara_control' returned '0': AMENT_PREFIX_PATH=/home/swayanshree/projects/Makara-AUV-ROS2/src/install/makara_interfaces:${AMENT_PREFIX_PATH} CMAKE_PREFIX_PATH=/home/swayanshree/projects/Makara-AUV-ROS2/src/install/makara_interfaces:/home/swayanshree/projects/Makara-AUV-ROS2/install/makara_control:/home/swayanshree/projects/Makara-AUV-ROS2/install/makara_interfaces:/home/swayanshree/projects/Makara-AUV-ROS2/install/ardupilot_attitude_control:/home/swayanshree/projects/Makara-AUV-ROS2/install/hammerhead_interfaces:/home/swayanshree/projects/Makara-AUV-ROS2/install/auv_description:/home/swayanshree/projects/Makara-AUV-ROS2/install/StateSpace:/opt/ros/jazzy/opt/gz_sim_vendor:/opt/ros/jazzy/opt/gz_sensors_vendor:/opt/ros/jazzy/opt/gz_physics_vendor:/opt/ros/jazzy/opt/sdformat_vendor:/opt/ros/jazzy/opt/gz_gui_vendor:/opt/ros/jazzy/opt/gz_transport_vendor:/opt/ros/jazzy/opt/gz_rendering_vendor:/opt/ros/jazzy/opt/gz_plugin_vendor:/opt/ros/jazzy/opt/gz_fuel_tools_vendor:/opt/ros/jazzy/opt/gz_msgs_vendor:/opt/ros/jazzy/opt/gz_common_vendor:/opt/ros/jazzy/opt/gz_math_vendor:/opt/ros/jazzy/opt/gz_utils_vendor:/opt/ros/jazzy/opt/gz_tools_vendor:/opt/ros/jazzy/opt/gz_ogre_next_vendor:/opt/ros/jazzy/opt/gz_dartsim_vendor:/opt/ros/jazzy/opt/gz_cmake_vendor:/home/swayanshree/projects/Makara-AUV-ROS2/install/makara_vision:/home/swayanshree/projects/Makara-AUV-ROS2/install/makara_serial:/home/swayanshree/projects/Makara-AUV-ROS2/install/makara_bringup:/home/swayanshree/projects/Makara-AUV-ROS2/install/hammerhead_serial:/home/swayanshree/projects/Makara-AUV-ROS2/install/data_sync:/opt/ros/jazzy DEBUGINFOD_URLS=https://debuginfod.ubuntu.com LD_LIBRARY_PATH=/home/swayanshree/projects/Makara-AUV-ROS2/src/install/makara_interfaces/lib:${LD_LIBRARY_PATH} PYTHONPATH=/home/swayanshree/projects/Makara-AUV-ROS2/src/install/makara_interfaces/lib/python3.12/site-packages:${PYTHONPATH} /usr/bin/cmake --install /home/swayanshree/projects/Makara-AUV-ROS2/src/build/makara_control
[20.131s] Level 1:colcon.colcon_core.environment:checking '/home/swayanshree/projects/Makara-AUV-ROS2/src/install/makara_control' for CMake config files
[20.131s] Level 1:colcon.colcon_core.shell:create_environment_hook('makara_control', 'cmake_prefix_path')
[20.131s] INFO:colcon.colcon_core.shell:Creating environment hook '/home/swayanshree/projects/Makara-AUV-ROS2/src/install/makara_control/share/makara_control/hook/cmake_prefix_path.ps1'
[20.132s] INFO:colcon.colcon_core.shell:Creating environment descriptor '/home/swayanshree/projects/Makara-AUV-ROS2/src/install/makara_control/share/makara_control/hook/cmake_prefix_path.dsv'
[20.132s] INFO:colcon.colcon_core.shell:Creating environment hook '/home/swayanshree/projects/Makara-AUV-ROS2/src/install/makara_control/share/makara_control/hook/cmake_prefix_path.sh'
[20.132s] Level 1:colcon.colcon_core.environment:checking '/home/swayanshree/projects/Makara-AUV-ROS2/src/install/makara_control/lib'
[20.132s] Level 1:colcon.colcon_core.environment:checking '/home/swayanshree/projects/Makara-AUV-ROS2/src/install/makara_control/bin'
[20.132s] Level 1:colcon.colcon_core.environment:checking '/home/swayanshree/projects/Makara-AUV-ROS2/src/install/makara_control/lib/pkgconfig/makara_control.pc'
[20.132s] Level 1:colcon.colcon_core.environment:checking '/home/swayanshree/projects/Makara-AUV-ROS2/src/install/makara_control/lib/python3.12/site-packages'
[20.132s] Level 1:colcon.colcon_core.environment:checking '/home/swayanshree/projects/Makara-AUV-ROS2/src/install/makara_control/bin'
[20.133s] INFO:colcon.colcon_core.shell:Creating package script '/home/swayanshree/projects/Makara-AUV-ROS2/src/install/makara_control/share/makara_control/package.ps1'
[20.133s] INFO:colcon.colcon_core.shell:Creating package descriptor '/home/swayanshree/projects/Makara-AUV-ROS2/src/install/makara_control/share/makara_control/package.dsv'
[20.133s] INFO:colcon.colcon_core.shell:Creating package script '/home/swayanshree/projects/Makara-AUV-ROS2/src/install/makara_control/share/makara_control/package.sh'
[20.133s] INFO:colcon.colcon_core.shell:Creating package script '/home/swayanshree/projects/Makara-AUV-ROS2/src/install/makara_control/share/makara_control/package.bash'
[20.133s] INFO:colcon.colcon_core.shell:Creating package script '/home/swayanshree/projects/Makara-AUV-ROS2/src/install/makara_control/share/makara_control/package.zsh'
[20.134s] Level 1:colcon.colcon_core.environment:create_file_with_runtime_dependencies(/home/swayanshree/projects/Makara-AUV-ROS2/src/install/makara_control/share/colcon-core/packages/makara_control)
[20.134s] Level 1:colcon.colcon_core.environment:create_environment_scripts_only(makara_control)
[20.134s] Level 1:colcon.colcon_core.environment:checking '/home/swayanshree/projects/Makara-AUV-ROS2/src/install/makara_control' for CMake module files
[20.134s] Level 1:colcon.colcon_core.environment:checking '/home/swayanshree/projects/Makara-AUV-ROS2/src/install/makara_control' for CMake config files
[20.134s] Level 1:colcon.colcon_core.shell:create_environment_hook('makara_control', 'cmake_prefix_path')
[20.134s] INFO:colcon.colcon_core.shell:Creating environment hook '/home/swayanshree/projects/Makara-AUV-ROS2/src/install/makara_control/share/makara_control/hook/cmake_prefix_path.ps1'
[20.134s] INFO:colcon.colcon_core.shell:Creating environment descriptor '/home/swayanshree/projects/Makara-AUV-ROS2/src/install/makara_control/share/makara_control/hook/cmake_prefix_path.dsv'
[20.135s] INFO:colcon.colcon_core.shell:Creating environment hook '/home/swayanshree/projects/Makara-AUV-ROS2/src/install/makara_control/share/makara_control/hook/cmake_prefix_path.sh'
[20.135s] Level 1:colcon.colcon_core.environment:checking '/home/swayanshree/projects/Makara-AUV-ROS2/src/install/makara_control/lib'
[20.135s] Level 1:colcon.colcon_core.environment:checking '/home/swayanshree/projects/Makara-AUV-ROS2/src/install/makara_control/bin'
[20.135s] Level 1:colcon.colcon_core.environment:checking '/home/swayanshree/projects/Makara-AUV-ROS2/src/install/makara_control/lib/pkgconfig/makara_control.pc'
[20.135s] Level 1:colcon.colcon_core.environment:checking '/home/swayanshree/projects/Makara-AUV-ROS2/src/install/makara_control/lib/python3.12/site-packages'
[20.135s] Level 1:colcon.colcon_core.environment:checking '/home/swayanshree/projects/Makara-AUV-ROS2/src/install/makara_control/bin'
[20.135s] INFO:colcon.colcon_core.shell:Creating package script '/home/swayanshree/projects/Makara-AUV-ROS2/src/install/makara_control/share/makara_control/package.ps1'
[20.136s] INFO:colcon.colcon_core.shell:Creating package descriptor '/home/swayanshree/projects/Makara-AUV-ROS2/src/install/makara_control/share/makara_control/package.dsv'
[20.136s] INFO:colcon.colcon_core.shell:Creating package script '/home/swayanshree/projects/Makara-AUV-ROS2/src/install/makara_control/share/makara_control/package.sh'
[20.136s] INFO:colcon.colcon_core.shell:Creating package script '/home/swayanshree/projects/Makara-AUV-ROS2/src/install/makara_control/share/makara_control/package.bash'
[20.136s] INFO:colcon.colcon_core.shell:Creating package script '/home/swayanshree/projects/Makara-AUV-ROS2/src/install/makara_control/share/makara_control/package.zsh'
[20.137s] Level 1:colcon.colcon_core.environment:create_file_with_runtime_dependencies(/home/swayanshree/projects/Makara-AUV-ROS2/src/install/makara_control/share/colcon-core/packages/makara_control)
[20.137s] DEBUG:colcon.colcon_parallel_executor.executor.parallel:closing loop
[20.137s] DEBUG:colcon.colcon_parallel_executor.executor.parallel:loop closed
[20.137s] DEBUG:colcon.colcon_parallel_executor.executor.parallel:run_until_complete finished with '0'
[20.137s] DEBUG:colcon.colcon_core.event_reactor:joining thread
[20.141s] INFO:colcon.colcon_core.plugin_system:Skipping extension 'colcon_notification.desktop_notification.terminal_notifier': Not used on non-Darwin systems
[20.141s] INFO:colcon.colcon_core.plugin_system:Skipping extension 'colcon_notification.desktop_notification.win32': Not used on non-Windows systems
[20.141s] INFO:colcon.colcon_notification.desktop_notification:Sending desktop notification using 'notify2'
[20.149s] DEBUG:colcon.colcon_core.event_reactor:joined thread
[20.150s] INFO:colcon.colcon_core.shell:Creating prefix script '/home/swayanshree/projects/Makara-AUV-ROS2/src/install/local_setup.ps1'
[20.150s] INFO:colcon.colcon_core.shell:Creating prefix util module '/home/swayanshree/projects/Makara-AUV-ROS2/src/install/_local_setup_util_ps1.py'
[20.151s] INFO:colcon.colcon_core.shell:Creating prefix chain script '/home/swayanshree/projects/Makara-AUV-ROS2/src/install/setup.ps1'
[20.152s] INFO:colcon.colcon_core.shell:Creating prefix script '/home/swayanshree/projects/Makara-AUV-ROS2/src/install/local_setup.sh'
[20.152s] INFO:colcon.colcon_core.shell:Creating prefix util module '/home/swayanshree/projects/Makara-AUV-ROS2/src/install/_local_setup_util_sh.py'
[20.153s] INFO:colcon.colcon_core.shell:Creating prefix chain script '/home/swayanshree/projects/Makara-AUV-ROS2/src/install/setup.sh'
[20.153s] INFO:colcon.colcon_core.shell:Creating prefix script '/home/swayanshree/projects/Makara-AUV-ROS2/src/install/local_setup.bash'
[20.154s] INFO:colcon.colcon_core.shell:Creating prefix chain script '/home/swayanshree/projects/Makara-AUV-ROS2/src/install/setup.bash'
[20.154s] INFO:colcon.colcon_core.shell:Creating prefix script '/home/swayanshree/projects/Makara-AUV-ROS2/src/install/local_setup.zsh'
[20.155s] INFO:colcon.colcon_core.shell:Creating prefix chain script '/home/swayanshree/projects/Makara-AUV-ROS2/src/install/setup.zsh'
