[0.020s] Invoking command in '/home/swayanshree/projects/Makara-AUV-ROS2/src/build/hammerhead_interfaces': CMAKE_PREFIX_PATH=${CMAKE_PREFIX_PATH}:/home/swayanshree/projects/Makara-AUV-ROS2/install/makara_vision:/home/swayanshree/projects/Makara-AUV-ROS2/install/makara_serial:/home/swayanshree/projects/Makara-AUV-ROS2/install/makara_bringup:/home/swayanshree/projects/Makara-AUV-ROS2/install/hammerhead_serial:/home/swayanshree/projects/Makara-AUV-ROS2/install/data_sync:/opt/ros/jazzy DEBUGINFOD_URLS=https://debuginfod.ubuntu.com /usr/bin/cmake /home/swayanshree/projects/Makara-AUV-ROS2/src/hammerhead_interfaces -DCMAKE_INSTALL_PREFIX=/home/swayanshree/projects/Makara-AUV-ROS2/src/install/hammerhead_interfaces
[0.311s] -- The C compiler identification is GNU 13.3.0
[0.312s] -- The CXX compiler identification is GNU 13.3.0
[0.312s] -- Detecting C compiler ABI info
[0.312s] -- Detecting C compiler ABI info - done
[0.312s] -- Check for working C compiler: /usr/bin/cc - skipped
[0.312s] -- Detecting C compile features
[0.312s] -- Detecting C compile features - done
[0.312s] -- Detecting CXX compiler ABI info
[0.312s] -- Detecting CXX compiler ABI info - done
[0.312s] -- Check for working CXX compiler: /usr/bin/c++ - skipped
[0.312s] -- Detecting CXX compile features
[0.312s] -- Detecting CXX compile features - done
[0.312s] -- Found ament_cmake: 2.5.5 (/opt/ros/jazzy/share/ament_cmake/cmake)
[0.420s] -- Found Python3: /usr/bin/python3 (found version "3.12.3") found components: Interpreter 
[0.515s] -- Found rosidl_default_generators: 1.6.0 (/opt/ros/jazzy/share/rosidl_default_generators/cmake)
[0.524s] -- Using all available rosidl_typesupport_c: rosidl_typesupport_fastrtps_c;rosidl_typesupport_introspection_c
[0.579s] -- Using all available rosidl_typesupport_cpp: rosidl_typesupport_fastrtps_cpp;rosidl_typesupport_introspection_cpp
[0.619s] -- Found rosidl_adapter: 4.6.7 (/opt/ros/jazzy/share/rosidl_adapter/cmake)
[0.626s] -- Found std_msgs: 5.3.6 (/opt/ros/jazzy/share/std_msgs/cmake)
[1.210s] -- Found ament_cmake_ros: 0.12.0 (/opt/ros/jazzy/share/ament_cmake_ros/cmake)
[1.576s] -- Using all available rosidl_typesupport_c: rosidl_typesupport_fastrtps_c;rosidl_typesupport_introspection_c
[2.016s] -- Using all available rosidl_typesupport_cpp: rosidl_typesupport_fastrtps_cpp;rosidl_typesupport_introspection_cpp
[2.020s] -- Found python_cmake_module: 0.11.1 (/opt/ros/jazzy/share/python_cmake_module/cmake)
[2.110s] -- Found PythonExtra: /usr/bin/python3  
[2.571s] -- Found Python3: /usr/bin/python3 (found version "3.12.3") found components: Interpreter Development NumPy Development.Module Development.Embed 
[2.609s] -- Configuring done (2.6s)
[2.648s] -- Generating done (0.0s)
[2.657s] -- Build files have been written to: /home/swayanshree/projects/Makara-AUV-ROS2/src/build/hammerhead_interfaces
[2.664s] Invoked command in '/home/swayanshree/projects/Makara-AUV-ROS2/src/build/hammerhead_interfaces' returned '0': CMAKE_PREFIX_PATH=${CMAKE_PREFIX_PATH}:/home/swayanshree/projects/Makara-AUV-ROS2/install/makara_vision:/home/swayanshree/projects/Makara-AUV-ROS2/install/makara_serial:/home/swayanshree/projects/Makara-AUV-ROS2/install/makara_bringup:/home/swayanshree/projects/Makara-AUV-ROS2/install/hammerhead_serial:/home/swayanshree/projects/Makara-AUV-ROS2/install/data_sync:/opt/ros/jazzy DEBUGINFOD_URLS=https://debuginfod.ubuntu.com /usr/bin/cmake /home/swayanshree/projects/Makara-AUV-ROS2/src/hammerhead_interfaces -DCMAKE_INSTALL_PREFIX=/home/swayanshree/projects/Makara-AUV-ROS2/src/install/hammerhead_interfaces
[2.664s] Invoking command in '/home/swayanshree/projects/Makara-AUV-ROS2/src/build/hammerhead_interfaces': CMAKE_PREFIX_PATH=${CMAKE_PREFIX_PATH}:/home/swayanshree/projects/Makara-AUV-ROS2/install/makara_vision:/home/swayanshree/projects/Makara-AUV-ROS2/install/makara_serial:/home/swayanshree/projects/Makara-AUV-ROS2/install/makara_bringup:/home/swayanshree/projects/Makara-AUV-ROS2/install/hammerhead_serial:/home/swayanshree/projects/Makara-AUV-ROS2/install/data_sync:/opt/ros/jazzy DEBUGINFOD_URLS=https://debuginfod.ubuntu.com /usr/bin/cmake --build /home/swayanshree/projects/Makara-AUV-ROS2/src/build/hammerhead_interfaces -- -j16 -l16
[2.711s] [  1%] [34m[1mGenerating type hashes for ROS interfaces[0m
[2.718s] [  1%] Built target ament_cmake_python_copy_hammerhead_interfaces
[2.883s] running egg_info
[2.884s] creating hammerhead_interfaces.egg-info
[2.898s] writing hammerhead_interfaces.egg-info/PKG-INFO
[2.898s] writing dependency_links to hammerhead_interfaces.egg-info/dependency_links.txt
[2.898s] writing top-level names to hammerhead_interfaces.egg-info/top_level.txt
[2.898s] writing manifest file 'hammerhead_interfaces.egg-info/SOURCES.txt'
[2.942s] reading manifest file 'hammerhead_interfaces.egg-info/SOURCES.txt'
[2.943s] writing manifest file 'hammerhead_interfaces.egg-info/SOURCES.txt'
[2.954s] [  1%] Built target hammerhead_interfaces__rosidl_generator_type_description
[2.963s] [  2%] [34m[1mGenerating C code for ROS interfaces[0m
[2.969s] [  2%] Built target ament_cmake_python_build_hammerhead_interfaces_egg
[2.975s] [  2%] [34m[1mGenerating C++ code for ROS interfaces[0m
[3.396s] [  2%] Built target hammerhead_interfaces__cpp
[3.503s] [  3%] [32mBuilding C object CMakeFiles/hammerhead_interfaces__rosidl_generator_c.dir/rosidl_generator_c/hammerhead_interfaces/msg/detail/battery_status__type_support.c.o[0m
[3.503s] [  4%] [32mBuilding C object CMakeFiles/hammerhead_interfaces__rosidl_generator_c.dir/rosidl_generator_c/hammerhead_interfaces/msg/detail/combined__description.c.o[0m
[3.503s] [  5%] [32mBuilding C object CMakeFiles/hammerhead_interfaces__rosidl_generator_c.dir/rosidl_generator_c/hammerhead_interfaces/msg/detail/battery_status__functions.c.o[0m
[3.503s] [  5%] [32mBuilding C object CMakeFiles/hammerhead_interfaces__rosidl_generator_c.dir/rosidl_generator_c/hammerhead_interfaces/msg/detail/battery_status__description.c.o[0m
[3.505s] [  5%] [32mBuilding C object CMakeFiles/hammerhead_interfaces__rosidl_generator_c.dir/rosidl_generator_c/hammerhead_interfaces/msg/detail/combined__functions.c.o[0m
[3.509s] [  6%] [32mBuilding C object CMakeFiles/hammerhead_interfaces__rosidl_generator_c.dir/rosidl_generator_c/hammerhead_interfaces/msg/detail/combined__type_support.c.o[0m
[3.509s] [  7%] [32mBuilding C object CMakeFiles/hammerhead_interfaces__rosidl_generator_c.dir/rosidl_generator_c/hammerhead_interfaces/msg/detail/depth__description.c.o[0m
[3.509s] [  8%] [32mBuilding C object CMakeFiles/hammerhead_interfaces__rosidl_generator_c.dir/rosidl_generator_c/hammerhead_interfaces/msg/detail/depth__functions.c.o[0m
[3.509s] [  8%] [32mBuilding C object CMakeFiles/hammerhead_interfaces__rosidl_generator_c.dir/rosidl_generator_c/hammerhead_interfaces/msg/detail/depth__type_support.c.o[0m
[3.510s] [  9%] [32mBuilding C object CMakeFiles/hammerhead_interfaces__rosidl_generator_c.dir/rosidl_generator_c/hammerhead_interfaces/msg/detail/ins_vel__functions.c.o[0m
[3.511s] [ 10%] [32mBuilding C object CMakeFiles/hammerhead_interfaces__rosidl_generator_c.dir/rosidl_generator_c/hammerhead_interfaces/msg/detail/ins_vel__description.c.o[0m
[3.517s] [ 11%] [32mBuilding C object CMakeFiles/hammerhead_interfaces__rosidl_generator_c.dir/rosidl_generator_c/hammerhead_interfaces/msg/detail/ins_vel__type_support.c.o[0m
[3.517s] [ 12%] [32mBuilding C object CMakeFiles/hammerhead_interfaces__rosidl_generator_c.dir/rosidl_generator_c/hammerhead_interfaces/msg/detail/move_cmd__functions.c.o[0m
[3.519s] [ 12%] [32mBuilding C object CMakeFiles/hammerhead_interfaces__rosidl_generator_c.dir/rosidl_generator_c/hammerhead_interfaces/msg/detail/move_cmd__description.c.o[0m
[3.526s] [ 13%] [32mBuilding C object CMakeFiles/hammerhead_interfaces__rosidl_generator_c.dir/rosidl_generator_c/hammerhead_interfaces/msg/detail/move_cmd__type_support.c.o[0m
[3.531s] [ 14%] [32mBuilding C object CMakeFiles/hammerhead_interfaces__rosidl_generator_c.dir/rosidl_generator_c/hammerhead_interfaces/msg/detail/move_cmds__description.c.o[0m
[3.552s] [ 15%] [32mBuilding C object CMakeFiles/hammerhead_interfaces__rosidl_generator_c.dir/rosidl_generator_c/hammerhead_interfaces/msg/detail/move_cmds__type_support.c.o[0m
[3.555s] [ 16%] [32mBuilding C object CMakeFiles/hammerhead_interfaces__rosidl_generator_c.dir/rosidl_generator_c/hammerhead_interfaces/msg/detail/pid__description.c.o[0m
[3.557s] [ 16%] [32mBuilding C object CMakeFiles/hammerhead_interfaces__rosidl_generator_c.dir/rosidl_generator_c/hammerhead_interfaces/msg/detail/move_cmds__functions.c.o[0m
[3.572s] [ 17%] [32mBuilding C object CMakeFiles/hammerhead_interfaces__rosidl_generator_c.dir/rosidl_generator_c/hammerhead_interfaces/msg/detail/pid__type_support.c.o[0m
[3.572s] [ 17%] [32mBuilding C object CMakeFiles/hammerhead_interfaces__rosidl_generator_c.dir/rosidl_generator_c/hammerhead_interfaces/msg/detail/pid__functions.c.o[0m
[3.572s] [ 18%] [32mBuilding C object CMakeFiles/hammerhead_interfaces__rosidl_generator_c.dir/rosidl_generator_c/hammerhead_interfaces/msg/detail/position__description.c.o[0m
[3.575s] [ 19%] [32mBuilding C object CMakeFiles/hammerhead_interfaces__rosidl_generator_c.dir/rosidl_generator_c/hammerhead_interfaces/msg/detail/position__type_support.c.o[0m
[3.578s] [ 20%] [32mBuilding C object CMakeFiles/hammerhead_interfaces__rosidl_generator_c.dir/rosidl_generator_c/hammerhead_interfaces/msg/detail/position__functions.c.o[0m
[3.578s] [ 20%] [32mBuilding C object CMakeFiles/hammerhead_interfaces__rosidl_generator_c.dir/rosidl_generator_c/hammerhead_interfaces/msg/detail/setpoint__description.c.o[0m
[3.585s] [ 22%] [32mBuilding C object CMakeFiles/hammerhead_interfaces__rosidl_generator_c.dir/rosidl_generator_c/hammerhead_interfaces/msg/detail/thruster_speeds__description.c.o[0m
[3.586s] [ 22%] [32mBuilding C object CMakeFiles/hammerhead_interfaces__rosidl_generator_c.dir/rosidl_generator_c/hammerhead_interfaces/msg/detail/setpoint__type_support.c.o[0m
[3.590s] [ 23%] [32mBuilding C object CMakeFiles/hammerhead_interfaces__rosidl_generator_c.dir/rosidl_generator_c/hammerhead_interfaces/msg/detail/setpoint__functions.c.o[0m
[3.590s] [ 23%] [32mBuilding C object CMakeFiles/hammerhead_interfaces__rosidl_generator_c.dir/rosidl_generator_c/hammerhead_interfaces/msg/detail/thruster_speeds__functions.c.o[0m
[3.596s] [ 24%] [32mBuilding C object CMakeFiles/hammerhead_interfaces__rosidl_generator_c.dir/rosidl_generator_c/hammerhead_interfaces/msg/detail/vector_nav_data__description.c.o[0m
[3.597s] [ 25%] [32mBuilding C object CMakeFiles/hammerhead_interfaces__rosidl_generator_c.dir/rosidl_generator_c/hammerhead_interfaces/msg/detail/vector_nav_data__type_support.c.o[0m
[3.597s] [ 25%] [32mBuilding C object CMakeFiles/hammerhead_interfaces__rosidl_generator_c.dir/rosidl_generator_c/hammerhead_interfaces/msg/detail/thruster_speeds__type_support.c.o[0m
[3.606s] [ 26%] [32mBuilding C object CMakeFiles/hammerhead_interfaces__rosidl_generator_c.dir/rosidl_generator_c/hammerhead_interfaces/msg/detail/vector_nav_data__functions.c.o[0m
[3.691s] [ 27%] [32m[1mLinking C shared library libhammerhead_interfaces__rosidl_generator_c.so[0m
[3.751s] [ 27%] Built target hammerhead_interfaces__rosidl_generator_c
[3.762s] [ 29%] [34m[1mGenerating C++ type support for eProsima Fast-RTPS[0m
[3.763s] [ 29%] [34m[1mGenerating C type support for eProsima Fast-RTPS[0m
[3.763s] [ 30%] [34m[1mGenerating C type support dispatch for ROS interfaces[0m
[3.763s] [ 31%] [34m[1mGenerating C++ type support dispatch for ROS interfaces[0m
[3.763s] [ 31%] [34m[1mGenerating C++ introspection for ROS interfaces[0m
[3.763s] [ 29%] [34m[1mGenerating C introspection for ROS interfaces[0m
[4.223s] [ 32%] [32mBuilding CXX object CMakeFiles/hammerhead_interfaces__rosidl_typesupport_c.dir/rosidl_typesupport_c/hammerhead_interfaces/msg/depth__type_support.cpp.o[0m
[4.225s] [ 32%] [32mBuilding CXX object CMakeFiles/hammerhead_interfaces__rosidl_typesupport_c.dir/rosidl_typesupport_c/hammerhead_interfaces/msg/battery_status__type_support.cpp.o[0m
[4.227s] [ 33%] [32mBuilding CXX object CMakeFiles/hammerhead_interfaces__rosidl_typesupport_c.dir/rosidl_typesupport_c/hammerhead_interfaces/msg/ins_vel__type_support.cpp.o[0m
[4.227s] [ 34%] [32mBuilding CXX object CMakeFiles/hammerhead_interfaces__rosidl_typesupport_c.dir/rosidl_typesupport_c/hammerhead_interfaces/msg/combined__type_support.cpp.o[0m
[4.232s] [ 34%] [32mBuilding CXX object CMakeFiles/hammerhead_interfaces__rosidl_typesupport_c.dir/rosidl_typesupport_c/hammerhead_interfaces/msg/move_cmd__type_support.cpp.o[0m
[4.241s] [ 35%] [32mBuilding CXX object CMakeFiles/hammerhead_interfaces__rosidl_typesupport_c.dir/rosidl_typesupport_c/hammerhead_interfaces/msg/move_cmds__type_support.cpp.o[0m
[4.242s] [ 36%] [32mBuilding CXX object CMakeFiles/hammerhead_interfaces__rosidl_typesupport_c.dir/rosidl_typesupport_c/hammerhead_interfaces/msg/pid__type_support.cpp.o[0m
[4.245s] [ 37%] [32mBuilding CXX object CMakeFiles/hammerhead_interfaces__rosidl_typesupport_c.dir/rosidl_typesupport_c/hammerhead_interfaces/msg/vector_nav_data__type_support.cpp.o[0m
[4.245s] [ 38%] [32mBuilding CXX object CMakeFiles/hammerhead_interfaces__rosidl_typesupport_c.dir/rosidl_typesupport_c/hammerhead_interfaces/msg/thruster_speeds__type_support.cpp.o[0m
[4.247s] [ 39%] [32mBuilding CXX object CMakeFiles/hammerhead_interfaces__rosidl_typesupport_c.dir/rosidl_typesupport_c/hammerhead_interfaces/msg/position__type_support.cpp.o[0m
[4.251s] [ 39%] [32mBuilding CXX object CMakeFiles/hammerhead_interfaces__rosidl_typesupport_c.dir/rosidl_typesupport_c/hammerhead_interfaces/msg/setpoint__type_support.cpp.o[0m
[4.282s] [ 40%] [32mBuilding CXX object CMakeFiles/hammerhead_interfaces__rosidl_typesupport_introspection_cpp.dir/rosidl_typesupport_introspection_cpp/hammerhead_interfaces/msg/detail/battery_status__type_support.cpp.o[0m
[4.319s] [ 41%] [32mBuilding CXX object CMakeFiles/hammerhead_interfaces__rosidl_typesupport_introspection_cpp.dir/rosidl_typesupport_introspection_cpp/hammerhead_interfaces/msg/detail/combined__type_support.cpp.o[0m
[4.328s] [ 41%] [32mBuilding CXX object CMakeFiles/hammerhead_interfaces__rosidl_typesupport_introspection_cpp.dir/rosidl_typesupport_introspection_cpp/hammerhead_interfaces/msg/detail/depth__type_support.cpp.o[0m
[4.336s] [ 42%] [32mBuilding CXX object CMakeFiles/hammerhead_interfaces__rosidl_typesupport_introspection_cpp.dir/rosidl_typesupport_introspection_cpp/hammerhead_interfaces/msg/detail/ins_vel__type_support.cpp.o[0m
[4.344s] [ 43%] [32mBuilding CXX object CMakeFiles/hammerhead_interfaces__rosidl_typesupport_introspection_cpp.dir/rosidl_typesupport_introspection_cpp/hammerhead_interfaces/msg/detail/move_cmd__type_support.cpp.o[0m
[4.344s] [ 44%] [32m[1mLinking CXX shared library libhammerhead_interfaces__rosidl_typesupport_c.so[0m
[4.349s] [ 45%] [32mBuilding CXX object CMakeFiles/hammerhead_interfaces__rosidl_typesupport_introspection_cpp.dir/rosidl_typesupport_introspection_cpp/hammerhead_interfaces/msg/detail/move_cmds__type_support.cpp.o[0m
[4.352s] [ 47%] [32mBuilding CXX object CMakeFiles/hammerhead_interfaces__rosidl_typesupport_introspection_cpp.dir/rosidl_typesupport_introspection_cpp/hammerhead_interfaces/msg/detail/position__type_support.cpp.o[0m
[4.352s] [ 47%] [32mBuilding CXX object CMakeFiles/hammerhead_interfaces__rosidl_typesupport_introspection_cpp.dir/rosidl_typesupport_introspection_cpp/hammerhead_interfaces/msg/detail/setpoint__type_support.cpp.o[0m
[4.358s] [ 47%] [32mBuilding CXX object CMakeFiles/hammerhead_interfaces__rosidl_typesupport_introspection_cpp.dir/rosidl_typesupport_introspection_cpp/hammerhead_interfaces/msg/detail/pid__type_support.cpp.o[0m
[4.362s] [ 48%] [32mBuilding CXX object CMakeFiles/hammerhead_interfaces__rosidl_typesupport_introspection_cpp.dir/rosidl_typesupport_introspection_cpp/hammerhead_interfaces/msg/detail/thruster_speeds__type_support.cpp.o[0m
[4.373s] [ 48%] [32mBuilding CXX object CMakeFiles/hammerhead_interfaces__rosidl_typesupport_introspection_cpp.dir/rosidl_typesupport_introspection_cpp/hammerhead_interfaces/msg/detail/vector_nav_data__type_support.cpp.o[0m
[4.403s] [ 49%] [32mBuilding CXX object CMakeFiles/hammerhead_interfaces__rosidl_typesupport_cpp.dir/rosidl_typesupport_cpp/hammerhead_interfaces/msg/battery_status__type_support.cpp.o[0m
[4.480s] [ 49%] Built target hammerhead_interfaces__rosidl_typesupport_c
[4.547s] [ 50%] [32mBuilding CXX object CMakeFiles/hammerhead_interfaces__rosidl_typesupport_cpp.dir/rosidl_typesupport_cpp/hammerhead_interfaces/msg/combined__type_support.cpp.o[0m
[4.856s] [ 51%] [32mBuilding CXX object CMakeFiles/hammerhead_interfaces__rosidl_typesupport_cpp.dir/rosidl_typesupport_cpp/hammerhead_interfaces/msg/depth__type_support.cpp.o[0m
[4.871s] [ 51%] [32mBuilding CXX object CMakeFiles/hammerhead_interfaces__rosidl_typesupport_fastrtps_cpp.dir/rosidl_typesupport_fastrtps_cpp/hammerhead_interfaces/msg/detail/dds_fastrtps/battery_status__type_support.cpp.o[0m
[4.883s] [ 52%] [32mBuilding C object CMakeFiles/hammerhead_interfaces__rosidl_typesupport_introspection_c.dir/rosidl_typesupport_introspection_c/hammerhead_interfaces/msg/detail/battery_status__type_support.c.o[0m
[4.939s] [ 53%] [32mBuilding CXX object CMakeFiles/hammerhead_interfaces__rosidl_typesupport_fastrtps_cpp.dir/rosidl_typesupport_fastrtps_cpp/hammerhead_interfaces/msg/detail/dds_fastrtps/combined__type_support.cpp.o[0m
[5.045s] [ 54%] [32mBuilding CXX object CMakeFiles/hammerhead_interfaces__rosidl_typesupport_fastrtps_cpp.dir/rosidl_typesupport_fastrtps_cpp/hammerhead_interfaces/msg/detail/dds_fastrtps/depth__type_support.cpp.o[0m
[5.068s] [ 55%] [32mBuilding C object CMakeFiles/hammerhead_interfaces__rosidl_typesupport_introspection_c.dir/rosidl_typesupport_introspection_c/hammerhead_interfaces/msg/detail/depth__type_support.c.o[0m
[5.069s] [ 56%] [32mBuilding C object CMakeFiles/hammerhead_interfaces__rosidl_typesupport_introspection_c.dir/rosidl_typesupport_introspection_c/hammerhead_interfaces/msg/detail/combined__type_support.c.o[0m
[5.109s] [ 56%] [32mBuilding CXX object CMakeFiles/hammerhead_interfaces__rosidl_typesupport_cpp.dir/rosidl_typesupport_cpp/hammerhead_interfaces/msg/ins_vel__type_support.cpp.o[0m
[5.138s] [ 57%] [32mBuilding CXX object CMakeFiles/hammerhead_interfaces__rosidl_typesupport_fastrtps_cpp.dir/rosidl_typesupport_fastrtps_cpp/hammerhead_interfaces/msg/detail/dds_fastrtps/ins_vel__type_support.cpp.o[0m
[5.193s] [ 57%] [32mBuilding CXX object CMakeFiles/hammerhead_interfaces__rosidl_typesupport_fastrtps_cpp.dir/rosidl_typesupport_fastrtps_cpp/hammerhead_interfaces/msg/detail/dds_fastrtps/move_cmd__type_support.cpp.o[0m
[5.195s] [ 57%] [32mBuilding C object CMakeFiles/hammerhead_interfaces__rosidl_typesupport_introspection_c.dir/rosidl_typesupport_introspection_c/hammerhead_interfaces/msg/detail/ins_vel__type_support.c.o[0m
[5.207s] [ 59%] [32mBuilding CXX object CMakeFiles/hammerhead_interfaces__rosidl_typesupport_cpp.dir/rosidl_typesupport_cpp/hammerhead_interfaces/msg/move_cmd__type_support.cpp.o[0m
[5.207s] [ 59%] [32mBuilding CXX object CMakeFiles/hammerhead_interfaces__rosidl_typesupport_fastrtps_cpp.dir/rosidl_typesupport_fastrtps_cpp/hammerhead_interfaces/msg/detail/dds_fastrtps/move_cmds__type_support.cpp.o[0m
[5.241s] [ 60%] [32mBuilding C object CMakeFiles/hammerhead_interfaces__rosidl_typesupport_introspection_c.dir/rosidl_typesupport_introspection_c/hammerhead_interfaces/msg/detail/move_cmd__type_support.c.o[0m
[5.297s] [ 61%] [32mBuilding CXX object CMakeFiles/hammerhead_interfaces__rosidl_typesupport_fastrtps_cpp.dir/rosidl_typesupport_fastrtps_cpp/hammerhead_interfaces/msg/detail/dds_fastrtps/pid__type_support.cpp.o[0m
[5.297s] [ 62%] [32mBuilding CXX object CMakeFiles/hammerhead_interfaces__rosidl_typesupport_cpp.dir/rosidl_typesupport_cpp/hammerhead_interfaces/msg/move_cmds__type_support.cpp.o[0m
[5.309s] [ 63%] [32mBuilding CXX object CMakeFiles/hammerhead_interfaces__rosidl_typesupport_fastrtps_c.dir/rosidl_typesupport_fastrtps_c/hammerhead_interfaces/msg/detail/battery_status__type_support_c.cpp.o[0m
[5.314s] [ 64%] [32mBuilding C object CMakeFiles/hammerhead_interfaces__rosidl_typesupport_introspection_c.dir/rosidl_typesupport_introspection_c/hammerhead_interfaces/msg/detail/move_cmds__type_support.c.o[0m
[5.330s] [ 64%] [32mBuilding CXX object CMakeFiles/hammerhead_interfaces__rosidl_typesupport_fastrtps_c.dir/rosidl_typesupport_fastrtps_c/hammerhead_interfaces/msg/detail/combined__type_support_c.cpp.o[0m
[5.351s] [ 65%] [32mBuilding C object CMakeFiles/hammerhead_interfaces__rosidl_typesupport_introspection_c.dir/rosidl_typesupport_introspection_c/hammerhead_interfaces/msg/detail/pid__type_support.c.o[0m
[5.416s] [ 66%] [32mBuilding CXX object CMakeFiles/hammerhead_interfaces__rosidl_typesupport_fastrtps_cpp.dir/rosidl_typesupport_fastrtps_cpp/hammerhead_interfaces/msg/detail/dds_fastrtps/position__type_support.cpp.o[0m
[5.429s] [ 67%] [32m[1mLinking CXX shared library libhammerhead_interfaces__rosidl_typesupport_introspection_cpp.so[0m
[5.429s] [ 67%] [32mBuilding CXX object CMakeFiles/hammerhead_interfaces__rosidl_typesupport_cpp.dir/rosidl_typesupport_cpp/hammerhead_interfaces/msg/pid__type_support.cpp.o[0m
[5.573s] [ 67%] [32mBuilding C object CMakeFiles/hammerhead_interfaces__rosidl_typesupport_introspection_c.dir/rosidl_typesupport_introspection_c/hammerhead_interfaces/msg/detail/position__type_support.c.o[0m
[5.670s] [ 67%] Built target hammerhead_interfaces__rosidl_typesupport_introspection_cpp
[5.711s] [ 67%] [32mBuilding CXX object CMakeFiles/hammerhead_interfaces__rosidl_typesupport_fastrtps_cpp.dir/rosidl_typesupport_fastrtps_cpp/hammerhead_interfaces/msg/detail/dds_fastrtps/setpoint__type_support.cpp.o[0m
[5.714s] [ 68%] [32mBuilding C object CMakeFiles/hammerhead_interfaces__rosidl_typesupport_introspection_c.dir/rosidl_typesupport_introspection_c/hammerhead_interfaces/msg/detail/setpoint__type_support.c.o[0m
[5.875s] [ 69%] [32mBuilding C object CMakeFiles/hammerhead_interfaces__rosidl_typesupport_introspection_c.dir/rosidl_typesupport_introspection_c/hammerhead_interfaces/msg/detail/thruster_speeds__type_support.c.o[0m
[5.923s] [ 70%] [32mBuilding CXX object CMakeFiles/hammerhead_interfaces__rosidl_typesupport_fastrtps_c.dir/rosidl_typesupport_fastrtps_c/hammerhead_interfaces/msg/detail/depth__type_support_c.cpp.o[0m
[5.937s] [ 71%] [32mBuilding CXX object CMakeFiles/hammerhead_interfaces__rosidl_typesupport_cpp.dir/rosidl_typesupport_cpp/hammerhead_interfaces/msg/position__type_support.cpp.o[0m
[5.980s] [ 72%] [32mBuilding CXX object CMakeFiles/hammerhead_interfaces__rosidl_typesupport_cpp.dir/rosidl_typesupport_cpp/hammerhead_interfaces/msg/setpoint__type_support.cpp.o[0m
[5.987s] [ 73%] [32mBuilding CXX object CMakeFiles/hammerhead_interfaces__rosidl_typesupport_fastrtps_cpp.dir/rosidl_typesupport_fastrtps_cpp/hammerhead_interfaces/msg/detail/dds_fastrtps/thruster_speeds__type_support.cpp.o[0m
[6.046s] [ 74%] [32mBuilding C object CMakeFiles/hammerhead_interfaces__rosidl_typesupport_introspection_c.dir/rosidl_typesupport_introspection_c/hammerhead_interfaces/msg/detail/vector_nav_data__type_support.c.o[0m
[6.217s] [ 74%] [32m[1mLinking C shared library libhammerhead_interfaces__rosidl_typesupport_introspection_c.so[0m
[6.322s] [ 75%] [32mBuilding CXX object CMakeFiles/hammerhead_interfaces__rosidl_typesupport_cpp.dir/rosidl_typesupport_cpp/hammerhead_interfaces/msg/thruster_speeds__type_support.cpp.o[0m
[6.340s] [ 75%] Built target hammerhead_interfaces__rosidl_typesupport_introspection_c
[6.366s] [ 75%] [32mBuilding CXX object CMakeFiles/hammerhead_interfaces__rosidl_typesupport_cpp.dir/rosidl_typesupport_cpp/hammerhead_interfaces/msg/vector_nav_data__type_support.cpp.o[0m
[6.366s] [ 76%] [32mBuilding CXX object CMakeFiles/hammerhead_interfaces__rosidl_typesupport_fastrtps_c.dir/rosidl_typesupport_fastrtps_c/hammerhead_interfaces/msg/detail/ins_vel__type_support_c.cpp.o[0m
[6.387s] [ 77%] [32mBuilding CXX object CMakeFiles/hammerhead_interfaces__rosidl_typesupport_fastrtps_cpp.dir/rosidl_typesupport_fastrtps_cpp/hammerhead_interfaces/msg/detail/dds_fastrtps/vector_nav_data__type_support.cpp.o[0m
[6.446s] [ 78%] [32mBuilding CXX object CMakeFiles/hammerhead_interfaces__rosidl_typesupport_fastrtps_c.dir/rosidl_typesupport_fastrtps_c/hammerhead_interfaces/msg/detail/move_cmd__type_support_c.cpp.o[0m
[6.457s] [ 78%] [32mBuilding CXX object CMakeFiles/hammerhead_interfaces__rosidl_typesupport_fastrtps_c.dir/rosidl_typesupport_fastrtps_c/hammerhead_interfaces/msg/detail/move_cmds__type_support_c.cpp.o[0m
[6.533s] [ 79%] [32mBuilding CXX object CMakeFiles/hammerhead_interfaces__rosidl_typesupport_fastrtps_c.dir/rosidl_typesupport_fastrtps_c/hammerhead_interfaces/msg/detail/pid__type_support_c.cpp.o[0m
[6.589s] [ 80%] [32mBuilding CXX object CMakeFiles/hammerhead_interfaces__rosidl_typesupport_fastrtps_c.dir/rosidl_typesupport_fastrtps_c/hammerhead_interfaces/msg/detail/position__type_support_c.cpp.o[0m
[6.814s] [ 81%] [32mBuilding CXX object CMakeFiles/hammerhead_interfaces__rosidl_typesupport_fastrtps_c.dir/rosidl_typesupport_fastrtps_c/hammerhead_interfaces/msg/detail/setpoint__type_support_c.cpp.o[0m
[6.893s] [ 81%] [32mBuilding CXX object CMakeFiles/hammerhead_interfaces__rosidl_typesupport_fastrtps_c.dir/rosidl_typesupport_fastrtps_c/hammerhead_interfaces/msg/detail/thruster_speeds__type_support_c.cpp.o[0m
[6.957s] [ 82%] [32mBuilding CXX object CMakeFiles/hammerhead_interfaces__rosidl_typesupport_fastrtps_c.dir/rosidl_typesupport_fastrtps_c/hammerhead_interfaces/msg/detail/vector_nav_data__type_support_c.cpp.o[0m
[7.243s] [ 83%] [32m[1mLinking CXX shared library libhammerhead_interfaces__rosidl_typesupport_fastrtps_cpp.so[0m
[7.415s] [ 84%] [32m[1mLinking CXX shared library libhammerhead_interfaces__rosidl_typesupport_cpp.so[0m
[7.446s] [ 84%] Built target hammerhead_interfaces__rosidl_typesupport_fastrtps_cpp
[7.491s] [ 84%] Built target hammerhead_interfaces__rosidl_typesupport_cpp
[7.795s] [ 85%] [32m[1mLinking CXX shared library libhammerhead_interfaces__rosidl_typesupport_fastrtps_c.so[0m
[7.850s] [ 85%] Built target hammerhead_interfaces__rosidl_typesupport_fastrtps_c
[7.870s] [ 85%] Built target hammerhead_interfaces
[7.891s] [ 86%] [34m[1mGenerating Python code for ROS interfaces[0m
[8.560s] [ 86%] Built target hammerhead_interfaces__py
[8.579s] [ 90%] [32mBuilding C object CMakeFiles/hammerhead_interfaces__rosidl_generator_py.dir/rosidl_generator_py/hammerhead_interfaces/msg/_battery_status_s.c.o[0m
[8.579s] [ 90%] [32mBuilding C object CMakeFiles/hammerhead_interfaces__rosidl_generator_py.dir/rosidl_generator_py/hammerhead_interfaces/msg/_setpoint_s.c.o[0m
[8.579s] [ 90%] [32mBuilding C object CMakeFiles/hammerhead_interfaces__rosidl_generator_py.dir/rosidl_generator_py/hammerhead_interfaces/msg/_combined_s.c.o[0m
[8.579s] [ 90%] [32mBuilding C object CMakeFiles/hammerhead_interfaces__rosidl_generator_py.dir/rosidl_generator_py/hammerhead_interfaces/msg/_position_s.c.o[0m
[8.579s] [ 91%] [32mBuilding C object CMakeFiles/hammerhead_interfaces__rosidl_generator_py.dir/rosidl_generator_py/hammerhead_interfaces/msg/_move_cmds_s.c.o[0m
[8.579s] [ 92%] [32mBuilding C object CMakeFiles/hammerhead_interfaces__rosidl_generator_py.dir/rosidl_generator_py/hammerhead_interfaces/msg/_thruster_speeds_s.c.o[0m
[8.579s] [ 92%] [32mBuilding C object CMakeFiles/hammerhead_interfaces__rosidl_generator_py.dir/rosidl_generator_py/hammerhead_interfaces/msg/_vector_nav_data_s.c.o[0m
[8.580s] [ 93%] [32mBuilding C object CMakeFiles/hammerhead_interfaces__rosidl_generator_py.dir/rosidl_generator_py/hammerhead_interfaces/msg/_depth_s.c.o[0m
[8.580s] [ 93%] [32mBuilding C object CMakeFiles/hammerhead_interfaces__rosidl_generator_py.dir/rosidl_generator_py/hammerhead_interfaces/msg/_move_cmd_s.c.o[0m
[8.580s] [ 94%] [32mBuilding C object CMakeFiles/hammerhead_interfaces__rosidl_generator_py.dir/rosidl_generator_py/hammerhead_interfaces/msg/_ins_vel_s.c.o[0m
[8.580s] [ 94%] [32mBuilding C object CMakeFiles/hammerhead_interfaces__rosidl_generator_py.dir/rosidl_generator_py/hammerhead_interfaces/msg/_pid_s.c.o[0m
[8.758s] [ 95%] [32m[1mLinking C shared library libhammerhead_interfaces__rosidl_generator_py.so[0m
[8.798s] [ 95%] Built target hammerhead_interfaces__rosidl_generator_py
[8.814s] [ 95%] [32mBuilding C object CMakeFiles/hammerhead_interfaces_s__rosidl_typesupport_fastrtps_c.dir/rosidl_generator_py/hammerhead_interfaces/_hammerhead_interfaces_s.ep.rosidl_typesupport_fastrtps_c.c.o[0m
[8.814s] [ 96%] [32mBuilding C object CMakeFiles/hammerhead_interfaces_s__rosidl_typesupport_introspection_c.dir/rosidl_generator_py/hammerhead_interfaces/_hammerhead_interfaces_s.ep.rosidl_typesupport_introspection_c.c.o[0m
[8.818s] [ 97%] [32mBuilding C object CMakeFiles/hammerhead_interfaces_s__rosidl_typesupport_c.dir/rosidl_generator_py/hammerhead_interfaces/_hammerhead_interfaces_s.ep.rosidl_typesupport_c.c.o[0m
[8.946s] [ 98%] [32m[1mLinking C shared module rosidl_generator_py/hammerhead_interfaces/hammerhead_interfaces_s__rosidl_typesupport_fastrtps_c.so[0m
[8.974s] [ 99%] [32m[1mLinking C shared module rosidl_generator_py/hammerhead_interfaces/hammerhead_interfaces_s__rosidl_typesupport_introspection_c.so[0m
[8.982s] [100%] [32m[1mLinking C shared module rosidl_generator_py/hammerhead_interfaces/hammerhead_interfaces_s__rosidl_typesupport_c.so[0m
[8.998s] [100%] Built target hammerhead_interfaces_s__rosidl_typesupport_fastrtps_c
[9.005s] [100%] Built target hammerhead_interfaces_s__rosidl_typesupport_introspection_c
[9.011s] [100%] Built target hammerhead_interfaces_s__rosidl_typesupport_c
[9.021s] Invoked command in '/home/swayanshree/projects/Makara-AUV-ROS2/src/build/hammerhead_interfaces' returned '0': CMAKE_PREFIX_PATH=${CMAKE_PREFIX_PATH}:/home/swayanshree/projects/Makara-AUV-ROS2/install/makara_vision:/home/swayanshree/projects/Makara-AUV-ROS2/install/makara_serial:/home/swayanshree/projects/Makara-AUV-ROS2/install/makara_bringup:/home/swayanshree/projects/Makara-AUV-ROS2/install/hammerhead_serial:/home/swayanshree/projects/Makara-AUV-ROS2/install/data_sync:/opt/ros/jazzy DEBUGINFOD_URLS=https://debuginfod.ubuntu.com /usr/bin/cmake --build /home/swayanshree/projects/Makara-AUV-ROS2/src/build/hammerhead_interfaces -- -j16 -l16
[9.021s] Invoking command in '/home/swayanshree/projects/Makara-AUV-ROS2/src/build/hammerhead_interfaces': CMAKE_PREFIX_PATH=${CMAKE_PREFIX_PATH}:/home/swayanshree/projects/Makara-AUV-ROS2/install/makara_vision:/home/swayanshree/projects/Makara-AUV-ROS2/install/makara_serial:/home/swayanshree/projects/Makara-AUV-ROS2/install/makara_bringup:/home/swayanshree/projects/Makara-AUV-ROS2/install/hammerhead_serial:/home/swayanshree/projects/Makara-AUV-ROS2/install/data_sync:/opt/ros/jazzy DEBUGINFOD_URLS=https://debuginfod.ubuntu.com /usr/bin/cmake --install /home/swayanshree/projects/Makara-AUV-ROS2/src/build/hammerhead_interfaces
[9.027s] -- Install configuration: ""
[9.027s] -- Installing: /home/swayanshree/projects/Makara-AUV-ROS2/src/install/hammerhead_interfaces/share/ament_index/resource_index/rosidl_interfaces/hammerhead_interfaces
[9.027s] -- Installing: /home/swayanshree/projects/Makara-AUV-ROS2/src/install/hammerhead_interfaces/share/hammerhead_interfaces/msg/BatteryStatus.json
[9.027s] -- Installing: /home/swayanshree/projects/Makara-AUV-ROS2/src/install/hammerhead_interfaces/share/hammerhead_interfaces/msg/Combined.json
[9.028s] -- Installing: /home/swayanshree/projects/Makara-AUV-ROS2/src/install/hammerhead_interfaces/share/hammerhead_interfaces/msg/Depth.json
[9.028s] -- Installing: /home/swayanshree/projects/Makara-AUV-ROS2/src/install/hammerhead_interfaces/share/hammerhead_interfaces/msg/InsVel.json
[9.028s] -- Installing: /home/swayanshree/projects/Makara-AUV-ROS2/src/install/hammerhead_interfaces/share/hammerhead_interfaces/msg/MoveCmd.json
[9.028s] -- Installing: /home/swayanshree/projects/Makara-AUV-ROS2/src/install/hammerhead_interfaces/share/hammerhead_interfaces/msg/MoveCmds.json
[9.028s] -- Installing: /home/swayanshree/projects/Makara-AUV-ROS2/src/install/hammerhead_interfaces/share/hammerhead_interfaces/msg/PID.json
[9.028s] -- Installing: /home/swayanshree/projects/Makara-AUV-ROS2/src/install/hammerhead_interfaces/share/hammerhead_interfaces/msg/Position.json
[9.028s] -- Installing: /home/swayanshree/projects/Makara-AUV-ROS2/src/install/hammerhead_interfaces/share/hammerhead_interfaces/msg/Setpoint.json
[9.028s] -- Installing: /home/swayanshree/projects/Makara-AUV-ROS2/src/install/hammerhead_interfaces/share/hammerhead_interfaces/msg/ThrusterSpeeds.json
[9.028s] -- Installing: /home/swayanshree/projects/Makara-AUV-ROS2/src/install/hammerhead_interfaces/share/hammerhead_interfaces/msg/VectorNavData.json
[9.028s] -- Installing: /home/swayanshree/projects/Makara-AUV-ROS2/src/install/hammerhead_interfaces/include/hammerhead_interfaces/hammerhead_interfaces
[9.028s] -- Installing: /home/swayanshree/projects/Makara-AUV-ROS2/src/install/hammerhead_interfaces/include/hammerhead_interfaces/hammerhead_interfaces/msg
[9.028s] -- Installing: /home/swayanshree/projects/Makara-AUV-ROS2/src/install/hammerhead_interfaces/include/hammerhead_interfaces/hammerhead_interfaces/msg/position.h
[9.028s] -- Installing: /home/swayanshree/projects/Makara-AUV-ROS2/src/install/hammerhead_interfaces/include/hammerhead_interfaces/hammerhead_interfaces/msg/rosidl_generator_c__visibility_control.h
[9.028s] -- Installing: /home/swayanshree/projects/Makara-AUV-ROS2/src/install/hammerhead_interfaces/include/hammerhead_interfaces/hammerhead_interfaces/msg/ins_vel.h
[9.028s] -- Installing: /home/swayanshree/projects/Makara-AUV-ROS2/src/install/hammerhead_interfaces/include/hammerhead_interfaces/hammerhead_interfaces/msg/thruster_speeds.h
[9.028s] -- Installing: /home/swayanshree/projects/Makara-AUV-ROS2/src/install/hammerhead_interfaces/include/hammerhead_interfaces/hammerhead_interfaces/msg/move_cmds.h
[9.028s] -- Installing: /home/swayanshree/projects/Makara-AUV-ROS2/src/install/hammerhead_interfaces/include/hammerhead_interfaces/hammerhead_interfaces/msg/detail
[9.029s] -- Installing: /home/swayanshree/projects/Makara-AUV-ROS2/src/install/hammerhead_interfaces/include/hammerhead_interfaces/hammerhead_interfaces/msg/detail/ins_vel__functions.h
[9.029s] -- Installing: /home/swayanshree/projects/Makara-AUV-ROS2/src/install/hammerhead_interfaces/include/hammerhead_interfaces/hammerhead_interfaces/msg/detail/thruster_speeds__type_support.c
[9.029s] -- Installing: /home/swayanshree/projects/Makara-AUV-ROS2/src/install/hammerhead_interfaces/include/hammerhead_interfaces/hammerhead_interfaces/msg/detail/vector_nav_data__type_support.h
[9.029s] -- Installing: /home/swayanshree/projects/Makara-AUV-ROS2/src/install/hammerhead_interfaces/include/hammerhead_interfaces/hammerhead_interfaces/msg/detail/ins_vel__description.c
[9.029s] -- Installing: /home/swayanshree/projects/Makara-AUV-ROS2/src/install/hammerhead_interfaces/include/hammerhead_interfaces/hammerhead_interfaces/msg/detail/move_cmd__type_support.h
[9.029s] -- Installing: /home/swayanshree/projects/Makara-AUV-ROS2/src/install/hammerhead_interfaces/include/hammerhead_interfaces/hammerhead_interfaces/msg/detail/setpoint__type_support.c
[9.029s] -- Installing: /home/swayanshree/projects/Makara-AUV-ROS2/src/install/hammerhead_interfaces/include/hammerhead_interfaces/hammerhead_interfaces/msg/detail/pid__description.c
[9.029s] -- Installing: /home/swayanshree/projects/Makara-AUV-ROS2/src/install/hammerhead_interfaces/include/hammerhead_interfaces/hammerhead_interfaces/msg/detail/vector_nav_data__type_support.c
[9.029s] -- Installing: /home/swayanshree/projects/Makara-AUV-ROS2/src/install/hammerhead_interfaces/include/hammerhead_interfaces/hammerhead_interfaces/msg/detail/battery_status__type_support.h
[9.029s] -- Installing: /home/swayanshree/projects/Makara-AUV-ROS2/src/install/hammerhead_interfaces/include/hammerhead_interfaces/hammerhead_interfaces/msg/detail/position__functions.h
[9.029s] -- Installing: /home/swayanshree/projects/Makara-AUV-ROS2/src/install/hammerhead_interfaces/include/hammerhead_interfaces/hammerhead_interfaces/msg/detail/combined__struct.h
[9.029s] -- Installing: /home/swayanshree/projects/Makara-AUV-ROS2/src/install/hammerhead_interfaces/include/hammerhead_interfaces/hammerhead_interfaces/msg/detail/thruster_speeds__struct.h
[9.029s] -- Installing: /home/swayanshree/projects/Makara-AUV-ROS2/src/install/hammerhead_interfaces/include/hammerhead_interfaces/hammerhead_interfaces/msg/detail/vector_nav_data__functions.h
[9.029s] -- Installing: /home/swayanshree/projects/Makara-AUV-ROS2/src/install/hammerhead_interfaces/include/hammerhead_interfaces/hammerhead_interfaces/msg/detail/move_cmds__type_support.c
[9.029s] -- Installing: /home/swayanshree/projects/Makara-AUV-ROS2/src/install/hammerhead_interfaces/include/hammerhead_interfaces/hammerhead_interfaces/msg/detail/thruster_speeds__functions.h
[9.029s] -- Installing: /home/swayanshree/projects/Makara-AUV-ROS2/src/install/hammerhead_interfaces/include/hammerhead_interfaces/hammerhead_interfaces/msg/detail/battery_status__type_support.c
[9.029s] -- Installing: /home/swayanshree/projects/Makara-AUV-ROS2/src/install/hammerhead_interfaces/include/hammerhead_interfaces/hammerhead_interfaces/msg/detail/ins_vel__type_support.c
[9.029s] -- Installing: /home/swayanshree/projects/Makara-AUV-ROS2/src/install/hammerhead_interfaces/include/hammerhead_interfaces/hammerhead_interfaces/msg/detail/pid__struct.h
[9.029s] -- Installing: /home/swayanshree/projects/Makara-AUV-ROS2/src/install/hammerhead_interfaces/include/hammerhead_interfaces/hammerhead_interfaces/msg/detail/vector_nav_data__description.c
[9.029s] -- Installing: /home/swayanshree/projects/Makara-AUV-ROS2/src/install/hammerhead_interfaces/include/hammerhead_interfaces/hammerhead_interfaces/msg/detail/ins_vel__type_support.h
[9.029s] -- Installing: /home/swayanshree/projects/Makara-AUV-ROS2/src/install/hammerhead_interfaces/include/hammerhead_interfaces/hammerhead_interfaces/msg/detail/ins_vel__struct.h
[9.029s] -- Installing: /home/swayanshree/projects/Makara-AUV-ROS2/src/install/hammerhead_interfaces/include/hammerhead_interfaces/hammerhead_interfaces/msg/detail/setpoint__functions.c
[9.029s] -- Installing: /home/swayanshree/projects/Makara-AUV-ROS2/src/install/hammerhead_interfaces/include/hammerhead_interfaces/hammerhead_interfaces/msg/detail/setpoint__type_support.h
[9.029s] -- Installing: /home/swayanshree/projects/Makara-AUV-ROS2/src/install/hammerhead_interfaces/include/hammerhead_interfaces/hammerhead_interfaces/msg/detail/battery_status__functions.h
[9.029s] -- Installing: /home/swayanshree/projects/Makara-AUV-ROS2/src/install/hammerhead_interfaces/include/hammerhead_interfaces/hammerhead_interfaces/msg/detail/position__description.c
[9.029s] -- Installing: /home/swayanshree/projects/Makara-AUV-ROS2/src/install/hammerhead_interfaces/include/hammerhead_interfaces/hammerhead_interfaces/msg/detail/thruster_speeds__type_support.h
[9.029s] -- Installing: /home/swayanshree/projects/Makara-AUV-ROS2/src/install/hammerhead_interfaces/include/hammerhead_interfaces/hammerhead_interfaces/msg/detail/battery_status__description.c
[9.029s] -- Installing: /home/swayanshree/projects/Makara-AUV-ROS2/src/install/hammerhead_interfaces/include/hammerhead_interfaces/hammerhead_interfaces/msg/detail/combined__functions.c
[9.029s] -- Installing: /home/swayanshree/projects/Makara-AUV-ROS2/src/install/hammerhead_interfaces/include/hammerhead_interfaces/hammerhead_interfaces/msg/detail/move_cmd__functions.h
[9.029s] -- Installing: /home/swayanshree/projects/Makara-AUV-ROS2/src/install/hammerhead_interfaces/include/hammerhead_interfaces/hammerhead_interfaces/msg/detail/vector_nav_data__struct.h
[9.030s] -- Installing: /home/swayanshree/projects/Makara-AUV-ROS2/src/install/hammerhead_interfaces/include/hammerhead_interfaces/hammerhead_interfaces/msg/detail/combined__type_support.h
[9.030s] -- Installing: /home/swayanshree/projects/Makara-AUV-ROS2/src/install/hammerhead_interfaces/include/hammerhead_interfaces/hammerhead_interfaces/msg/detail/depth__functions.c
[9.030s] -- Installing: /home/swayanshree/projects/Makara-AUV-ROS2/src/install/hammerhead_interfaces/include/hammerhead_interfaces/hammerhead_interfaces/msg/detail/combined__description.c
[9.030s] -- Installing: /home/swayanshree/projects/Makara-AUV-ROS2/src/install/hammerhead_interfaces/include/hammerhead_interfaces/hammerhead_interfaces/msg/detail/thruster_speeds__functions.c
[9.030s] -- Installing: /home/swayanshree/projects/Makara-AUV-ROS2/src/install/hammerhead_interfaces/include/hammerhead_interfaces/hammerhead_interfaces/msg/detail/move_cmds__description.c
[9.030s] -- Installing: /home/swayanshree/projects/Makara-AUV-ROS2/src/install/hammerhead_interfaces/include/hammerhead_interfaces/hammerhead_interfaces/msg/detail/move_cmd__struct.h
[9.030s] -- Installing: /home/swayanshree/projects/Makara-AUV-ROS2/src/install/hammerhead_interfaces/include/hammerhead_interfaces/hammerhead_interfaces/msg/detail/position__type_support.c
[9.030s] -- Installing: /home/swayanshree/projects/Makara-AUV-ROS2/src/install/hammerhead_interfaces/include/hammerhead_interfaces/hammerhead_interfaces/msg/detail/move_cmds__struct.h
[9.030s] -- Installing: /home/swayanshree/projects/Makara-AUV-ROS2/src/install/hammerhead_interfaces/include/hammerhead_interfaces/hammerhead_interfaces/msg/detail/depth__description.c
[9.030s] -- Installing: /home/swayanshree/projects/Makara-AUV-ROS2/src/install/hammerhead_interfaces/include/hammerhead_interfaces/hammerhead_interfaces/msg/detail/combined__functions.h
[9.030s] -- Installing: /home/swayanshree/projects/Makara-AUV-ROS2/src/install/hammerhead_interfaces/include/hammerhead_interfaces/hammerhead_interfaces/msg/detail/setpoint__functions.h
[9.030s] -- Installing: /home/swayanshree/projects/Makara-AUV-ROS2/src/install/hammerhead_interfaces/include/hammerhead_interfaces/hammerhead_interfaces/msg/detail/vector_nav_data__functions.c
[9.030s] -- Installing: /home/swayanshree/projects/Makara-AUV-ROS2/src/install/hammerhead_interfaces/include/hammerhead_interfaces/hammerhead_interfaces/msg/detail/move_cmd__type_support.c
[9.030s] -- Installing: /home/swayanshree/projects/Makara-AUV-ROS2/src/install/hammerhead_interfaces/include/hammerhead_interfaces/hammerhead_interfaces/msg/detail/move_cmds__type_support.h
[9.030s] -- Installing: /home/swayanshree/projects/Makara-AUV-ROS2/src/install/hammerhead_interfaces/include/hammerhead_interfaces/hammerhead_interfaces/msg/detail/pid__functions.c
[9.030s] -- Installing: /home/swayanshree/projects/Makara-AUV-ROS2/src/install/hammerhead_interfaces/include/hammerhead_interfaces/hammerhead_interfaces/msg/detail/position__struct.h
[9.030s] -- Installing: /home/swayanshree/projects/Makara-AUV-ROS2/src/install/hammerhead_interfaces/include/hammerhead_interfaces/hammerhead_interfaces/msg/detail/battery_status__struct.h
[9.030s] -- Installing: /home/swayanshree/projects/Makara-AUV-ROS2/src/install/hammerhead_interfaces/include/hammerhead_interfaces/hammerhead_interfaces/msg/detail/pid__type_support.h
[9.030s] -- Installing: /home/swayanshree/projects/Makara-AUV-ROS2/src/install/hammerhead_interfaces/include/hammerhead_interfaces/hammerhead_interfaces/msg/detail/position__functions.c
[9.030s] -- Installing: /home/swayanshree/projects/Makara-AUV-ROS2/src/install/hammerhead_interfaces/include/hammerhead_interfaces/hammerhead_interfaces/msg/detail/move_cmds__functions.h
[9.030s] -- Installing: /home/swayanshree/projects/Makara-AUV-ROS2/src/install/hammerhead_interfaces/include/hammerhead_interfaces/hammerhead_interfaces/msg/detail/move_cmds__functions.c
[9.030s] -- Installing: /home/swayanshree/projects/Makara-AUV-ROS2/src/install/hammerhead_interfaces/include/hammerhead_interfaces/hammerhead_interfaces/msg/detail/depth__struct.h
[9.030s] -- Installing: /home/swayanshree/projects/Makara-AUV-ROS2/src/install/hammerhead_interfaces/include/hammerhead_interfaces/hammerhead_interfaces/msg/detail/setpoint__description.c
[9.030s] -- Installing: /home/swayanshree/projects/Makara-AUV-ROS2/src/install/hammerhead_interfaces/include/hammerhead_interfaces/hammerhead_interfaces/msg/detail/depth__type_support.h
[9.030s] -- Installing: /home/swayanshree/projects/Makara-AUV-ROS2/src/install/hammerhead_interfaces/include/hammerhead_interfaces/hammerhead_interfaces/msg/detail/setpoint__struct.h
[9.030s] -- Installing: /home/swayanshree/projects/Makara-AUV-ROS2/src/install/hammerhead_interfaces/include/hammerhead_interfaces/hammerhead_interfaces/msg/detail/battery_status__functions.c
[9.030s] -- Installing: /home/swayanshree/projects/Makara-AUV-ROS2/src/install/hammerhead_interfaces/include/hammerhead_interfaces/hammerhead_interfaces/msg/detail/position__type_support.h
[9.030s] -- Installing: /home/swayanshree/projects/Makara-AUV-ROS2/src/install/hammerhead_interfaces/include/hammerhead_interfaces/hammerhead_interfaces/msg/detail/move_cmd__description.c
[9.030s] -- Installing: /home/swayanshree/projects/Makara-AUV-ROS2/src/install/hammerhead_interfaces/include/hammerhead_interfaces/hammerhead_interfaces/msg/detail/depth__functions.h
[9.031s] -- Installing: /home/swayanshree/projects/Makara-AUV-ROS2/src/install/hammerhead_interfaces/include/hammerhead_interfaces/hammerhead_interfaces/msg/detail/move_cmd__functions.c
[9.031s] -- Installing: /home/swayanshree/projects/Makara-AUV-ROS2/src/install/hammerhead_interfaces/include/hammerhead_interfaces/hammerhead_interfaces/msg/detail/pid__type_support.c
[9.031s] -- Installing: /home/swayanshree/projects/Makara-AUV-ROS2/src/install/hammerhead_interfaces/include/hammerhead_interfaces/hammerhead_interfaces/msg/detail/ins_vel__functions.c
[9.031s] -- Installing: /home/swayanshree/projects/Makara-AUV-ROS2/src/install/hammerhead_interfaces/include/hammerhead_interfaces/hammerhead_interfaces/msg/detail/pid__functions.h
[9.031s] -- Installing: /home/swayanshree/projects/Makara-AUV-ROS2/src/install/hammerhead_interfaces/include/hammerhead_interfaces/hammerhead_interfaces/msg/detail/thruster_speeds__description.c
[9.031s] -- Installing: /home/swayanshree/projects/Makara-AUV-ROS2/src/install/hammerhead_interfaces/include/hammerhead_interfaces/hammerhead_interfaces/msg/detail/depth__type_support.c
[9.031s] -- Installing: /home/swayanshree/projects/Makara-AUV-ROS2/src/install/hammerhead_interfaces/include/hammerhead_interfaces/hammerhead_interfaces/msg/detail/combined__type_support.c
[9.031s] -- Installing: /home/swayanshree/projects/Makara-AUV-ROS2/src/install/hammerhead_interfaces/include/hammerhead_interfaces/hammerhead_interfaces/msg/vector_nav_data.h
[9.031s] -- Installing: /home/swayanshree/projects/Makara-AUV-ROS2/src/install/hammerhead_interfaces/include/hammerhead_interfaces/hammerhead_interfaces/msg/move_cmd.h
[9.031s] -- Installing: /home/swayanshree/projects/Makara-AUV-ROS2/src/install/hammerhead_interfaces/include/hammerhead_interfaces/hammerhead_interfaces/msg/battery_status.h
[9.031s] -- Installing: /home/swayanshree/projects/Makara-AUV-ROS2/src/install/hammerhead_interfaces/include/hammerhead_interfaces/hammerhead_interfaces/msg/setpoint.h
[9.031s] -- Installing: /home/swayanshree/projects/Makara-AUV-ROS2/src/install/hammerhead_interfaces/include/hammerhead_interfaces/hammerhead_interfaces/msg/combined.h
[9.031s] -- Installing: /home/swayanshree/projects/Makara-AUV-ROS2/src/install/hammerhead_interfaces/include/hammerhead_interfaces/hammerhead_interfaces/msg/pid.h
[9.031s] -- Installing: /home/swayanshree/projects/Makara-AUV-ROS2/src/install/hammerhead_interfaces/include/hammerhead_interfaces/hammerhead_interfaces/msg/depth.h
[9.031s] -- Installing: /home/swayanshree/projects/Makara-AUV-ROS2/src/install/hammerhead_interfaces/share/hammerhead_interfaces/environment/library_path.sh
[9.031s] -- Installing: /home/swayanshree/projects/Makara-AUV-ROS2/src/install/hammerhead_interfaces/share/hammerhead_interfaces/environment/library_path.dsv
[9.031s] -- Installing: /home/swayanshree/projects/Makara-AUV-ROS2/src/install/hammerhead_interfaces/lib/libhammerhead_interfaces__rosidl_generator_c.so
[9.031s] -- Set non-toolchain portion of runtime path of "/home/swayanshree/projects/Makara-AUV-ROS2/src/install/hammerhead_interfaces/lib/libhammerhead_interfaces__rosidl_generator_c.so" to ""
[9.031s] -- Up-to-date: /home/swayanshree/projects/Makara-AUV-ROS2/src/install/hammerhead_interfaces/include/hammerhead_interfaces/hammerhead_interfaces
[9.031s] -- Up-to-date: /home/swayanshree/projects/Makara-AUV-ROS2/src/install/hammerhead_interfaces/include/hammerhead_interfaces/hammerhead_interfaces/msg
[9.031s] -- Installing: /home/swayanshree/projects/Makara-AUV-ROS2/src/install/hammerhead_interfaces/include/hammerhead_interfaces/hammerhead_interfaces/msg/rosidl_typesupport_fastrtps_c__visibility_control.h
[9.031s] -- Up-to-date: /home/swayanshree/projects/Makara-AUV-ROS2/src/install/hammerhead_interfaces/include/hammerhead_interfaces/hammerhead_interfaces/msg/detail
[9.031s] -- Installing: /home/swayanshree/projects/Makara-AUV-ROS2/src/install/hammerhead_interfaces/include/hammerhead_interfaces/hammerhead_interfaces/msg/detail/thruster_speeds__rosidl_typesupport_fastrtps_c.h
[9.031s] -- Installing: /home/swayanshree/projects/Makara-AUV-ROS2/src/install/hammerhead_interfaces/include/hammerhead_interfaces/hammerhead_interfaces/msg/detail/combined__rosidl_typesupport_fastrtps_c.h
[9.032s] -- Installing: /home/swayanshree/projects/Makara-AUV-ROS2/src/install/hammerhead_interfaces/include/hammerhead_interfaces/hammerhead_interfaces/msg/detail/setpoint__rosidl_typesupport_fastrtps_c.h
[9.032s] -- Installing: /home/swayanshree/projects/Makara-AUV-ROS2/src/install/hammerhead_interfaces/include/hammerhead_interfaces/hammerhead_interfaces/msg/detail/move_cmds__rosidl_typesupport_fastrtps_c.h
[9.032s] -- Installing: /home/swayanshree/projects/Makara-AUV-ROS2/src/install/hammerhead_interfaces/include/hammerhead_interfaces/hammerhead_interfaces/msg/detail/ins_vel__rosidl_typesupport_fastrtps_c.h
[9.032s] -- Installing: /home/swayanshree/projects/Makara-AUV-ROS2/src/install/hammerhead_interfaces/include/hammerhead_interfaces/hammerhead_interfaces/msg/detail/pid__rosidl_typesupport_fastrtps_c.h
[9.032s] -- Installing: /home/swayanshree/projects/Makara-AUV-ROS2/src/install/hammerhead_interfaces/include/hammerhead_interfaces/hammerhead_interfaces/msg/detail/depth__rosidl_typesupport_fastrtps_c.h
[9.032s] -- Installing: /home/swayanshree/projects/Makara-AUV-ROS2/src/install/hammerhead_interfaces/include/hammerhead_interfaces/hammerhead_interfaces/msg/detail/vector_nav_data__rosidl_typesupport_fastrtps_c.h
[9.032s] -- Installing: /home/swayanshree/projects/Makara-AUV-ROS2/src/install/hammerhead_interfaces/include/hammerhead_interfaces/hammerhead_interfaces/msg/detail/battery_status__rosidl_typesupport_fastrtps_c.h
[9.032s] -- Installing: /home/swayanshree/projects/Makara-AUV-ROS2/src/install/hammerhead_interfaces/include/hammerhead_interfaces/hammerhead_interfaces/msg/detail/position__rosidl_typesupport_fastrtps_c.h
[9.032s] -- Installing: /home/swayanshree/projects/Makara-AUV-ROS2/src/install/hammerhead_interfaces/include/hammerhead_interfaces/hammerhead_interfaces/msg/detail/move_cmd__rosidl_typesupport_fastrtps_c.h
[9.032s] -- Installing: /home/swayanshree/projects/Makara-AUV-ROS2/src/install/hammerhead_interfaces/lib/libhammerhead_interfaces__rosidl_typesupport_fastrtps_c.so
[9.032s] -- Set non-toolchain portion of runtime path of "/home/swayanshree/projects/Makara-AUV-ROS2/src/install/hammerhead_interfaces/lib/libhammerhead_interfaces__rosidl_typesupport_fastrtps_c.so" to ""
[9.032s] -- Up-to-date: /home/swayanshree/projects/Makara-AUV-ROS2/src/install/hammerhead_interfaces/include/hammerhead_interfaces/hammerhead_interfaces
[9.032s] -- Up-to-date: /home/swayanshree/projects/Makara-AUV-ROS2/src/install/hammerhead_interfaces/include/hammerhead_interfaces/hammerhead_interfaces/msg
[9.032s] -- Up-to-date: /home/swayanshree/projects/Makara-AUV-ROS2/src/install/hammerhead_interfaces/include/hammerhead_interfaces/hammerhead_interfaces/msg/detail
[9.032s] -- Installing: /home/swayanshree/projects/Makara-AUV-ROS2/src/install/hammerhead_interfaces/include/hammerhead_interfaces/hammerhead_interfaces/msg/detail/thruster_speeds__type_support.c
[9.032s] -- Installing: /home/swayanshree/projects/Makara-AUV-ROS2/src/install/hammerhead_interfaces/include/hammerhead_interfaces/hammerhead_interfaces/msg/detail/setpoint__type_support.c
[9.032s] -- Installing: /home/swayanshree/projects/Makara-AUV-ROS2/src/install/hammerhead_interfaces/include/hammerhead_interfaces/hammerhead_interfaces/msg/detail/vector_nav_data__type_support.c
[9.032s] -- Installing: /home/swayanshree/projects/Makara-AUV-ROS2/src/install/hammerhead_interfaces/include/hammerhead_interfaces/hammerhead_interfaces/msg/detail/move_cmds__rosidl_typesupport_introspection_c.h
[9.032s] -- Installing: /home/swayanshree/projects/Makara-AUV-ROS2/src/install/hammerhead_interfaces/include/hammerhead_interfaces/hammerhead_interfaces/msg/detail/move_cmds__type_support.c
[9.032s] -- Installing: /home/swayanshree/projects/Makara-AUV-ROS2/src/install/hammerhead_interfaces/include/hammerhead_interfaces/hammerhead_interfaces/msg/detail/setpoint__rosidl_typesupport_introspection_c.h
[9.032s] -- Installing: /home/swayanshree/projects/Makara-AUV-ROS2/src/install/hammerhead_interfaces/include/hammerhead_interfaces/hammerhead_interfaces/msg/detail/battery_status__rosidl_typesupport_introspection_c.h
[9.032s] -- Installing: /home/swayanshree/projects/Makara-AUV-ROS2/src/install/hammerhead_interfaces/include/hammerhead_interfaces/hammerhead_interfaces/msg/detail/battery_status__type_support.c
[9.032s] -- Installing: /home/swayanshree/projects/Makara-AUV-ROS2/src/install/hammerhead_interfaces/include/hammerhead_interfaces/hammerhead_interfaces/msg/detail/ins_vel__type_support.c
[9.032s] -- Installing: /home/swayanshree/projects/Makara-AUV-ROS2/src/install/hammerhead_interfaces/include/hammerhead_interfaces/hammerhead_interfaces/msg/detail/thruster_speeds__rosidl_typesupport_introspection_c.h
[9.032s] -- Installing: /home/swayanshree/projects/Makara-AUV-ROS2/src/install/hammerhead_interfaces/include/hammerhead_interfaces/hammerhead_interfaces/msg/detail/pid__rosidl_typesupport_introspection_c.h
[9.032s] -- Installing: /home/swayanshree/projects/Makara-AUV-ROS2/src/install/hammerhead_interfaces/include/hammerhead_interfaces/hammerhead_interfaces/msg/detail/move_cmd__rosidl_typesupport_introspection_c.h
[9.032s] -- Installing: /home/swayanshree/projects/Makara-AUV-ROS2/src/install/hammerhead_interfaces/include/hammerhead_interfaces/hammerhead_interfaces/msg/detail/ins_vel__rosidl_typesupport_introspection_c.h
[9.033s] -- Installing: /home/swayanshree/projects/Makara-AUV-ROS2/src/install/hammerhead_interfaces/include/hammerhead_interfaces/hammerhead_interfaces/msg/detail/position__type_support.c
[9.033s] -- Installing: /home/swayanshree/projects/Makara-AUV-ROS2/src/install/hammerhead_interfaces/include/hammerhead_interfaces/hammerhead_interfaces/msg/detail/depth__rosidl_typesupport_introspection_c.h
[9.033s] -- Installing: /home/swayanshree/projects/Makara-AUV-ROS2/src/install/hammerhead_interfaces/include/hammerhead_interfaces/hammerhead_interfaces/msg/detail/move_cmd__type_support.c
[9.033s] -- Installing: /home/swayanshree/projects/Makara-AUV-ROS2/src/install/hammerhead_interfaces/include/hammerhead_interfaces/hammerhead_interfaces/msg/detail/combined__rosidl_typesupport_introspection_c.h
[9.033s] -- Installing: /home/swayanshree/projects/Makara-AUV-ROS2/src/install/hammerhead_interfaces/include/hammerhead_interfaces/hammerhead_interfaces/msg/detail/pid__type_support.c
[9.033s] -- Installing: /home/swayanshree/projects/Makara-AUV-ROS2/src/install/hammerhead_interfaces/include/hammerhead_interfaces/hammerhead_interfaces/msg/detail/depth__type_support.c
[9.033s] -- Installing: /home/swayanshree/projects/Makara-AUV-ROS2/src/install/hammerhead_interfaces/include/hammerhead_interfaces/hammerhead_interfaces/msg/detail/position__rosidl_typesupport_introspection_c.h
[9.033s] -- Installing: /home/swayanshree/projects/Makara-AUV-ROS2/src/install/hammerhead_interfaces/include/hammerhead_interfaces/hammerhead_interfaces/msg/detail/vector_nav_data__rosidl_typesupport_introspection_c.h
[9.033s] -- Installing: /home/swayanshree/projects/Makara-AUV-ROS2/src/install/hammerhead_interfaces/include/hammerhead_interfaces/hammerhead_interfaces/msg/detail/combined__type_support.c
[9.033s] -- Installing: /home/swayanshree/projects/Makara-AUV-ROS2/src/install/hammerhead_interfaces/include/hammerhead_interfaces/hammerhead_interfaces/msg/rosidl_typesupport_introspection_c__visibility_control.h
[9.033s] -- Installing: /home/swayanshree/projects/Makara-AUV-ROS2/src/install/hammerhead_interfaces/lib/libhammerhead_interfaces__rosidl_typesupport_introspection_c.so
[9.033s] -- Set non-toolchain portion of runtime path of "/home/swayanshree/projects/Makara-AUV-ROS2/src/install/hammerhead_interfaces/lib/libhammerhead_interfaces__rosidl_typesupport_introspection_c.so" to ""
[9.033s] -- Installing: /home/swayanshree/projects/Makara-AUV-ROS2/src/install/hammerhead_interfaces/lib/libhammerhead_interfaces__rosidl_typesupport_c.so
[9.033s] -- Set non-toolchain portion of runtime path of "/home/swayanshree/projects/Makara-AUV-ROS2/src/install/hammerhead_interfaces/lib/libhammerhead_interfaces__rosidl_typesupport_c.so" to ""
[9.033s] -- Up-to-date: /home/swayanshree/projects/Makara-AUV-ROS2/src/install/hammerhead_interfaces/include/hammerhead_interfaces/hammerhead_interfaces
[9.033s] -- Up-to-date: /home/swayanshree/projects/Makara-AUV-ROS2/src/install/hammerhead_interfaces/include/hammerhead_interfaces/hammerhead_interfaces/msg
[9.033s] -- Installing: /home/swayanshree/projects/Makara-AUV-ROS2/src/install/hammerhead_interfaces/include/hammerhead_interfaces/hammerhead_interfaces/msg/move_cmds.hpp
[9.033s] -- Installing: /home/swayanshree/projects/Makara-AUV-ROS2/src/install/hammerhead_interfaces/include/hammerhead_interfaces/hammerhead_interfaces/msg/move_cmd.hpp
[9.033s] -- Up-to-date: /home/swayanshree/projects/Makara-AUV-ROS2/src/install/hammerhead_interfaces/include/hammerhead_interfaces/hammerhead_interfaces/msg/detail
[9.033s] -- Installing: /home/swayanshree/projects/Makara-AUV-ROS2/src/install/hammerhead_interfaces/include/hammerhead_interfaces/hammerhead_interfaces/msg/detail/ins_vel__builder.hpp
[9.033s] -- Installing: /home/swayanshree/projects/Makara-AUV-ROS2/src/install/hammerhead_interfaces/include/hammerhead_interfaces/hammerhead_interfaces/msg/detail/move_cmds__builder.hpp
[9.033s] -- Installing: /home/swayanshree/projects/Makara-AUV-ROS2/src/install/hammerhead_interfaces/include/hammerhead_interfaces/hammerhead_interfaces/msg/detail/battery_status__traits.hpp
[9.033s] -- Installing: /home/swayanshree/projects/Makara-AUV-ROS2/src/install/hammerhead_interfaces/include/hammerhead_interfaces/hammerhead_interfaces/msg/detail/vector_nav_data__traits.hpp
[9.034s] -- Installing: /home/swayanshree/projects/Makara-AUV-ROS2/src/install/hammerhead_interfaces/include/hammerhead_interfaces/hammerhead_interfaces/msg/detail/position__struct.hpp
[9.034s] -- Installing: /home/swayanshree/projects/Makara-AUV-ROS2/src/install/hammerhead_interfaces/include/hammerhead_interfaces/hammerhead_interfaces/msg/detail/move_cmd__builder.hpp
[9.034s] -- Installing: /home/swayanshree/projects/Makara-AUV-ROS2/src/install/hammerhead_interfaces/include/hammerhead_interfaces/hammerhead_interfaces/msg/detail/move_cmd__traits.hpp
[9.034s] -- Installing: /home/swayanshree/projects/Makara-AUV-ROS2/src/install/hammerhead_interfaces/include/hammerhead_interfaces/hammerhead_interfaces/msg/detail/combined__builder.hpp
[9.034s] -- Installing: /home/swayanshree/projects/Makara-AUV-ROS2/src/install/hammerhead_interfaces/include/hammerhead_interfaces/hammerhead_interfaces/msg/detail/battery_status__builder.hpp
[9.034s] -- Installing: /home/swayanshree/projects/Makara-AUV-ROS2/src/install/hammerhead_interfaces/include/hammerhead_interfaces/hammerhead_interfaces/msg/detail/pid__type_support.hpp
[9.034s] -- Installing: /home/swayanshree/projects/Makara-AUV-ROS2/src/install/hammerhead_interfaces/include/hammerhead_interfaces/hammerhead_interfaces/msg/detail/thruster_speeds__struct.hpp
[9.034s] -- Installing: /home/swayanshree/projects/Makara-AUV-ROS2/src/install/hammerhead_interfaces/include/hammerhead_interfaces/hammerhead_interfaces/msg/detail/depth__struct.hpp
[9.034s] -- Installing: /home/swayanshree/projects/Makara-AUV-ROS2/src/install/hammerhead_interfaces/include/hammerhead_interfaces/hammerhead_interfaces/msg/detail/depth__traits.hpp
[9.034s] -- Installing: /home/swayanshree/projects/Makara-AUV-ROS2/src/install/hammerhead_interfaces/include/hammerhead_interfaces/hammerhead_interfaces/msg/detail/combined__traits.hpp
[9.034s] -- Installing: /home/swayanshree/projects/Makara-AUV-ROS2/src/install/hammerhead_interfaces/include/hammerhead_interfaces/hammerhead_interfaces/msg/detail/position__type_support.hpp
[9.034s] -- Installing: /home/swayanshree/projects/Makara-AUV-ROS2/src/install/hammerhead_interfaces/include/hammerhead_interfaces/hammerhead_interfaces/msg/detail/move_cmds__struct.hpp
[9.034s] -- Installing: /home/swayanshree/projects/Makara-AUV-ROS2/src/install/hammerhead_interfaces/include/hammerhead_interfaces/hammerhead_interfaces/msg/detail/ins_vel__struct.hpp
[9.034s] -- Installing: /home/swayanshree/projects/Makara-AUV-ROS2/src/install/hammerhead_interfaces/include/hammerhead_interfaces/hammerhead_interfaces/msg/detail/setpoint__type_support.hpp
[9.034s] -- Installing: /home/swayanshree/projects/Makara-AUV-ROS2/src/install/hammerhead_interfaces/include/hammerhead_interfaces/hammerhead_interfaces/msg/detail/combined__type_support.hpp
[9.034s] -- Installing: /home/swayanshree/projects/Makara-AUV-ROS2/src/install/hammerhead_interfaces/include/hammerhead_interfaces/hammerhead_interfaces/msg/detail/battery_status__struct.hpp
[9.034s] -- Installing: /home/swayanshree/projects/Makara-AUV-ROS2/src/install/hammerhead_interfaces/include/hammerhead_interfaces/hammerhead_interfaces/msg/detail/position__traits.hpp
[9.034s] -- Installing: /home/swayanshree/projects/Makara-AUV-ROS2/src/install/hammerhead_interfaces/include/hammerhead_interfaces/hammerhead_interfaces/msg/detail/move_cmds__type_support.hpp
[9.034s] -- Installing: /home/swayanshree/projects/Makara-AUV-ROS2/src/install/hammerhead_interfaces/include/hammerhead_interfaces/hammerhead_interfaces/msg/detail/position__builder.hpp
[9.034s] -- Installing: /home/swayanshree/projects/Makara-AUV-ROS2/src/install/hammerhead_interfaces/include/hammerhead_interfaces/hammerhead_interfaces/msg/detail/vector_nav_data__struct.hpp
[9.035s] -- Installing: /home/swayanshree/projects/Makara-AUV-ROS2/src/install/hammerhead_interfaces/include/hammerhead_interfaces/hammerhead_interfaces/msg/detail/depth__type_support.hpp
[9.035s] -- Installing: /home/swayanshree/projects/Makara-AUV-ROS2/src/install/hammerhead_interfaces/include/hammerhead_interfaces/hammerhead_interfaces/msg/detail/thruster_speeds__traits.hpp
[9.035s] -- Installing: /home/swayanshree/projects/Makara-AUV-ROS2/src/install/hammerhead_interfaces/include/hammerhead_interfaces/hammerhead_interfaces/msg/detail/setpoint__struct.hpp
[9.035s] -- Installing: /home/swayanshree/projects/Makara-AUV-ROS2/src/install/hammerhead_interfaces/include/hammerhead_interfaces/hammerhead_interfaces/msg/detail/setpoint__builder.hpp
[9.035s] -- Installing: /home/swayanshree/projects/Makara-AUV-ROS2/src/install/hammerhead_interfaces/include/hammerhead_interfaces/hammerhead_interfaces/msg/detail/pid__traits.hpp
[9.035s] -- Installing: /home/swayanshree/projects/Makara-AUV-ROS2/src/install/hammerhead_interfaces/include/hammerhead_interfaces/hammerhead_interfaces/msg/detail/combined__struct.hpp
[9.035s] -- Installing: /home/swayanshree/projects/Makara-AUV-ROS2/src/install/hammerhead_interfaces/include/hammerhead_interfaces/hammerhead_interfaces/msg/detail/thruster_speeds__builder.hpp
[9.035s] -- Installing: /home/swayanshree/projects/Makara-AUV-ROS2/src/install/hammerhead_interfaces/include/hammerhead_interfaces/hammerhead_interfaces/msg/detail/depth__builder.hpp
[9.035s] -- Installing: /home/swayanshree/projects/Makara-AUV-ROS2/src/install/hammerhead_interfaces/include/hammerhead_interfaces/hammerhead_interfaces/msg/detail/battery_status__type_support.hpp
[9.035s] -- Installing: /home/swayanshree/projects/Makara-AUV-ROS2/src/install/hammerhead_interfaces/include/hammerhead_interfaces/hammerhead_interfaces/msg/detail/move_cmds__traits.hpp
[9.035s] -- Installing: /home/swayanshree/projects/Makara-AUV-ROS2/src/install/hammerhead_interfaces/include/hammerhead_interfaces/hammerhead_interfaces/msg/detail/pid__builder.hpp
[9.035s] -- Installing: /home/swayanshree/projects/Makara-AUV-ROS2/src/install/hammerhead_interfaces/include/hammerhead_interfaces/hammerhead_interfaces/msg/detail/setpoint__traits.hpp
[9.035s] -- Installing: /home/swayanshree/projects/Makara-AUV-ROS2/src/install/hammerhead_interfaces/include/hammerhead_interfaces/hammerhead_interfaces/msg/detail/ins_vel__traits.hpp
[9.035s] -- Installing: /home/swayanshree/projects/Makara-AUV-ROS2/src/install/hammerhead_interfaces/include/hammerhead_interfaces/hammerhead_interfaces/msg/detail/move_cmd__struct.hpp
[9.035s] -- Installing: /home/swayanshree/projects/Makara-AUV-ROS2/src/install/hammerhead_interfaces/include/hammerhead_interfaces/hammerhead_interfaces/msg/detail/pid__struct.hpp
[9.035s] -- Installing: /home/swayanshree/projects/Makara-AUV-ROS2/src/install/hammerhead_interfaces/include/hammerhead_interfaces/hammerhead_interfaces/msg/detail/vector_nav_data__builder.hpp
[9.035s] -- Installing: /home/swayanshree/projects/Makara-AUV-ROS2/src/install/hammerhead_interfaces/include/hammerhead_interfaces/hammerhead_interfaces/msg/detail/vector_nav_data__type_support.hpp
[9.035s] -- Installing: /home/swayanshree/projects/Makara-AUV-ROS2/src/install/hammerhead_interfaces/include/hammerhead_interfaces/hammerhead_interfaces/msg/detail/ins_vel__type_support.hpp
[9.035s] -- Installing: /home/swayanshree/projects/Makara-AUV-ROS2/src/install/hammerhead_interfaces/include/hammerhead_interfaces/hammerhead_interfaces/msg/detail/move_cmd__type_support.hpp
[9.035s] -- Installing: /home/swayanshree/projects/Makara-AUV-ROS2/src/install/hammerhead_interfaces/include/hammerhead_interfaces/hammerhead_interfaces/msg/detail/thruster_speeds__type_support.hpp
[9.035s] -- Installing: /home/swayanshree/projects/Makara-AUV-ROS2/src/install/hammerhead_interfaces/include/hammerhead_interfaces/hammerhead_interfaces/msg/thruster_speeds.hpp
[9.035s] -- Installing: /home/swayanshree/projects/Makara-AUV-ROS2/src/install/hammerhead_interfaces/include/hammerhead_interfaces/hammerhead_interfaces/msg/combined.hpp
[9.036s] -- Installing: /home/swayanshree/projects/Makara-AUV-ROS2/src/install/hammerhead_interfaces/include/hammerhead_interfaces/hammerhead_interfaces/msg/depth.hpp
[9.036s] -- Installing: /home/swayanshree/projects/Makara-AUV-ROS2/src/install/hammerhead_interfaces/include/hammerhead_interfaces/hammerhead_interfaces/msg/battery_status.hpp
[9.036s] -- Installing: /home/swayanshree/projects/Makara-AUV-ROS2/src/install/hammerhead_interfaces/include/hammerhead_interfaces/hammerhead_interfaces/msg/position.hpp
[9.036s] -- Installing: /home/swayanshree/projects/Makara-AUV-ROS2/src/install/hammerhead_interfaces/include/hammerhead_interfaces/hammerhead_interfaces/msg/ins_vel.hpp
[9.036s] -- Installing: /home/swayanshree/projects/Makara-AUV-ROS2/src/install/hammerhead_interfaces/include/hammerhead_interfaces/hammerhead_interfaces/msg/setpoint.hpp
[9.036s] -- Installing: /home/swayanshree/projects/Makara-AUV-ROS2/src/install/hammerhead_interfaces/include/hammerhead_interfaces/hammerhead_interfaces/msg/vector_nav_data.hpp
[9.036s] -- Installing: /home/swayanshree/projects/Makara-AUV-ROS2/src/install/hammerhead_interfaces/include/hammerhead_interfaces/hammerhead_interfaces/msg/rosidl_generator_cpp__visibility_control.hpp
[9.036s] -- Installing: /home/swayanshree/projects/Makara-AUV-ROS2/src/install/hammerhead_interfaces/include/hammerhead_interfaces/hammerhead_interfaces/msg/pid.hpp
[9.036s] -- Up-to-date: /home/swayanshree/projects/Makara-AUV-ROS2/src/install/hammerhead_interfaces/include/hammerhead_interfaces/hammerhead_interfaces
[9.036s] -- Up-to-date: /home/swayanshree/projects/Makara-AUV-ROS2/src/install/hammerhead_interfaces/include/hammerhead_interfaces/hammerhead_interfaces/msg
[9.036s] -- Installing: /home/swayanshree/projects/Makara-AUV-ROS2/src/install/hammerhead_interfaces/include/hammerhead_interfaces/hammerhead_interfaces/msg/rosidl_typesupport_fastrtps_cpp__visibility_control.h
[9.036s] -- Up-to-date: /home/swayanshree/projects/Makara-AUV-ROS2/src/install/hammerhead_interfaces/include/hammerhead_interfaces/hammerhead_interfaces/msg/detail
[9.036s] -- Installing: /home/swayanshree/projects/Makara-AUV-ROS2/src/install/hammerhead_interfaces/include/hammerhead_interfaces/hammerhead_interfaces/msg/detail/move_cmd__rosidl_typesupport_fastrtps_cpp.hpp
[9.036s] -- Installing: /home/swayanshree/projects/Makara-AUV-ROS2/src/install/hammerhead_interfaces/include/hammerhead_interfaces/hammerhead_interfaces/msg/detail/combined__rosidl_typesupport_fastrtps_cpp.hpp
[9.036s] -- Installing: /home/swayanshree/projects/Makara-AUV-ROS2/src/install/hammerhead_interfaces/include/hammerhead_interfaces/hammerhead_interfaces/msg/detail/ins_vel__rosidl_typesupport_fastrtps_cpp.hpp
[9.036s] -- Installing: /home/swayanshree/projects/Makara-AUV-ROS2/src/install/hammerhead_interfaces/include/hammerhead_interfaces/hammerhead_interfaces/msg/detail/position__rosidl_typesupport_fastrtps_cpp.hpp
[9.036s] -- Installing: /home/swayanshree/projects/Makara-AUV-ROS2/src/install/hammerhead_interfaces/include/hammerhead_interfaces/hammerhead_interfaces/msg/detail/pid__rosidl_typesupport_fastrtps_cpp.hpp
[9.036s] -- Installing: /home/swayanshree/projects/Makara-AUV-ROS2/src/install/hammerhead_interfaces/include/hammerhead_interfaces/hammerhead_interfaces/msg/detail/dds_fastrtps
[9.036s] -- Installing: /home/swayanshree/projects/Makara-AUV-ROS2/src/install/hammerhead_interfaces/include/hammerhead_interfaces/hammerhead_interfaces/msg/detail/move_cmds__rosidl_typesupport_fastrtps_cpp.hpp
[9.036s] -- Installing: /home/swayanshree/projects/Makara-AUV-ROS2/src/install/hammerhead_interfaces/include/hammerhead_interfaces/hammerhead_interfaces/msg/detail/thruster_speeds__rosidl_typesupport_fastrtps_cpp.hpp
[9.036s] -- Installing: /home/swayanshree/projects/Makara-AUV-ROS2/src/install/hammerhead_interfaces/include/hammerhead_interfaces/hammerhead_interfaces/msg/detail/setpoint__rosidl_typesupport_fastrtps_cpp.hpp
[9.037s] -- Installing: /home/swayanshree/projects/Makara-AUV-ROS2/src/install/hammerhead_interfaces/include/hammerhead_interfaces/hammerhead_interfaces/msg/detail/battery_status__rosidl_typesupport_fastrtps_cpp.hpp
[9.037s] -- Installing: /home/swayanshree/projects/Makara-AUV-ROS2/src/install/hammerhead_interfaces/include/hammerhead_interfaces/hammerhead_interfaces/msg/detail/depth__rosidl_typesupport_fastrtps_cpp.hpp
[9.037s] -- Installing: /home/swayanshree/projects/Makara-AUV-ROS2/src/install/hammerhead_interfaces/include/hammerhead_interfaces/hammerhead_interfaces/msg/detail/vector_nav_data__rosidl_typesupport_fastrtps_cpp.hpp
[9.037s] -- Installing: /home/swayanshree/projects/Makara-AUV-ROS2/src/install/hammerhead_interfaces/lib/libhammerhead_interfaces__rosidl_typesupport_fastrtps_cpp.so
[9.037s] -- Set non-toolchain portion of runtime path of "/home/swayanshree/projects/Makara-AUV-ROS2/src/install/hammerhead_interfaces/lib/libhammerhead_interfaces__rosidl_typesupport_fastrtps_cpp.so" to ""
[9.037s] -- Up-to-date: /home/swayanshree/projects/Makara-AUV-ROS2/src/install/hammerhead_interfaces/include/hammerhead_interfaces/hammerhead_interfaces
[9.037s] -- Up-to-date: /home/swayanshree/projects/Makara-AUV-ROS2/src/install/hammerhead_interfaces/include/hammerhead_interfaces/hammerhead_interfaces/msg
[9.037s] -- Up-to-date: /home/swayanshree/projects/Makara-AUV-ROS2/src/install/hammerhead_interfaces/include/hammerhead_interfaces/hammerhead_interfaces/msg/detail
[9.037s] -- Installing: /home/swayanshree/projects/Makara-AUV-ROS2/src/install/hammerhead_interfaces/include/hammerhead_interfaces/hammerhead_interfaces/msg/detail/battery_status__type_support.cpp
[9.037s] -- Installing: /home/swayanshree/projects/Makara-AUV-ROS2/src/install/hammerhead_interfaces/include/hammerhead_interfaces/hammerhead_interfaces/msg/detail/combined__type_support.cpp
[9.037s] -- Installing: /home/swayanshree/projects/Makara-AUV-ROS2/src/install/hammerhead_interfaces/include/hammerhead_interfaces/hammerhead_interfaces/msg/detail/vector_nav_data__type_support.cpp
[9.037s] -- Installing: /home/swayanshree/projects/Makara-AUV-ROS2/src/install/hammerhead_interfaces/include/hammerhead_interfaces/hammerhead_interfaces/msg/detail/vector_nav_data__rosidl_typesupport_introspection_cpp.hpp
[9.037s] -- Installing: /home/swayanshree/projects/Makara-AUV-ROS2/src/install/hammerhead_interfaces/include/hammerhead_interfaces/hammerhead_interfaces/msg/detail/move_cmds__type_support.cpp
[9.037s] -- Installing: /home/swayanshree/projects/Makara-AUV-ROS2/src/install/hammerhead_interfaces/include/hammerhead_interfaces/hammerhead_interfaces/msg/detail/depth__rosidl_typesupport_introspection_cpp.hpp
[9.037s] -- Installing: /home/swayanshree/projects/Makara-AUV-ROS2/src/install/hammerhead_interfaces/include/hammerhead_interfaces/hammerhead_interfaces/msg/detail/ins_vel__type_support.cpp
[9.037s] -- Installing: /home/swayanshree/projects/Makara-AUV-ROS2/src/install/hammerhead_interfaces/include/hammerhead_interfaces/hammerhead_interfaces/msg/detail/combined__rosidl_typesupport_introspection_cpp.hpp
[9.037s] -- Installing: /home/swayanshree/projects/Makara-AUV-ROS2/src/install/hammerhead_interfaces/include/hammerhead_interfaces/hammerhead_interfaces/msg/detail/thruster_speeds__rosidl_typesupport_introspection_cpp.hpp
[9.038s] -- Installing: /home/swayanshree/projects/Makara-AUV-ROS2/src/install/hammerhead_interfaces/include/hammerhead_interfaces/hammerhead_interfaces/msg/detail/thruster_speeds__type_support.cpp
[9.038s] -- Installing: /home/swayanshree/projects/Makara-AUV-ROS2/src/install/hammerhead_interfaces/include/hammerhead_interfaces/hammerhead_interfaces/msg/detail/pid__type_support.cpp
[9.038s] -- Installing: /home/swayanshree/projects/Makara-AUV-ROS2/src/install/hammerhead_interfaces/include/hammerhead_interfaces/hammerhead_interfaces/msg/detail/depth__type_support.cpp
[9.038s] -- Installing: /home/swayanshree/projects/Makara-AUV-ROS2/src/install/hammerhead_interfaces/include/hammerhead_interfaces/hammerhead_interfaces/msg/detail/setpoint__type_support.cpp
[9.038s] -- Installing: /home/swayanshree/projects/Makara-AUV-ROS2/src/install/hammerhead_interfaces/include/hammerhead_interfaces/hammerhead_interfaces/msg/detail/ins_vel__rosidl_typesupport_introspection_cpp.hpp
[9.038s] -- Installing: /home/swayanshree/projects/Makara-AUV-ROS2/src/install/hammerhead_interfaces/include/hammerhead_interfaces/hammerhead_interfaces/msg/detail/move_cmds__rosidl_typesupport_introspection_cpp.hpp
[9.038s] -- Installing: /home/swayanshree/projects/Makara-AUV-ROS2/src/install/hammerhead_interfaces/include/hammerhead_interfaces/hammerhead_interfaces/msg/detail/position__type_support.cpp
[9.038s] -- Installing: /home/swayanshree/projects/Makara-AUV-ROS2/src/install/hammerhead_interfaces/include/hammerhead_interfaces/hammerhead_interfaces/msg/detail/move_cmd__type_support.cpp
[9.038s] -- Installing: /home/swayanshree/projects/Makara-AUV-ROS2/src/install/hammerhead_interfaces/include/hammerhead_interfaces/hammerhead_interfaces/msg/detail/move_cmd__rosidl_typesupport_introspection_cpp.hpp
[9.038s] -- Installing: /home/swayanshree/projects/Makara-AUV-ROS2/src/install/hammerhead_interfaces/include/hammerhead_interfaces/hammerhead_interfaces/msg/detail/battery_status__rosidl_typesupport_introspection_cpp.hpp
[9.038s] -- Installing: /home/swayanshree/projects/Makara-AUV-ROS2/src/install/hammerhead_interfaces/include/hammerhead_interfaces/hammerhead_interfaces/msg/detail/position__rosidl_typesupport_introspection_cpp.hpp
[9.038s] -- Installing: /home/swayanshree/projects/Makara-AUV-ROS2/src/install/hammerhead_interfaces/include/hammerhead_interfaces/hammerhead_interfaces/msg/detail/pid__rosidl_typesupport_introspection_cpp.hpp
[9.038s] -- Installing: /home/swayanshree/projects/Makara-AUV-ROS2/src/install/hammerhead_interfaces/include/hammerhead_interfaces/hammerhead_interfaces/msg/detail/setpoint__rosidl_typesupport_introspection_cpp.hpp
[9.038s] -- Installing: /home/swayanshree/projects/Makara-AUV-ROS2/src/install/hammerhead_interfaces/lib/libhammerhead_interfaces__rosidl_typesupport_introspection_cpp.so
[9.038s] -- Set non-toolchain portion of runtime path of "/home/swayanshree/projects/Makara-AUV-ROS2/src/install/hammerhead_interfaces/lib/libhammerhead_interfaces__rosidl_typesupport_introspection_cpp.so" to ""
[9.038s] -- Installing: /home/swayanshree/projects/Makara-AUV-ROS2/src/install/hammerhead_interfaces/lib/libhammerhead_interfaces__rosidl_typesupport_cpp.so
[9.038s] -- Set non-toolchain portion of runtime path of "/home/swayanshree/projects/Makara-AUV-ROS2/src/install/hammerhead_interfaces/lib/libhammerhead_interfaces__rosidl_typesupport_cpp.so" to ""
[9.038s] -- Installing: /home/swayanshree/projects/Makara-AUV-ROS2/src/install/hammerhead_interfaces/share/hammerhead_interfaces/environment/pythonpath.sh
[9.038s] -- Installing: /home/swayanshree/projects/Makara-AUV-ROS2/src/install/hammerhead_interfaces/share/hammerhead_interfaces/environment/pythonpath.dsv
[9.038s] -- Installing: /home/swayanshree/projects/Makara-AUV-ROS2/src/install/hammerhead_interfaces/lib/python3.12/site-packages/hammerhead_interfaces-0.0.0-py3.12.egg-info
[9.039s] -- Installing: /home/swayanshree/projects/Makara-AUV-ROS2/src/install/hammerhead_interfaces/lib/python3.12/site-packages/hammerhead_interfaces-0.0.0-py3.12.egg-info/PKG-INFO
[9.039s] -- Installing: /home/swayanshree/projects/Makara-AUV-ROS2/src/install/hammerhead_interfaces/lib/python3.12/site-packages/hammerhead_interfaces-0.0.0-py3.12.egg-info/dependency_links.txt
[9.039s] -- Installing: /home/swayanshree/projects/Makara-AUV-ROS2/src/install/hammerhead_interfaces/lib/python3.12/site-packages/hammerhead_interfaces-0.0.0-py3.12.egg-info/SOURCES.txt
[9.039s] -- Installing: /home/swayanshree/projects/Makara-AUV-ROS2/src/install/hammerhead_interfaces/lib/python3.12/site-packages/hammerhead_interfaces-0.0.0-py3.12.egg-info/top_level.txt
[9.039s] -- Installing: /home/swayanshree/projects/Makara-AUV-ROS2/src/install/hammerhead_interfaces/lib/python3.12/site-packages/hammerhead_interfaces
[9.039s] -- Installing: /home/swayanshree/projects/Makara-AUV-ROS2/src/install/hammerhead_interfaces/lib/python3.12/site-packages/hammerhead_interfaces/hammerhead_interfaces_s__rosidl_typesupport_fastrtps_c.so
[9.039s] -- Installing: /home/swayanshree/projects/Makara-AUV-ROS2/src/install/hammerhead_interfaces/lib/python3.12/site-packages/hammerhead_interfaces/hammerhead_interfaces_s__rosidl_typesupport_c.so
[9.039s] -- Installing: /home/swayanshree/projects/Makara-AUV-ROS2/src/install/hammerhead_interfaces/lib/python3.12/site-packages/hammerhead_interfaces/_hammerhead_interfaces_s.ep.rosidl_typesupport_c.c
[9.039s] -- Installing: /home/swayanshree/projects/Makara-AUV-ROS2/src/install/hammerhead_interfaces/lib/python3.12/site-packages/hammerhead_interfaces/_hammerhead_interfaces_s.ep.rosidl_typesupport_introspection_c.c
[9.040s] -- Installing: /home/swayanshree/projects/Makara-AUV-ROS2/src/install/hammerhead_interfaces/lib/python3.12/site-packages/hammerhead_interfaces/msg
[9.040s] -- Installing: /home/swayanshree/projects/Makara-AUV-ROS2/src/install/hammerhead_interfaces/lib/python3.12/site-packages/hammerhead_interfaces/msg/_depth.py
[9.040s] -- Installing: /home/swayanshree/projects/Makara-AUV-ROS2/src/install/hammerhead_interfaces/lib/python3.12/site-packages/hammerhead_interfaces/msg/_move_cmd.py
[9.040s] -- Installing: /home/swayanshree/projects/Makara-AUV-ROS2/src/install/hammerhead_interfaces/lib/python3.12/site-packages/hammerhead_interfaces/msg/_vector_nav_data_s.c
[9.040s] -- Installing: /home/swayanshree/projects/Makara-AUV-ROS2/src/install/hammerhead_interfaces/lib/python3.12/site-packages/hammerhead_interfaces/msg/_battery_status.py
[9.040s] -- Installing: /home/swayanshree/projects/Makara-AUV-ROS2/src/install/hammerhead_interfaces/lib/python3.12/site-packages/hammerhead_interfaces/msg/_combined.py
[9.040s] -- Installing: /home/swayanshree/projects/Makara-AUV-ROS2/src/install/hammerhead_interfaces/lib/python3.12/site-packages/hammerhead_interfaces/msg/_vector_nav_data.py
[9.040s] -- Installing: /home/swayanshree/projects/Makara-AUV-ROS2/src/install/hammerhead_interfaces/lib/python3.12/site-packages/hammerhead_interfaces/msg/_pid_s.c
[9.040s] -- Installing: /home/swayanshree/projects/Makara-AUV-ROS2/src/install/hammerhead_interfaces/lib/python3.12/site-packages/hammerhead_interfaces/msg/_depth_s.c
[9.040s] -- Installing: /home/swayanshree/projects/Makara-AUV-ROS2/src/install/hammerhead_interfaces/lib/python3.12/site-packages/hammerhead_interfaces/msg/_combined_s.c
[9.040s] -- Installing: /home/swayanshree/projects/Makara-AUV-ROS2/src/install/hammerhead_interfaces/lib/python3.12/site-packages/hammerhead_interfaces/msg/_ins_vel_s.c
[9.040s] -- Installing: /home/swayanshree/projects/Makara-AUV-ROS2/src/install/hammerhead_interfaces/lib/python3.12/site-packages/hammerhead_interfaces/msg/_move_cmds_s.c
[9.040s] -- Installing: /home/swayanshree/projects/Makara-AUV-ROS2/src/install/hammerhead_interfaces/lib/python3.12/site-packages/hammerhead_interfaces/msg/_move_cmd_s.c
[9.040s] -- Installing: /home/swayanshree/projects/Makara-AUV-ROS2/src/install/hammerhead_interfaces/lib/python3.12/site-packages/hammerhead_interfaces/msg/_ins_vel.py
[9.040s] -- Installing: /home/swayanshree/projects/Makara-AUV-ROS2/src/install/hammerhead_interfaces/lib/python3.12/site-packages/hammerhead_interfaces/msg/_move_cmds.py
[9.040s] -- Installing: /home/swayanshree/projects/Makara-AUV-ROS2/src/install/hammerhead_interfaces/lib/python3.12/site-packages/hammerhead_interfaces/msg/_thruster_speeds_s.c
[9.040s] -- Installing: /home/swayanshree/projects/Makara-AUV-ROS2/src/install/hammerhead_interfaces/lib/python3.12/site-packages/hammerhead_interfaces/msg/_pid.py
[9.040s] -- Installing: /home/swayanshree/projects/Makara-AUV-ROS2/src/install/hammerhead_interfaces/lib/python3.12/site-packages/hammerhead_interfaces/msg/_battery_status_s.c
[9.040s] -- Installing: /home/swayanshree/projects/Makara-AUV-ROS2/src/install/hammerhead_interfaces/lib/python3.12/site-packages/hammerhead_interfaces/msg/_setpoint.py
[9.040s] -- Installing: /home/swayanshree/projects/Makara-AUV-ROS2/src/install/hammerhead_interfaces/lib/python3.12/site-packages/hammerhead_interfaces/msg/_position_s.c
[9.040s] -- Installing: /home/swayanshree/projects/Makara-AUV-ROS2/src/install/hammerhead_interfaces/lib/python3.12/site-packages/hammerhead_interfaces/msg/_setpoint_s.c
[9.040s] -- Installing: /home/swayanshree/projects/Makara-AUV-ROS2/src/install/hammerhead_interfaces/lib/python3.12/site-packages/hammerhead_interfaces/msg/_position.py
[9.040s] -- Installing: /home/swayanshree/projects/Makara-AUV-ROS2/src/install/hammerhead_interfaces/lib/python3.12/site-packages/hammerhead_interfaces/msg/__init__.py
[9.040s] -- Installing: /home/swayanshree/projects/Makara-AUV-ROS2/src/install/hammerhead_interfaces/lib/python3.12/site-packages/hammerhead_interfaces/msg/_thruster_speeds.py
[9.040s] -- Installing: /home/swayanshree/projects/Makara-AUV-ROS2/src/install/hammerhead_interfaces/lib/python3.12/site-packages/hammerhead_interfaces/_hammerhead_interfaces_s.ep.rosidl_typesupport_fastrtps_c.c
[9.040s] -- Installing: /home/swayanshree/projects/Makara-AUV-ROS2/src/install/hammerhead_interfaces/lib/python3.12/site-packages/hammerhead_interfaces/hammerhead_interfaces_s__rosidl_typesupport_introspection_c.so
[9.040s] -- Installing: /home/swayanshree/projects/Makara-AUV-ROS2/src/install/hammerhead_interfaces/lib/python3.12/site-packages/hammerhead_interfaces/__init__.py
[9.079s] Listing '/home/swayanshree/projects/Makara-AUV-ROS2/src/install/hammerhead_interfaces/lib/python3.12/site-packages/hammerhead_interfaces'...
[9.079s] Compiling '/home/swayanshree/projects/Makara-AUV-ROS2/src/install/hammerhead_interfaces/lib/python3.12/site-packages/hammerhead_interfaces/__init__.py'...
[9.079s] Listing '/home/swayanshree/projects/Makara-AUV-ROS2/src/install/hammerhead_interfaces/lib/python3.12/site-packages/hammerhead_interfaces/msg'...
[9.079s] Compiling '/home/swayanshree/projects/Makara-AUV-ROS2/src/install/hammerhead_interfaces/lib/python3.12/site-packages/hammerhead_interfaces/msg/__init__.py'...
[9.079s] Compiling '/home/swayanshree/projects/Makara-AUV-ROS2/src/install/hammerhead_interfaces/lib/python3.12/site-packages/hammerhead_interfaces/msg/_battery_status.py'...
[9.079s] Compiling '/home/swayanshree/projects/Makara-AUV-ROS2/src/install/hammerhead_interfaces/lib/python3.12/site-packages/hammerhead_interfaces/msg/_combined.py'...
[9.079s] Compiling '/home/swayanshree/projects/Makara-AUV-ROS2/src/install/hammerhead_interfaces/lib/python3.12/site-packages/hammerhead_interfaces/msg/_depth.py'...
[9.079s] Compiling '/home/swayanshree/projects/Makara-AUV-ROS2/src/install/hammerhead_interfaces/lib/python3.12/site-packages/hammerhead_interfaces/msg/_ins_vel.py'...
[9.079s] Compiling '/home/swayanshree/projects/Makara-AUV-ROS2/src/install/hammerhead_interfaces/lib/python3.12/site-packages/hammerhead_interfaces/msg/_move_cmd.py'...
[9.080s] Compiling '/home/swayanshree/projects/Makara-AUV-ROS2/src/install/hammerhead_interfaces/lib/python3.12/site-packages/hammerhead_interfaces/msg/_move_cmds.py'...
[9.080s] Compiling '/home/swayanshree/projects/Makara-AUV-ROS2/src/install/hammerhead_interfaces/lib/python3.12/site-packages/hammerhead_interfaces/msg/_pid.py'...
[9.080s] Compiling '/home/swayanshree/projects/Makara-AUV-ROS2/src/install/hammerhead_interfaces/lib/python3.12/site-packages/hammerhead_interfaces/msg/_position.py'...
[9.080s] Compiling '/home/swayanshree/projects/Makara-AUV-ROS2/src/install/hammerhead_interfaces/lib/python3.12/site-packages/hammerhead_interfaces/msg/_setpoint.py'...
[9.080s] Compiling '/home/swayanshree/projects/Makara-AUV-ROS2/src/install/hammerhead_interfaces/lib/python3.12/site-packages/hammerhead_interfaces/msg/_thruster_speeds.py'...
[9.080s] Compiling '/home/swayanshree/projects/Makara-AUV-ROS2/src/install/hammerhead_interfaces/lib/python3.12/site-packages/hammerhead_interfaces/msg/_vector_nav_data.py'...
[9.084s] -- Installing: /home/swayanshree/projects/Makara-AUV-ROS2/src/install/hammerhead_interfaces/lib/python3.12/site-packages/hammerhead_interfaces/hammerhead_interfaces_s__rosidl_typesupport_fastrtps_c.so
[9.084s] -- Set non-toolchain portion of runtime path of "/home/swayanshree/projects/Makara-AUV-ROS2/src/install/hammerhead_interfaces/lib/python3.12/site-packages/hammerhead_interfaces/hammerhead_interfaces_s__rosidl_typesupport_fastrtps_c.so" to ""
[9.084s] -- Installing: /home/swayanshree/projects/Makara-AUV-ROS2/src/install/hammerhead_interfaces/lib/python3.12/site-packages/hammerhead_interfaces/hammerhead_interfaces_s__rosidl_typesupport_introspection_c.so
[9.085s] -- Set non-toolchain portion of runtime path of "/home/swayanshree/projects/Makara-AUV-ROS2/src/install/hammerhead_interfaces/lib/python3.12/site-packages/hammerhead_interfaces/hammerhead_interfaces_s__rosidl_typesupport_introspection_c.so" to ""
[9.085s] -- Installing: /home/swayanshree/projects/Makara-AUV-ROS2/src/install/hammerhead_interfaces/lib/python3.12/site-packages/hammerhead_interfaces/hammerhead_interfaces_s__rosidl_typesupport_c.so
[9.085s] -- Set non-toolchain portion of runtime path of "/home/swayanshree/projects/Makara-AUV-ROS2/src/install/hammerhead_interfaces/lib/python3.12/site-packages/hammerhead_interfaces/hammerhead_interfaces_s__rosidl_typesupport_c.so" to ""
[9.085s] -- Installing: /home/swayanshree/projects/Makara-AUV-ROS2/src/install/hammerhead_interfaces/lib/libhammerhead_interfaces__rosidl_generator_py.so
[9.085s] -- Set non-toolchain portion of runtime path of "/home/swayanshree/projects/Makara-AUV-ROS2/src/install/hammerhead_interfaces/lib/libhammerhead_interfaces__rosidl_generator_py.so" to ""
[9.085s] -- Installing: /home/swayanshree/projects/Makara-AUV-ROS2/src/install/hammerhead_interfaces/share/hammerhead_interfaces/msg/BatteryStatus.idl
[9.085s] -- Installing: /home/swayanshree/projects/Makara-AUV-ROS2/src/install/hammerhead_interfaces/share/hammerhead_interfaces/msg/Combined.idl
[9.085s] -- Installing: /home/swayanshree/projects/Makara-AUV-ROS2/src/install/hammerhead_interfaces/share/hammerhead_interfaces/msg/Depth.idl
[9.086s] -- Installing: /home/swayanshree/projects/Makara-AUV-ROS2/src/install/hammerhead_interfaces/share/hammerhead_interfaces/msg/InsVel.idl
[9.086s] -- Installing: /home/swayanshree/projects/Makara-AUV-ROS2/src/install/hammerhead_interfaces/share/hammerhead_interfaces/msg/MoveCmd.idl
[9.086s] -- Installing: /home/swayanshree/projects/Makara-AUV-ROS2/src/install/hammerhead_interfaces/share/hammerhead_interfaces/msg/MoveCmds.idl
[9.086s] -- Installing: /home/swayanshree/projects/Makara-AUV-ROS2/src/install/hammerhead_interfaces/share/hammerhead_interfaces/msg/PID.idl
[9.086s] -- Installing: /home/swayanshree/projects/Makara-AUV-ROS2/src/install/hammerhead_interfaces/share/hammerhead_interfaces/msg/Position.idl
[9.086s] -- Installing: /home/swayanshree/projects/Makara-AUV-ROS2/src/install/hammerhead_interfaces/share/hammerhead_interfaces/msg/Setpoint.idl
[9.086s] -- Installing: /home/swayanshree/projects/Makara-AUV-ROS2/src/install/hammerhead_interfaces/share/hammerhead_interfaces/msg/ThrusterSpeeds.idl
[9.086s] -- Installing: /home/swayanshree/projects/Makara-AUV-ROS2/src/install/hammerhead_interfaces/share/hammerhead_interfaces/msg/VectorNavData.idl
[9.086s] -- Installing: /home/swayanshree/projects/Makara-AUV-ROS2/src/install/hammerhead_interfaces/share/hammerhead_interfaces/msg/BatteryStatus.msg
[9.086s] -- Installing: /home/swayanshree/projects/Makara-AUV-ROS2/src/install/hammerhead_interfaces/share/hammerhead_interfaces/msg/Combined.msg
[9.086s] -- Installing: /home/swayanshree/projects/Makara-AUV-ROS2/src/install/hammerhead_interfaces/share/hammerhead_interfaces/msg/Depth.msg
[9.086s] -- Installing: /home/swayanshree/projects/Makara-AUV-ROS2/src/install/hammerhead_interfaces/share/hammerhead_interfaces/msg/InsVel.msg
[9.086s] -- Installing: /home/swayanshree/projects/Makara-AUV-ROS2/src/install/hammerhead_interfaces/share/hammerhead_interfaces/msg/MoveCmd.msg
[9.086s] -- Installing: /home/swayanshree/projects/Makara-AUV-ROS2/src/install/hammerhead_interfaces/share/hammerhead_interfaces/msg/MoveCmds.msg
[9.086s] -- Installing: /home/swayanshree/projects/Makara-AUV-ROS2/src/install/hammerhead_interfaces/share/hammerhead_interfaces/msg/PID.msg
[9.087s] -- Installing: /home/swayanshree/projects/Makara-AUV-ROS2/src/install/hammerhead_interfaces/share/hammerhead_interfaces/msg/Position.msg
[9.087s] -- Installing: /home/swayanshree/projects/Makara-AUV-ROS2/src/install/hammerhead_interfaces/share/hammerhead_interfaces/msg/Setpoint.msg
[9.087s] -- Installing: /home/swayanshree/projects/Makara-AUV-ROS2/src/install/hammerhead_interfaces/share/hammerhead_interfaces/msg/ThrusterSpeeds.msg
[9.087s] -- Installing: /home/swayanshree/projects/Makara-AUV-ROS2/src/install/hammerhead_interfaces/share/hammerhead_interfaces/msg/VectorNavData.msg
[9.087s] -- Installing: /home/swayanshree/projects/Makara-AUV-ROS2/src/install/hammerhead_interfaces/share/ament_index/resource_index/package_run_dependencies/hammerhead_interfaces
[9.087s] -- Installing: /home/swayanshree/projects/Makara-AUV-ROS2/src/install/hammerhead_interfaces/share/ament_index/resource_index/parent_prefix_path/hammerhead_interfaces
[9.087s] -- Installing: /home/swayanshree/projects/Makara-AUV-ROS2/src/install/hammerhead_interfaces/share/hammerhead_interfaces/environment/ament_prefix_path.sh
[9.087s] -- Installing: /home/swayanshree/projects/Makara-AUV-ROS2/src/install/hammerhead_interfaces/share/hammerhead_interfaces/environment/ament_prefix_path.dsv
[9.087s] -- Installing: /home/swayanshree/projects/Makara-AUV-ROS2/src/install/hammerhead_interfaces/share/hammerhead_interfaces/environment/path.sh
[9.087s] -- Installing: /home/swayanshree/projects/Makara-AUV-ROS2/src/install/hammerhead_interfaces/share/hammerhead_interfaces/environment/path.dsv
[9.087s] -- Installing: /home/swayanshree/projects/Makara-AUV-ROS2/src/install/hammerhead_interfaces/share/hammerhead_interfaces/local_setup.bash
[9.088s] -- Installing: /home/swayanshree/projects/Makara-AUV-ROS2/src/install/hammerhead_interfaces/share/hammerhead_interfaces/local_setup.sh
[9.088s] -- Installing: /home/swayanshree/projects/Makara-AUV-ROS2/src/install/hammerhead_interfaces/share/hammerhead_interfaces/local_setup.zsh
[9.088s] -- Installing: /home/swayanshree/projects/Makara-AUV-ROS2/src/install/hammerhead_interfaces/share/hammerhead_interfaces/local_setup.dsv
[9.088s] -- Installing: /home/swayanshree/projects/Makara-AUV-ROS2/src/install/hammerhead_interfaces/share/hammerhead_interfaces/package.dsv
[9.088s] -- Installing: /home/swayanshree/projects/Makara-AUV-ROS2/src/install/hammerhead_interfaces/share/ament_index/resource_index/packages/hammerhead_interfaces
[9.088s] -- Installing: /home/swayanshree/projects/Makara-AUV-ROS2/src/install/hammerhead_interfaces/share/hammerhead_interfaces/cmake/export_hammerhead_interfaces__rosidl_generator_cExport.cmake
[9.088s] -- Installing: /home/swayanshree/projects/Makara-AUV-ROS2/src/install/hammerhead_interfaces/share/hammerhead_interfaces/cmake/export_hammerhead_interfaces__rosidl_generator_cExport-noconfig.cmake
[9.088s] -- Installing: /home/swayanshree/projects/Makara-AUV-ROS2/src/install/hammerhead_interfaces/share/hammerhead_interfaces/cmake/export_hammerhead_interfaces__rosidl_typesupport_fastrtps_cExport.cmake
[9.088s] -- Installing: /home/swayanshree/projects/Makara-AUV-ROS2/src/install/hammerhead_interfaces/share/hammerhead_interfaces/cmake/export_hammerhead_interfaces__rosidl_typesupport_fastrtps_cExport-noconfig.cmake
[9.088s] -- Installing: /home/swayanshree/projects/Makara-AUV-ROS2/src/install/hammerhead_interfaces/share/hammerhead_interfaces/cmake/hammerhead_interfaces__rosidl_typesupport_introspection_cExport.cmake
[9.088s] -- Installing: /home/swayanshree/projects/Makara-AUV-ROS2/src/install/hammerhead_interfaces/share/hammerhead_interfaces/cmake/hammerhead_interfaces__rosidl_typesupport_introspection_cExport-noconfig.cmake
[9.088s] -- Installing: /home/swayanshree/projects/Makara-AUV-ROS2/src/install/hammerhead_interfaces/share/hammerhead_interfaces/cmake/hammerhead_interfaces__rosidl_typesupport_cExport.cmake
[9.088s] -- Installing: /home/swayanshree/projects/Makara-AUV-ROS2/src/install/hammerhead_interfaces/share/hammerhead_interfaces/cmake/hammerhead_interfaces__rosidl_typesupport_cExport-noconfig.cmake
[9.088s] -- Installing: /home/swayanshree/projects/Makara-AUV-ROS2/src/install/hammerhead_interfaces/share/hammerhead_interfaces/cmake/export_hammerhead_interfaces__rosidl_generator_cppExport.cmake
[9.088s] -- Installing: /home/swayanshree/projects/Makara-AUV-ROS2/src/install/hammerhead_interfaces/share/hammerhead_interfaces/cmake/export_hammerhead_interfaces__rosidl_typesupport_fastrtps_cppExport.cmake
[9.088s] -- Installing: /home/swayanshree/projects/Makara-AUV-ROS2/src/install/hammerhead_interfaces/share/hammerhead_interfaces/cmake/export_hammerhead_interfaces__rosidl_typesupport_fastrtps_cppExport-noconfig.cmake
[9.088s] -- Installing: /home/swayanshree/projects/Makara-AUV-ROS2/src/install/hammerhead_interfaces/share/hammerhead_interfaces/cmake/hammerhead_interfaces__rosidl_typesupport_introspection_cppExport.cmake
[9.088s] -- Installing: /home/swayanshree/projects/Makara-AUV-ROS2/src/install/hammerhead_interfaces/share/hammerhead_interfaces/cmake/hammerhead_interfaces__rosidl_typesupport_introspection_cppExport-noconfig.cmake
[9.088s] -- Installing: /home/swayanshree/projects/Makara-AUV-ROS2/src/install/hammerhead_interfaces/share/hammerhead_interfaces/cmake/hammerhead_interfaces__rosidl_typesupport_cppExport.cmake
[9.089s] -- Installing: /home/swayanshree/projects/Makara-AUV-ROS2/src/install/hammerhead_interfaces/share/hammerhead_interfaces/cmake/hammerhead_interfaces__rosidl_typesupport_cppExport-noconfig.cmake
[9.089s] -- Installing: /home/swayanshree/projects/Makara-AUV-ROS2/src/install/hammerhead_interfaces/share/hammerhead_interfaces/cmake/export_hammerhead_interfaces__rosidl_generator_pyExport.cmake
[9.089s] -- Installing: /home/swayanshree/projects/Makara-AUV-ROS2/src/install/hammerhead_interfaces/share/hammerhead_interfaces/cmake/export_hammerhead_interfaces__rosidl_generator_pyExport-noconfig.cmake
[9.089s] -- Installing: /home/swayanshree/projects/Makara-AUV-ROS2/src/install/hammerhead_interfaces/share/hammerhead_interfaces/cmake/rosidl_cmake-extras.cmake
[9.089s] -- Installing: /home/swayanshree/projects/Makara-AUV-ROS2/src/install/hammerhead_interfaces/share/hammerhead_interfaces/cmake/ament_cmake_export_dependencies-extras.cmake
[9.089s] -- Installing: /home/swayanshree/projects/Makara-AUV-ROS2/src/install/hammerhead_interfaces/share/hammerhead_interfaces/cmake/ament_cmake_export_include_directories-extras.cmake
[9.089s] -- Installing: /home/swayanshree/projects/Makara-AUV-ROS2/src/install/hammerhead_interfaces/share/hammerhead_interfaces/cmake/ament_cmake_export_libraries-extras.cmake
[9.089s] -- Installing: /home/swayanshree/projects/Makara-AUV-ROS2/src/install/hammerhead_interfaces/share/hammerhead_interfaces/cmake/ament_cmake_export_targets-extras.cmake
[9.089s] -- Installing: /home/swayanshree/projects/Makara-AUV-ROS2/src/install/hammerhead_interfaces/share/hammerhead_interfaces/cmake/rosidl_cmake_export_typesupport_targets-extras.cmake
[9.089s] -- Installing: /home/swayanshree/projects/Makara-AUV-ROS2/src/install/hammerhead_interfaces/share/hammerhead_interfaces/cmake/rosidl_cmake_export_typesupport_libraries-extras.cmake
[9.089s] -- Installing: /home/swayanshree/projects/Makara-AUV-ROS2/src/install/hammerhead_interfaces/share/hammerhead_interfaces/cmake/hammerhead_interfacesConfig.cmake
[9.090s] -- Installing: /home/swayanshree/projects/Makara-AUV-ROS2/src/install/hammerhead_interfaces/share/hammerhead_interfaces/cmake/hammerhead_interfacesConfig-version.cmake
[9.090s] -- Installing: /home/swayanshree/projects/Makara-AUV-ROS2/src/install/hammerhead_interfaces/share/hammerhead_interfaces/package.xml
[9.091s] Invoked command in '/home/swayanshree/projects/Makara-AUV-ROS2/src/build/hammerhead_interfaces' returned '0': CMAKE_PREFIX_PATH=${CMAKE_PREFIX_PATH}:/home/swayanshree/projects/Makara-AUV-ROS2/install/makara_vision:/home/swayanshree/projects/Makara-AUV-ROS2/install/makara_serial:/home/swayanshree/projects/Makara-AUV-ROS2/install/makara_bringup:/home/swayanshree/projects/Makara-AUV-ROS2/install/hammerhead_serial:/home/swayanshree/projects/Makara-AUV-ROS2/install/data_sync:/opt/ros/jazzy DEBUGINFOD_URLS=https://debuginfod.ubuntu.com /usr/bin/cmake --install /home/swayanshree/projects/Makara-AUV-ROS2/src/build/hammerhead_interfaces
