[0.117s] DEBUG:colcon:Command line arguments: ['/usr/bin/colcon', 'build']
[0.117s] DEBUG:colcon:Parsed command line arguments: Namespace(log_base=None, log_level=None, verb_name='build', build_base='build', install_base='install', merge_install=False, symlink_install=False, test_result_base=None, continue_on_error=False, executor='parallel', parallel_workers=16, event_handlers=None, ignore_user_meta=False, metas=['./colcon.meta'], base_paths=['.'], packages_ignore=None, packages_ignore_regex=None, paths=None, packages_up_to=None, packages_up_to_regex=None, packages_above=None, packages_above_and_dependencies=None, packages_above_depth=None, packages_select_by_dep=None, packages_skip_by_dep=None, packages_skip_up_to=None, packages_select_build_failed=False, packages_skip_build_finished=False, packages_select_test_failures=False, packages_skip_test_passed=False, packages_select=None, packages_skip=None, packages_select_regex=None, packages_skip_regex=None, packages_start=None, packages_end=None, allow_overriding=[], cmake_args=None, cmake_target=None, cmake_target_skip_unavailable=False, cmake_clean_cache=False, cmake_clean_first=False, cmake_force_configure=False, ament_cmake_args=None, catkin_cmake_args=None, catkin_skip_building_tests=False, mixin_files=None, mixin=None, verb_parser=<colcon_mixin.mixin.mixin_argument.MixinArgumentDecorator object at 0x78c93f19af00>, verb_extension=<colcon_core.verb.build.BuildVerb object at 0x78c93f138bf0>, main=<bound method BuildVerb.main of <colcon_core.verb.build.BuildVerb object at 0x78c93f138bf0>>, mixin_verb=('build',))
[0.152s] Level 1:colcon.colcon_core.package_discovery:discover_packages(colcon_meta) check parameters
[0.153s] Level 1:colcon.colcon_core.package_discovery:discover_packages(recursive) check parameters
[0.153s] Level 1:colcon.colcon_core.package_discovery:discover_packages(ignore) check parameters
[0.153s] Level 1:colcon.colcon_core.package_discovery:discover_packages(path) check parameters
[0.153s] Level 1:colcon.colcon_core.package_discovery:discover_packages(colcon_meta) discover
[0.153s] Level 1:colcon.colcon_core.package_discovery:discover_packages(recursive) discover
[0.153s] INFO:colcon.colcon_core.package_discovery:Crawling recursively for packages in '/home/swayanshree/projects/Makara-AUV-ROS2'
[0.153s] Level 1:colcon.colcon_core.package_identification:_identify(.) by extensions ['ignore', 'ignore_ament_install']
[0.153s] Level 1:colcon.colcon_core.package_identification:_identify(.) by extension 'ignore'
[0.153s] Level 1:colcon.colcon_core.package_identification:_identify(.) by extension 'ignore_ament_install'
[0.153s] Level 1:colcon.colcon_core.package_identification:_identify(.) by extensions ['colcon_pkg']
[0.153s] Level 1:colcon.colcon_core.package_identification:_identify(.) by extension 'colcon_pkg'
[0.153s] Level 1:colcon.colcon_core.package_identification:_identify(.) by extensions ['colcon_meta']
[0.153s] Level 1:colcon.colcon_core.package_identification:_identify(.) by extension 'colcon_meta'
[0.153s] Level 1:colcon.colcon_core.package_identification:_identify(.) by extensions ['ros']
[0.153s] Level 1:colcon.colcon_core.package_identification:_identify(.) by extension 'ros'
[0.172s] Level 1:colcon.colcon_core.package_identification:_identify(.) by extensions ['cmake', 'python']
[0.172s] Level 1:colcon.colcon_core.package_identification:_identify(.) by extension 'cmake'
[0.172s] Level 1:colcon.colcon_core.package_identification:_identify(.) by extension 'python'
[0.172s] Level 1:colcon.colcon_core.package_identification:_identify(.) by extensions ['python_setup_py']
[0.173s] Level 1:colcon.colcon_core.package_identification:_identify(.) by extension 'python_setup_py'
[0.173s] Level 1:colcon.colcon_core.package_identification:_identify(build) by extensions ['ignore', 'ignore_ament_install']
[0.173s] Level 1:colcon.colcon_core.package_identification:_identify(build) by extension 'ignore'
[0.173s] Level 1:colcon.colcon_core.package_identification:_identify(build) ignored
[0.173s] Level 1:colcon.colcon_core.package_identification:_identify(install) by extensions ['ignore', 'ignore_ament_install']
[0.173s] Level 1:colcon.colcon_core.package_identification:_identify(install) by extension 'ignore'
[0.173s] Level 1:colcon.colcon_core.package_identification:_identify(install) ignored
[0.173s] Level 1:colcon.colcon_core.package_identification:_identify(log) by extensions ['ignore', 'ignore_ament_install']
[0.173s] Level 1:colcon.colcon_core.package_identification:_identify(log) by extension 'ignore'
[0.173s] Level 1:colcon.colcon_core.package_identification:_identify(log) ignored
[0.173s] Level 1:colcon.colcon_core.package_identification:_identify(src) by extensions ['ignore', 'ignore_ament_install']
[0.173s] Level 1:colcon.colcon_core.package_identification:_identify(src) by extension 'ignore'
[0.173s] Level 1:colcon.colcon_core.package_identification:_identify(src) by extension 'ignore_ament_install'
[0.173s] Level 1:colcon.colcon_core.package_identification:_identify(src) by extensions ['colcon_pkg']
[0.173s] Level 1:colcon.colcon_core.package_identification:_identify(src) by extension 'colcon_pkg'
[0.173s] Level 1:colcon.colcon_core.package_identification:_identify(src) by extensions ['colcon_meta']
[0.173s] Level 1:colcon.colcon_core.package_identification:_identify(src) by extension 'colcon_meta'
[0.173s] Level 1:colcon.colcon_core.package_identification:_identify(src) by extensions ['ros']
[0.173s] Level 1:colcon.colcon_core.package_identification:_identify(src) by extension 'ros'
[0.173s] Level 1:colcon.colcon_core.package_identification:_identify(src) by extensions ['cmake', 'python']
[0.173s] Level 1:colcon.colcon_core.package_identification:_identify(src) by extension 'cmake'
[0.173s] Level 1:colcon.colcon_core.package_identification:_identify(src) by extension 'python'
[0.173s] Level 1:colcon.colcon_core.package_identification:_identify(src) by extensions ['python_setup_py']
[0.173s] Level 1:colcon.colcon_core.package_identification:_identify(src) by extension 'python_setup_py'
[0.174s] Level 1:colcon.colcon_core.package_identification:_identify(src/ROBOTICS) by extensions ['ignore', 'ignore_ament_install']
[0.174s] Level 1:colcon.colcon_core.package_identification:_identify(src/ROBOTICS) by extension 'ignore'
[0.174s] Level 1:colcon.colcon_core.package_identification:_identify(src/ROBOTICS) by extension 'ignore_ament_install'
[0.174s] Level 1:colcon.colcon_core.package_identification:_identify(src/ROBOTICS) by extensions ['colcon_pkg']
[0.174s] Level 1:colcon.colcon_core.package_identification:_identify(src/ROBOTICS) by extension 'colcon_pkg'
[0.174s] Level 1:colcon.colcon_core.package_identification:_identify(src/ROBOTICS) by extensions ['colcon_meta']
[0.174s] Level 1:colcon.colcon_core.package_identification:_identify(src/ROBOTICS) by extension 'colcon_meta'
[0.174s] Level 1:colcon.colcon_core.package_identification:_identify(src/ROBOTICS) by extensions ['ros']
[0.174s] Level 1:colcon.colcon_core.package_identification:_identify(src/ROBOTICS) by extension 'ros'
[0.174s] Level 1:colcon.colcon_core.package_identification:_identify(src/ROBOTICS) by extensions ['cmake', 'python']
[0.174s] Level 1:colcon.colcon_core.package_identification:_identify(src/ROBOTICS) by extension 'cmake'
[0.174s] Level 1:colcon.colcon_core.package_identification:_identify(src/ROBOTICS) by extension 'python'
[0.174s] Level 1:colcon.colcon_core.package_identification:_identify(src/ROBOTICS) by extensions ['python_setup_py']
[0.174s] Level 1:colcon.colcon_core.package_identification:_identify(src/ROBOTICS) by extension 'python_setup_py'
[0.174s] Level 1:colcon.colcon_core.package_identification:_identify(src/StateSpace) by extensions ['ignore', 'ignore_ament_install']
[0.174s] Level 1:colcon.colcon_core.package_identification:_identify(src/StateSpace) by extension 'ignore'
[0.174s] Level 1:colcon.colcon_core.package_identification:_identify(src/StateSpace) by extension 'ignore_ament_install'
[0.174s] Level 1:colcon.colcon_core.package_identification:_identify(src/StateSpace) by extensions ['colcon_pkg']
[0.174s] Level 1:colcon.colcon_core.package_identification:_identify(src/StateSpace) by extension 'colcon_pkg'
[0.174s] Level 1:colcon.colcon_core.package_identification:_identify(src/StateSpace) by extensions ['colcon_meta']
[0.174s] Level 1:colcon.colcon_core.package_identification:_identify(src/StateSpace) by extension 'colcon_meta'
[0.174s] Level 1:colcon.colcon_core.package_identification:_identify(src/StateSpace) by extensions ['ros']
[0.174s] Level 1:colcon.colcon_core.package_identification:_identify(src/StateSpace) by extension 'ros'
[0.176s] DEBUG:colcon.colcon_core.package_identification:Package 'src/StateSpace' with type 'ros.ament_cmake' and name 'StateSpace'
[0.176s] Level 1:colcon.colcon_core.package_identification:_identify(src/ardupilot_attitude_control) by extensions ['ignore', 'ignore_ament_install']
[0.176s] Level 1:colcon.colcon_core.package_identification:_identify(src/ardupilot_attitude_control) by extension 'ignore'
[0.176s] Level 1:colcon.colcon_core.package_identification:_identify(src/ardupilot_attitude_control) by extension 'ignore_ament_install'
[0.176s] Level 1:colcon.colcon_core.package_identification:_identify(src/ardupilot_attitude_control) by extensions ['colcon_pkg']
[0.176s] Level 1:colcon.colcon_core.package_identification:_identify(src/ardupilot_attitude_control) by extension 'colcon_pkg'
[0.176s] Level 1:colcon.colcon_core.package_identification:_identify(src/ardupilot_attitude_control) by extensions ['colcon_meta']
[0.176s] Level 1:colcon.colcon_core.package_identification:_identify(src/ardupilot_attitude_control) by extension 'colcon_meta'
[0.176s] Level 1:colcon.colcon_core.package_identification:_identify(src/ardupilot_attitude_control) by extensions ['ros']
[0.176s] Level 1:colcon.colcon_core.package_identification:_identify(src/ardupilot_attitude_control) by extension 'ros'
[0.177s] DEBUG:colcon.colcon_core.package_identification:Package 'src/ardupilot_attitude_control' with type 'ros.ament_cmake' and name 'ardupilot_attitude_control'
[0.177s] Level 1:colcon.colcon_core.package_identification:_identify(src/auv_description) by extensions ['ignore', 'ignore_ament_install']
[0.177s] Level 1:colcon.colcon_core.package_identification:_identify(src/auv_description) by extension 'ignore'
[0.177s] Level 1:colcon.colcon_core.package_identification:_identify(src/auv_description) by extension 'ignore_ament_install'
[0.177s] Level 1:colcon.colcon_core.package_identification:_identify(src/auv_description) by extensions ['colcon_pkg']
[0.177s] Level 1:colcon.colcon_core.package_identification:_identify(src/auv_description) by extension 'colcon_pkg'
[0.177s] Level 1:colcon.colcon_core.package_identification:_identify(src/auv_description) by extensions ['colcon_meta']
[0.177s] Level 1:colcon.colcon_core.package_identification:_identify(src/auv_description) by extension 'colcon_meta'
[0.177s] Level 1:colcon.colcon_core.package_identification:_identify(src/auv_description) by extensions ['ros']
[0.177s] Level 1:colcon.colcon_core.package_identification:_identify(src/auv_description) by extension 'ros'
[0.178s] DEBUG:colcon.colcon_core.package_identification:Package 'src/auv_description' with type 'ros.ament_cmake' and name 'auv_description'
[0.178s] Level 1:colcon.colcon_core.package_identification:_identify(src/bluerov2_description) by extensions ['ignore', 'ignore_ament_install']
[0.178s] Level 1:colcon.colcon_core.package_identification:_identify(src/bluerov2_description) by extension 'ignore'
[0.178s] Level 1:colcon.colcon_core.package_identification:_identify(src/bluerov2_description) by extension 'ignore_ament_install'
[0.178s] Level 1:colcon.colcon_core.package_identification:_identify(src/bluerov2_description) by extensions ['colcon_pkg']
[0.178s] Level 1:colcon.colcon_core.package_identification:_identify(src/bluerov2_description) by extension 'colcon_pkg'
[0.178s] Level 1:colcon.colcon_core.package_identification:_identify(src/bluerov2_description) by extensions ['colcon_meta']
[0.178s] Level 1:colcon.colcon_core.package_identification:_identify(src/bluerov2_description) by extension 'colcon_meta'
[0.178s] Level 1:colcon.colcon_core.package_identification:_identify(src/bluerov2_description) by extensions ['ros']
[0.178s] Level 1:colcon.colcon_core.package_identification:_identify(src/bluerov2_description) by extension 'ros'
[0.178s] DEBUG:colcon.colcon_core.package_identification:Package 'src/bluerov2_description' with type 'ros.ament_cmake' and name 'bluerov2_description'
[0.178s] Level 1:colcon.colcon_core.package_identification:_identify(src/build) by extensions ['ignore', 'ignore_ament_install']
[0.178s] Level 1:colcon.colcon_core.package_identification:_identify(src/build) by extension 'ignore'
[0.178s] Level 1:colcon.colcon_core.package_identification:_identify(src/build) ignored
[0.179s] Level 1:colcon.colcon_core.package_identification:_identify(src/data_sync) by extensions ['ignore', 'ignore_ament_install']
[0.179s] Level 1:colcon.colcon_core.package_identification:_identify(src/data_sync) by extension 'ignore'
[0.179s] Level 1:colcon.colcon_core.package_identification:_identify(src/data_sync) by extension 'ignore_ament_install'
[0.179s] Level 1:colcon.colcon_core.package_identification:_identify(src/data_sync) by extensions ['colcon_pkg']
[0.179s] Level 1:colcon.colcon_core.package_identification:_identify(src/data_sync) by extension 'colcon_pkg'
[0.179s] Level 1:colcon.colcon_core.package_identification:_identify(src/data_sync) by extensions ['colcon_meta']
[0.179s] Level 1:colcon.colcon_core.package_identification:_identify(src/data_sync) by extension 'colcon_meta'
[0.179s] Level 1:colcon.colcon_core.package_identification:_identify(src/data_sync) by extensions ['ros']
[0.179s] Level 1:colcon.colcon_core.package_identification:_identify(src/data_sync) by extension 'ros'
[0.179s] DEBUG:colcon.colcon_core.package_identification:Package 'src/data_sync' with type 'ros.ament_python' and name 'data_sync'
[0.179s] Level 1:colcon.colcon_core.package_identification:_identify(src/hammerhead_interfaces) by extensions ['ignore', 'ignore_ament_install']
[0.180s] Level 1:colcon.colcon_core.package_identification:_identify(src/hammerhead_interfaces) by extension 'ignore'
[0.180s] Level 1:colcon.colcon_core.package_identification:_identify(src/hammerhead_interfaces) by extension 'ignore_ament_install'
[0.180s] Level 1:colcon.colcon_core.package_identification:_identify(src/hammerhead_interfaces) by extensions ['colcon_pkg']
[0.180s] Level 1:colcon.colcon_core.package_identification:_identify(src/hammerhead_interfaces) by extension 'colcon_pkg'
[0.180s] Level 1:colcon.colcon_core.package_identification:_identify(src/hammerhead_interfaces) by extensions ['colcon_meta']
[0.180s] Level 1:colcon.colcon_core.package_identification:_identify(src/hammerhead_interfaces) by extension 'colcon_meta'
[0.180s] Level 1:colcon.colcon_core.package_identification:_identify(src/hammerhead_interfaces) by extensions ['ros']
[0.180s] Level 1:colcon.colcon_core.package_identification:_identify(src/hammerhead_interfaces) by extension 'ros'
[0.180s] DEBUG:colcon.colcon_core.package_identification:Package 'src/hammerhead_interfaces' with type 'ros.ament_cmake' and name 'hammerhead_interfaces'
[0.180s] Level 1:colcon.colcon_core.package_identification:_identify(src/hammerhead_serial) by extensions ['ignore', 'ignore_ament_install']
[0.180s] Level 1:colcon.colcon_core.package_identification:_identify(src/hammerhead_serial) by extension 'ignore'
[0.180s] Level 1:colcon.colcon_core.package_identification:_identify(src/hammerhead_serial) by extension 'ignore_ament_install'
[0.180s] Level 1:colcon.colcon_core.package_identification:_identify(src/hammerhead_serial) by extensions ['colcon_pkg']
[0.180s] Level 1:colcon.colcon_core.package_identification:_identify(src/hammerhead_serial) by extension 'colcon_pkg'
[0.180s] Level 1:colcon.colcon_core.package_identification:_identify(src/hammerhead_serial) by extensions ['colcon_meta']
[0.180s] Level 1:colcon.colcon_core.package_identification:_identify(src/hammerhead_serial) by extension 'colcon_meta'
[0.180s] Level 1:colcon.colcon_core.package_identification:_identify(src/hammerhead_serial) by extensions ['ros']
[0.180s] Level 1:colcon.colcon_core.package_identification:_identify(src/hammerhead_serial) by extension 'ros'
[0.181s] DEBUG:colcon.colcon_core.package_identification:Package 'src/hammerhead_serial' with type 'ros.ament_python' and name 'hammerhead_serial'
[0.181s] Level 1:colcon.colcon_core.package_identification:_identify(src/install) by extensions ['ignore', 'ignore_ament_install']
[0.181s] Level 1:colcon.colcon_core.package_identification:_identify(src/install) by extension 'ignore'
[0.181s] Level 1:colcon.colcon_core.package_identification:_identify(src/install) ignored
[0.181s] Level 1:colcon.colcon_core.package_identification:_identify(src/log) by extensions ['ignore', 'ignore_ament_install']
[0.181s] Level 1:colcon.colcon_core.package_identification:_identify(src/log) by extension 'ignore'
[0.181s] Level 1:colcon.colcon_core.package_identification:_identify(src/log) ignored
[0.181s] Level 1:colcon.colcon_core.package_identification:_identify(src/makara_bringup) by extensions ['ignore', 'ignore_ament_install']
[0.181s] Level 1:colcon.colcon_core.package_identification:_identify(src/makara_bringup) by extension 'ignore'
[0.181s] Level 1:colcon.colcon_core.package_identification:_identify(src/makara_bringup) by extension 'ignore_ament_install'
[0.181s] Level 1:colcon.colcon_core.package_identification:_identify(src/makara_bringup) by extensions ['colcon_pkg']
[0.181s] Level 1:colcon.colcon_core.package_identification:_identify(src/makara_bringup) by extension 'colcon_pkg'
[0.181s] Level 1:colcon.colcon_core.package_identification:_identify(src/makara_bringup) by extensions ['colcon_meta']
[0.181s] Level 1:colcon.colcon_core.package_identification:_identify(src/makara_bringup) by extension 'colcon_meta'
[0.181s] Level 1:colcon.colcon_core.package_identification:_identify(src/makara_bringup) by extensions ['ros']
[0.182s] Level 1:colcon.colcon_core.package_identification:_identify(src/makara_bringup) by extension 'ros'
[0.182s] DEBUG:colcon.colcon_core.package_identification:Package 'src/makara_bringup' with type 'ros.ament_python' and name 'makara_bringup'
[0.182s] Level 1:colcon.colcon_core.package_identification:_identify(src/makara_control) by extensions ['ignore', 'ignore_ament_install']
[0.182s] Level 1:colcon.colcon_core.package_identification:_identify(src/makara_control) by extension 'ignore'
[0.182s] Level 1:colcon.colcon_core.package_identification:_identify(src/makara_control) by extension 'ignore_ament_install'
[0.182s] Level 1:colcon.colcon_core.package_identification:_identify(src/makara_control) by extensions ['colcon_pkg']
[0.182s] Level 1:colcon.colcon_core.package_identification:_identify(src/makara_control) by extension 'colcon_pkg'
[0.182s] Level 1:colcon.colcon_core.package_identification:_identify(src/makara_control) by extensions ['colcon_meta']
[0.182s] Level 1:colcon.colcon_core.package_identification:_identify(src/makara_control) by extension 'colcon_meta'
[0.182s] Level 1:colcon.colcon_core.package_identification:_identify(src/makara_control) by extensions ['ros']
[0.182s] Level 1:colcon.colcon_core.package_identification:_identify(src/makara_control) by extension 'ros'
[0.183s] DEBUG:colcon.colcon_core.package_identification:Package 'src/makara_control' with type 'ros.ament_cmake' and name 'makara_control'
[0.183s] Level 1:colcon.colcon_core.package_identification:_identify(src/makara_interfaces) by extensions ['ignore', 'ignore_ament_install']
[0.183s] Level 1:colcon.colcon_core.package_identification:_identify(src/makara_interfaces) by extension 'ignore'
[0.183s] Level 1:colcon.colcon_core.package_identification:_identify(src/makara_interfaces) by extension 'ignore_ament_install'
[0.183s] Level 1:colcon.colcon_core.package_identification:_identify(src/makara_interfaces) by extensions ['colcon_pkg']
[0.183s] Level 1:colcon.colcon_core.package_identification:_identify(src/makara_interfaces) by extension 'colcon_pkg'
[0.183s] Level 1:colcon.colcon_core.package_identification:_identify(src/makara_interfaces) by extensions ['colcon_meta']
[0.183s] Level 1:colcon.colcon_core.package_identification:_identify(src/makara_interfaces) by extension 'colcon_meta'
[0.183s] Level 1:colcon.colcon_core.package_identification:_identify(src/makara_interfaces) by extensions ['ros']
[0.183s] Level 1:colcon.colcon_core.package_identification:_identify(src/makara_interfaces) by extension 'ros'
[0.183s] DEBUG:colcon.colcon_core.package_identification:Package 'src/makara_interfaces' with type 'ros.ament_cmake' and name 'makara_interfaces'
[0.184s] Level 1:colcon.colcon_core.package_identification:_identify(src/makara_serial) by extensions ['ignore', 'ignore_ament_install']
[0.184s] Level 1:colcon.colcon_core.package_identification:_identify(src/makara_serial) by extension 'ignore'
[0.184s] Level 1:colcon.colcon_core.package_identification:_identify(src/makara_serial) by extension 'ignore_ament_install'
[0.184s] Level 1:colcon.colcon_core.package_identification:_identify(src/makara_serial) by extensions ['colcon_pkg']
[0.184s] Level 1:colcon.colcon_core.package_identification:_identify(src/makara_serial) by extension 'colcon_pkg'
[0.184s] Level 1:colcon.colcon_core.package_identification:_identify(src/makara_serial) by extensions ['colcon_meta']
[0.184s] Level 1:colcon.colcon_core.package_identification:_identify(src/makara_serial) by extension 'colcon_meta'
[0.184s] Level 1:colcon.colcon_core.package_identification:_identify(src/makara_serial) by extensions ['ros']
[0.184s] Level 1:colcon.colcon_core.package_identification:_identify(src/makara_serial) by extension 'ros'
[0.185s] DEBUG:colcon.colcon_core.package_identification:Package 'src/makara_serial' with type 'ros.ament_python' and name 'makara_serial'
[0.185s] Level 1:colcon.colcon_core.package_identification:_identify(src/makara_vision) by extensions ['ignore', 'ignore_ament_install']
[0.185s] Level 1:colcon.colcon_core.package_identification:_identify(src/makara_vision) by extension 'ignore'
[0.185s] Level 1:colcon.colcon_core.package_identification:_identify(src/makara_vision) by extension 'ignore_ament_install'
[0.185s] Level 1:colcon.colcon_core.package_identification:_identify(src/makara_vision) by extensions ['colcon_pkg']
[0.185s] Level 1:colcon.colcon_core.package_identification:_identify(src/makara_vision) by extension 'colcon_pkg'
[0.185s] Level 1:colcon.colcon_core.package_identification:_identify(src/makara_vision) by extensions ['colcon_meta']
[0.185s] Level 1:colcon.colcon_core.package_identification:_identify(src/makara_vision) by extension 'colcon_meta'
[0.185s] Level 1:colcon.colcon_core.package_identification:_identify(src/makara_vision) by extensions ['ros']
[0.185s] Level 1:colcon.colcon_core.package_identification:_identify(src/makara_vision) by extension 'ros'
[0.186s] DEBUG:colcon.colcon_core.package_identification:Package 'src/makara_vision' with type 'ros.ament_python' and name 'makara_vision'
[0.186s] Level 1:colcon.colcon_core.package_identification:_identify(src/state_estimation) by extensions ['ignore', 'ignore_ament_install']
[0.186s] Level 1:colcon.colcon_core.package_identification:_identify(src/state_estimation) by extension 'ignore'
[0.186s] Level 1:colcon.colcon_core.package_identification:_identify(src/state_estimation) by extension 'ignore_ament_install'
[0.186s] Level 1:colcon.colcon_core.package_identification:_identify(src/state_estimation) by extensions ['colcon_pkg']
[0.186s] Level 1:colcon.colcon_core.package_identification:_identify(src/state_estimation) by extension 'colcon_pkg'
[0.186s] Level 1:colcon.colcon_core.package_identification:_identify(src/state_estimation) by extensions ['colcon_meta']
[0.186s] Level 1:colcon.colcon_core.package_identification:_identify(src/state_estimation) by extension 'colcon_meta'
[0.186s] Level 1:colcon.colcon_core.package_identification:_identify(src/state_estimation) by extensions ['ros']
[0.186s] Level 1:colcon.colcon_core.package_identification:_identify(src/state_estimation) by extension 'ros'
[0.186s] Level 1:colcon.colcon_core.package_identification:_identify(src/state_estimation) by extensions ['cmake', 'python']
[0.186s] Level 1:colcon.colcon_core.package_identification:_identify(src/state_estimation) by extension 'cmake'
[0.186s] Level 1:colcon.colcon_core.package_identification:_identify(src/state_estimation) by extension 'python'
[0.186s] Level 1:colcon.colcon_core.package_identification:_identify(src/state_estimation) by extensions ['python_setup_py']
[0.186s] Level 1:colcon.colcon_core.package_identification:_identify(src/state_estimation) by extension 'python_setup_py'
[0.187s] Level 1:colcon.colcon_core.package_identification:_identify(src/uuv_descriptions) by extensions ['ignore', 'ignore_ament_install']
[0.187s] Level 1:colcon.colcon_core.package_identification:_identify(src/uuv_descriptions) by extension 'ignore'
[0.187s] Level 1:colcon.colcon_core.package_identification:_identify(src/uuv_descriptions) by extension 'ignore_ament_install'
[0.187s] Level 1:colcon.colcon_core.package_identification:_identify(src/uuv_descriptions) by extensions ['colcon_pkg']
[0.187s] Level 1:colcon.colcon_core.package_identification:_identify(src/uuv_descriptions) by extension 'colcon_pkg'
[0.187s] Level 1:colcon.colcon_core.package_identification:_identify(src/uuv_descriptions) by extensions ['colcon_meta']
[0.187s] Level 1:colcon.colcon_core.package_identification:_identify(src/uuv_descriptions) by extension 'colcon_meta'
[0.187s] Level 1:colcon.colcon_core.package_identification:_identify(src/uuv_descriptions) by extensions ['ros']
[0.188s] Level 1:colcon.colcon_core.package_identification:_identify(src/uuv_descriptions) by extension 'ros'
[0.188s] DEBUG:colcon.colcon_core.package_identification:Package 'src/uuv_descriptions' with type 'ros.ament_python' and name 'uuv_descriptions'
[0.189s] Level 1:colcon.colcon_core.package_identification:_identify(src/uuv_gazebo_ros_plugins) by extensions ['ignore', 'ignore_ament_install']
[0.189s] Level 1:colcon.colcon_core.package_identification:_identify(src/uuv_gazebo_ros_plugins) by extension 'ignore'
[0.189s] Level 1:colcon.colcon_core.package_identification:_identify(src/uuv_gazebo_ros_plugins) by extension 'ignore_ament_install'
[0.189s] Level 1:colcon.colcon_core.package_identification:_identify(src/uuv_gazebo_ros_plugins) by extensions ['colcon_pkg']
[0.189s] Level 1:colcon.colcon_core.package_identification:_identify(src/uuv_gazebo_ros_plugins) by extension 'colcon_pkg'
[0.189s] Level 1:colcon.colcon_core.package_identification:_identify(src/uuv_gazebo_ros_plugins) by extensions ['colcon_meta']
[0.189s] Level 1:colcon.colcon_core.package_identification:_identify(src/uuv_gazebo_ros_plugins) by extension 'colcon_meta'
[0.189s] Level 1:colcon.colcon_core.package_identification:_identify(src/uuv_gazebo_ros_plugins) by extensions ['ros']
[0.189s] Level 1:colcon.colcon_core.package_identification:_identify(src/uuv_gazebo_ros_plugins) by extension 'ros'
[0.190s] DEBUG:colcon.colcon_core.package_identification:Package 'src/uuv_gazebo_ros_plugins' with type 'ros.ament_python' and name 'uuv_gazebo_ros_plugins'
[0.190s] Level 1:colcon.colcon_core.package_identification:_identify(src/uuv_sensor_ros_plugins) by extensions ['ignore', 'ignore_ament_install']
[0.190s] Level 1:colcon.colcon_core.package_identification:_identify(src/uuv_sensor_ros_plugins) by extension 'ignore'
[0.190s] Level 1:colcon.colcon_core.package_identification:_identify(src/uuv_sensor_ros_plugins) by extension 'ignore_ament_install'
[0.190s] Level 1:colcon.colcon_core.package_identification:_identify(src/uuv_sensor_ros_plugins) by extensions ['colcon_pkg']
[0.190s] Level 1:colcon.colcon_core.package_identification:_identify(src/uuv_sensor_ros_plugins) by extension 'colcon_pkg'
[0.190s] Level 1:colcon.colcon_core.package_identification:_identify(src/uuv_sensor_ros_plugins) by extensions ['colcon_meta']
[0.190s] Level 1:colcon.colcon_core.package_identification:_identify(src/uuv_sensor_ros_plugins) by extension 'colcon_meta'
[0.190s] Level 1:colcon.colcon_core.package_identification:_identify(src/uuv_sensor_ros_plugins) by extensions ['ros']
[0.190s] Level 1:colcon.colcon_core.package_identification:_identify(src/uuv_sensor_ros_plugins) by extension 'ros'
[0.190s] DEBUG:colcon.colcon_core.package_identification:Package 'src/uuv_sensor_ros_plugins' with type 'ros.ament_python' and name 'uuv_sensor_ros_plugins'
[0.190s] Level 1:colcon.colcon_core.package_discovery:discover_packages(recursive) using defaults
[0.190s] Level 1:colcon.colcon_core.package_discovery:discover_packages(ignore) discover
[0.190s] Level 1:colcon.colcon_core.package_discovery:discover_packages(ignore) using defaults
[0.190s] Level 1:colcon.colcon_core.package_discovery:discover_packages(path) discover
[0.190s] Level 1:colcon.colcon_core.package_discovery:discover_packages(path) using defaults
[0.207s] Level 1:colcon.colcon_core.package_discovery:discover_packages(prefix_path) check parameters
[0.207s] Level 1:colcon.colcon_core.package_discovery:discover_packages(prefix_path) discover
[0.209s] DEBUG:colcon.colcon_installed_package_information.package_discovery:Found 319 installed packages in /opt/ros/jazzy
[0.210s] Level 1:colcon.colcon_core.package_discovery:discover_packages(prefix_path) using defaults
[0.231s] Level 5:colcon.colcon_core.verb:set package 'StateSpace' build argument 'cmake_args' from command line to 'None'
[0.231s] Level 5:colcon.colcon_core.verb:set package 'StateSpace' build argument 'cmake_target' from command line to 'None'
[0.231s] Level 5:colcon.colcon_core.verb:set package 'StateSpace' build argument 'cmake_target_skip_unavailable' from command line to 'False'
[0.231s] Level 5:colcon.colcon_core.verb:set package 'StateSpace' build argument 'cmake_clean_cache' from command line to 'False'
[0.231s] Level 5:colcon.colcon_core.verb:set package 'StateSpace' build argument 'cmake_clean_first' from command line to 'False'
[0.231s] Level 5:colcon.colcon_core.verb:set package 'StateSpace' build argument 'cmake_force_configure' from command line to 'False'
[0.231s] Level 5:colcon.colcon_core.verb:set package 'StateSpace' build argument 'ament_cmake_args' from command line to 'None'
[0.231s] Level 5:colcon.colcon_core.verb:set package 'StateSpace' build argument 'catkin_cmake_args' from command line to 'None'
[0.231s] Level 5:colcon.colcon_core.verb:set package 'StateSpace' build argument 'catkin_skip_building_tests' from command line to 'False'
[0.231s] DEBUG:colcon.colcon_core.verb:Building package 'StateSpace' with the following arguments: {'ament_cmake_args': None, 'build_base': '/home/swayanshree/projects/Makara-AUV-ROS2/build/StateSpace', 'catkin_cmake_args': None, 'catkin_skip_building_tests': False, 'cmake_args': None, 'cmake_clean_cache': False, 'cmake_clean_first': False, 'cmake_force_configure': False, 'cmake_target': None, 'cmake_target_skip_unavailable': False, 'install_base': '/home/swayanshree/projects/Makara-AUV-ROS2/install/StateSpace', 'merge_install': False, 'path': '/home/swayanshree/projects/Makara-AUV-ROS2/src/StateSpace', 'symlink_install': False, 'test_result_base': None}
[0.231s] Level 5:colcon.colcon_core.verb:set package 'auv_description' build argument 'cmake_args' from command line to 'None'
[0.231s] Level 5:colcon.colcon_core.verb:set package 'auv_description' build argument 'cmake_target' from command line to 'None'
[0.231s] Level 5:colcon.colcon_core.verb:set package 'auv_description' build argument 'cmake_target_skip_unavailable' from command line to 'False'
[0.231s] Level 5:colcon.colcon_core.verb:set package 'auv_description' build argument 'cmake_clean_cache' from command line to 'False'
[0.231s] Level 5:colcon.colcon_core.verb:set package 'auv_description' build argument 'cmake_clean_first' from command line to 'False'
[0.231s] Level 5:colcon.colcon_core.verb:set package 'auv_description' build argument 'cmake_force_configure' from command line to 'False'
[0.231s] Level 5:colcon.colcon_core.verb:set package 'auv_description' build argument 'ament_cmake_args' from command line to 'None'
[0.231s] Level 5:colcon.colcon_core.verb:set package 'auv_description' build argument 'catkin_cmake_args' from command line to 'None'
[0.232s] Level 5:colcon.colcon_core.verb:set package 'auv_description' build argument 'catkin_skip_building_tests' from command line to 'False'
[0.232s] DEBUG:colcon.colcon_core.verb:Building package 'auv_description' with the following arguments: {'ament_cmake_args': None, 'build_base': '/home/swayanshree/projects/Makara-AUV-ROS2/build/auv_description', 'catkin_cmake_args': None, 'catkin_skip_building_tests': False, 'cmake_args': None, 'cmake_clean_cache': False, 'cmake_clean_first': False, 'cmake_force_configure': False, 'cmake_target': None, 'cmake_target_skip_unavailable': False, 'install_base': '/home/swayanshree/projects/Makara-AUV-ROS2/install/auv_description', 'merge_install': False, 'path': '/home/swayanshree/projects/Makara-AUV-ROS2/src/auv_description', 'symlink_install': False, 'test_result_base': None}
[0.232s] Level 5:colcon.colcon_core.verb:set package 'bluerov2_description' build argument 'cmake_args' from command line to 'None'
[0.232s] Level 5:colcon.colcon_core.verb:set package 'bluerov2_description' build argument 'cmake_target' from command line to 'None'
[0.232s] Level 5:colcon.colcon_core.verb:set package 'bluerov2_description' build argument 'cmake_target_skip_unavailable' from command line to 'False'
[0.232s] Level 5:colcon.colcon_core.verb:set package 'bluerov2_description' build argument 'cmake_clean_cache' from command line to 'False'
[0.232s] Level 5:colcon.colcon_core.verb:set package 'bluerov2_description' build argument 'cmake_clean_first' from command line to 'False'
[0.232s] Level 5:colcon.colcon_core.verb:set package 'bluerov2_description' build argument 'cmake_force_configure' from command line to 'False'
[0.232s] Level 5:colcon.colcon_core.verb:set package 'bluerov2_description' build argument 'ament_cmake_args' from command line to 'None'
[0.232s] Level 5:colcon.colcon_core.verb:set package 'bluerov2_description' build argument 'catkin_cmake_args' from command line to 'None'
[0.232s] Level 5:colcon.colcon_core.verb:set package 'bluerov2_description' build argument 'catkin_skip_building_tests' from command line to 'False'
[0.232s] DEBUG:colcon.colcon_core.verb:Building package 'bluerov2_description' with the following arguments: {'ament_cmake_args': None, 'build_base': '/home/swayanshree/projects/Makara-AUV-ROS2/build/bluerov2_description', 'catkin_cmake_args': None, 'catkin_skip_building_tests': False, 'cmake_args': None, 'cmake_clean_cache': False, 'cmake_clean_first': False, 'cmake_force_configure': False, 'cmake_target': None, 'cmake_target_skip_unavailable': False, 'install_base': '/home/swayanshree/projects/Makara-AUV-ROS2/install/bluerov2_description', 'merge_install': False, 'path': '/home/swayanshree/projects/Makara-AUV-ROS2/src/bluerov2_description', 'symlink_install': False, 'test_result_base': None}
[0.232s] Level 5:colcon.colcon_core.verb:set package 'data_sync' build argument 'cmake_args' from command line to 'None'
[0.232s] Level 5:colcon.colcon_core.verb:set package 'data_sync' build argument 'cmake_target' from command line to 'None'
[0.232s] Level 5:colcon.colcon_core.verb:set package 'data_sync' build argument 'cmake_target_skip_unavailable' from command line to 'False'
[0.232s] Level 5:colcon.colcon_core.verb:set package 'data_sync' build argument 'cmake_clean_cache' from command line to 'False'
[0.232s] Level 5:colcon.colcon_core.verb:set package 'data_sync' build argument 'cmake_clean_first' from command line to 'False'
[0.232s] Level 5:colcon.colcon_core.verb:set package 'data_sync' build argument 'cmake_force_configure' from command line to 'False'
[0.232s] Level 5:colcon.colcon_core.verb:set package 'data_sync' build argument 'ament_cmake_args' from command line to 'None'
[0.232s] Level 5:colcon.colcon_core.verb:set package 'data_sync' build argument 'catkin_cmake_args' from command line to 'None'
[0.232s] Level 5:colcon.colcon_core.verb:set package 'data_sync' build argument 'catkin_skip_building_tests' from command line to 'False'
[0.232s] DEBUG:colcon.colcon_core.verb:Building package 'data_sync' with the following arguments: {'ament_cmake_args': None, 'build_base': '/home/swayanshree/projects/Makara-AUV-ROS2/build/data_sync', 'catkin_cmake_args': None, 'catkin_skip_building_tests': False, 'cmake_args': None, 'cmake_clean_cache': False, 'cmake_clean_first': False, 'cmake_force_configure': False, 'cmake_target': None, 'cmake_target_skip_unavailable': False, 'install_base': '/home/swayanshree/projects/Makara-AUV-ROS2/install/data_sync', 'merge_install': False, 'path': '/home/swayanshree/projects/Makara-AUV-ROS2/src/data_sync', 'symlink_install': False, 'test_result_base': None}
[0.232s] Level 5:colcon.colcon_core.verb:set package 'hammerhead_interfaces' build argument 'cmake_args' from command line to 'None'
[0.232s] Level 5:colcon.colcon_core.verb:set package 'hammerhead_interfaces' build argument 'cmake_target' from command line to 'None'
[0.232s] Level 5:colcon.colcon_core.verb:set package 'hammerhead_interfaces' build argument 'cmake_target_skip_unavailable' from command line to 'False'
[0.232s] Level 5:colcon.colcon_core.verb:set package 'hammerhead_interfaces' build argument 'cmake_clean_cache' from command line to 'False'
[0.232s] Level 5:colcon.colcon_core.verb:set package 'hammerhead_interfaces' build argument 'cmake_clean_first' from command line to 'False'
[0.232s] Level 5:colcon.colcon_core.verb:set package 'hammerhead_interfaces' build argument 'cmake_force_configure' from command line to 'False'
[0.232s] Level 5:colcon.colcon_core.verb:set package 'hammerhead_interfaces' build argument 'ament_cmake_args' from command line to 'None'
[0.232s] Level 5:colcon.colcon_core.verb:set package 'hammerhead_interfaces' build argument 'catkin_cmake_args' from command line to 'None'
[0.232s] Level 5:colcon.colcon_core.verb:set package 'hammerhead_interfaces' build argument 'catkin_skip_building_tests' from command line to 'False'
[0.232s] DEBUG:colcon.colcon_core.verb:Building package 'hammerhead_interfaces' with the following arguments: {'ament_cmake_args': None, 'build_base': '/home/swayanshree/projects/Makara-AUV-ROS2/build/hammerhead_interfaces', 'catkin_cmake_args': None, 'catkin_skip_building_tests': False, 'cmake_args': None, 'cmake_clean_cache': False, 'cmake_clean_first': False, 'cmake_force_configure': False, 'cmake_target': None, 'cmake_target_skip_unavailable': False, 'install_base': '/home/swayanshree/projects/Makara-AUV-ROS2/install/hammerhead_interfaces', 'merge_install': False, 'path': '/home/swayanshree/projects/Makara-AUV-ROS2/src/hammerhead_interfaces', 'symlink_install': False, 'test_result_base': None}
[0.232s] Level 5:colcon.colcon_core.verb:set package 'makara_bringup' build argument 'cmake_args' from command line to 'None'
[0.232s] Level 5:colcon.colcon_core.verb:set package 'makara_bringup' build argument 'cmake_target' from command line to 'None'
[0.232s] Level 5:colcon.colcon_core.verb:set package 'makara_bringup' build argument 'cmake_target_skip_unavailable' from command line to 'False'
[0.232s] Level 5:colcon.colcon_core.verb:set package 'makara_bringup' build argument 'cmake_clean_cache' from command line to 'False'
[0.232s] Level 5:colcon.colcon_core.verb:set package 'makara_bringup' build argument 'cmake_clean_first' from command line to 'False'
[0.232s] Level 5:colcon.colcon_core.verb:set package 'makara_bringup' build argument 'cmake_force_configure' from command line to 'False'
[0.232s] Level 5:colcon.colcon_core.verb:set package 'makara_bringup' build argument 'ament_cmake_args' from command line to 'None'
[0.232s] Level 5:colcon.colcon_core.verb:set package 'makara_bringup' build argument 'catkin_cmake_args' from command line to 'None'
[0.232s] Level 5:colcon.colcon_core.verb:set package 'makara_bringup' build argument 'catkin_skip_building_tests' from command line to 'False'
[0.232s] DEBUG:colcon.colcon_core.verb:Building package 'makara_bringup' with the following arguments: {'ament_cmake_args': None, 'build_base': '/home/swayanshree/projects/Makara-AUV-ROS2/build/makara_bringup', 'catkin_cmake_args': None, 'catkin_skip_building_tests': False, 'cmake_args': None, 'cmake_clean_cache': False, 'cmake_clean_first': False, 'cmake_force_configure': False, 'cmake_target': None, 'cmake_target_skip_unavailable': False, 'install_base': '/home/swayanshree/projects/Makara-AUV-ROS2/install/makara_bringup', 'merge_install': False, 'path': '/home/swayanshree/projects/Makara-AUV-ROS2/src/makara_bringup', 'symlink_install': False, 'test_result_base': None}
[0.232s] Level 5:colcon.colcon_core.verb:set package 'makara_interfaces' build argument 'cmake_args' from command line to 'None'
[0.232s] Level 5:colcon.colcon_core.verb:set package 'makara_interfaces' build argument 'cmake_target' from command line to 'None'
[0.232s] Level 5:colcon.colcon_core.verb:set package 'makara_interfaces' build argument 'cmake_target_skip_unavailable' from command line to 'False'
[0.232s] Level 5:colcon.colcon_core.verb:set package 'makara_interfaces' build argument 'cmake_clean_cache' from command line to 'False'
[0.232s] Level 5:colcon.colcon_core.verb:set package 'makara_interfaces' build argument 'cmake_clean_first' from command line to 'False'
[0.232s] Level 5:colcon.colcon_core.verb:set package 'makara_interfaces' build argument 'cmake_force_configure' from command line to 'False'
[0.232s] Level 5:colcon.colcon_core.verb:set package 'makara_interfaces' build argument 'ament_cmake_args' from command line to 'None'
[0.232s] Level 5:colcon.colcon_core.verb:set package 'makara_interfaces' build argument 'catkin_cmake_args' from command line to 'None'
[0.233s] Level 5:colcon.colcon_core.verb:set package 'makara_interfaces' build argument 'catkin_skip_building_tests' from command line to 'False'
[0.233s] DEBUG:colcon.colcon_core.verb:Building package 'makara_interfaces' with the following arguments: {'ament_cmake_args': None, 'build_base': '/home/swayanshree/projects/Makara-AUV-ROS2/build/makara_interfaces', 'catkin_cmake_args': None, 'catkin_skip_building_tests': False, 'cmake_args': None, 'cmake_clean_cache': False, 'cmake_clean_first': False, 'cmake_force_configure': False, 'cmake_target': None, 'cmake_target_skip_unavailable': False, 'install_base': '/home/swayanshree/projects/Makara-AUV-ROS2/install/makara_interfaces', 'merge_install': False, 'path': '/home/swayanshree/projects/Makara-AUV-ROS2/src/makara_interfaces', 'symlink_install': False, 'test_result_base': None}
[0.233s] Level 5:colcon.colcon_core.verb:set package 'makara_vision' build argument 'cmake_args' from command line to 'None'
[0.233s] Level 5:colcon.colcon_core.verb:set package 'makara_vision' build argument 'cmake_target' from command line to 'None'
[0.233s] Level 5:colcon.colcon_core.verb:set package 'makara_vision' build argument 'cmake_target_skip_unavailable' from command line to 'False'
[0.233s] Level 5:colcon.colcon_core.verb:set package 'makara_vision' build argument 'cmake_clean_cache' from command line to 'False'
[0.233s] Level 5:colcon.colcon_core.verb:set package 'makara_vision' build argument 'cmake_clean_first' from command line to 'False'
[0.233s] Level 5:colcon.colcon_core.verb:set package 'makara_vision' build argument 'cmake_force_configure' from command line to 'False'
[0.233s] Level 5:colcon.colcon_core.verb:set package 'makara_vision' build argument 'ament_cmake_args' from command line to 'None'
[0.233s] Level 5:colcon.colcon_core.verb:set package 'makara_vision' build argument 'catkin_cmake_args' from command line to 'None'
[0.233s] Level 5:colcon.colcon_core.verb:set package 'makara_vision' build argument 'catkin_skip_building_tests' from command line to 'False'
[0.233s] DEBUG:colcon.colcon_core.verb:Building package 'makara_vision' with the following arguments: {'ament_cmake_args': None, 'build_base': '/home/swayanshree/projects/Makara-AUV-ROS2/build/makara_vision', 'catkin_cmake_args': None, 'catkin_skip_building_tests': False, 'cmake_args': None, 'cmake_clean_cache': False, 'cmake_clean_first': False, 'cmake_force_configure': False, 'cmake_target': None, 'cmake_target_skip_unavailable': False, 'install_base': '/home/swayanshree/projects/Makara-AUV-ROS2/install/makara_vision', 'merge_install': False, 'path': '/home/swayanshree/projects/Makara-AUV-ROS2/src/makara_vision', 'symlink_install': False, 'test_result_base': None}
[0.233s] Level 5:colcon.colcon_core.verb:set package 'uuv_descriptions' build argument 'cmake_args' from command line to 'None'
[0.233s] Level 5:colcon.colcon_core.verb:set package 'uuv_descriptions' build argument 'cmake_target' from command line to 'None'
[0.233s] Level 5:colcon.colcon_core.verb:set package 'uuv_descriptions' build argument 'cmake_target_skip_unavailable' from command line to 'False'
[0.233s] Level 5:colcon.colcon_core.verb:set package 'uuv_descriptions' build argument 'cmake_clean_cache' from command line to 'False'
[0.233s] Level 5:colcon.colcon_core.verb:set package 'uuv_descriptions' build argument 'cmake_clean_first' from command line to 'False'
[0.233s] Level 5:colcon.colcon_core.verb:set package 'uuv_descriptions' build argument 'cmake_force_configure' from command line to 'False'
[0.233s] Level 5:colcon.colcon_core.verb:set package 'uuv_descriptions' build argument 'ament_cmake_args' from command line to 'None'
[0.233s] Level 5:colcon.colcon_core.verb:set package 'uuv_descriptions' build argument 'catkin_cmake_args' from command line to 'None'
[0.233s] Level 5:colcon.colcon_core.verb:set package 'uuv_descriptions' build argument 'catkin_skip_building_tests' from command line to 'False'
[0.233s] DEBUG:colcon.colcon_core.verb:Building package 'uuv_descriptions' with the following arguments: {'ament_cmake_args': None, 'build_base': '/home/swayanshree/projects/Makara-AUV-ROS2/build/uuv_descriptions', 'catkin_cmake_args': None, 'catkin_skip_building_tests': False, 'cmake_args': None, 'cmake_clean_cache': False, 'cmake_clean_first': False, 'cmake_force_configure': False, 'cmake_target': None, 'cmake_target_skip_unavailable': False, 'install_base': '/home/swayanshree/projects/Makara-AUV-ROS2/install/uuv_descriptions', 'merge_install': False, 'path': '/home/swayanshree/projects/Makara-AUV-ROS2/src/uuv_descriptions', 'symlink_install': False, 'test_result_base': None}
[0.233s] Level 5:colcon.colcon_core.verb:set package 'uuv_gazebo_ros_plugins' build argument 'cmake_args' from command line to 'None'
[0.233s] Level 5:colcon.colcon_core.verb:set package 'uuv_gazebo_ros_plugins' build argument 'cmake_target' from command line to 'None'
[0.233s] Level 5:colcon.colcon_core.verb:set package 'uuv_gazebo_ros_plugins' build argument 'cmake_target_skip_unavailable' from command line to 'False'
[0.233s] Level 5:colcon.colcon_core.verb:set package 'uuv_gazebo_ros_plugins' build argument 'cmake_clean_cache' from command line to 'False'
[0.233s] Level 5:colcon.colcon_core.verb:set package 'uuv_gazebo_ros_plugins' build argument 'cmake_clean_first' from command line to 'False'
[0.233s] Level 5:colcon.colcon_core.verb:set package 'uuv_gazebo_ros_plugins' build argument 'cmake_force_configure' from command line to 'False'
[0.233s] Level 5:colcon.colcon_core.verb:set package 'uuv_gazebo_ros_plugins' build argument 'ament_cmake_args' from command line to 'None'
[0.233s] Level 5:colcon.colcon_core.verb:set package 'uuv_gazebo_ros_plugins' build argument 'catkin_cmake_args' from command line to 'None'
[0.233s] Level 5:colcon.colcon_core.verb:set package 'uuv_gazebo_ros_plugins' build argument 'catkin_skip_building_tests' from command line to 'False'
[0.233s] DEBUG:colcon.colcon_core.verb:Building package 'uuv_gazebo_ros_plugins' with the following arguments: {'ament_cmake_args': None, 'build_base': '/home/swayanshree/projects/Makara-AUV-ROS2/build/uuv_gazebo_ros_plugins', 'catkin_cmake_args': None, 'catkin_skip_building_tests': False, 'cmake_args': None, 'cmake_clean_cache': False, 'cmake_clean_first': False, 'cmake_force_configure': False, 'cmake_target': None, 'cmake_target_skip_unavailable': False, 'install_base': '/home/swayanshree/projects/Makara-AUV-ROS2/install/uuv_gazebo_ros_plugins', 'merge_install': False, 'path': '/home/swayanshree/projects/Makara-AUV-ROS2/src/uuv_gazebo_ros_plugins', 'symlink_install': False, 'test_result_base': None}
[0.233s] Level 5:colcon.colcon_core.verb:set package 'uuv_sensor_ros_plugins' build argument 'cmake_args' from command line to 'None'
[0.233s] Level 5:colcon.colcon_core.verb:set package 'uuv_sensor_ros_plugins' build argument 'cmake_target' from command line to 'None'
[0.233s] Level 5:colcon.colcon_core.verb:set package 'uuv_sensor_ros_plugins' build argument 'cmake_target_skip_unavailable' from command line to 'False'
[0.233s] Level 5:colcon.colcon_core.verb:set package 'uuv_sensor_ros_plugins' build argument 'cmake_clean_cache' from command line to 'False'
[0.233s] Level 5:colcon.colcon_core.verb:set package 'uuv_sensor_ros_plugins' build argument 'cmake_clean_first' from command line to 'False'
[0.233s] Level 5:colcon.colcon_core.verb:set package 'uuv_sensor_ros_plugins' build argument 'cmake_force_configure' from command line to 'False'
[0.233s] Level 5:colcon.colcon_core.verb:set package 'uuv_sensor_ros_plugins' build argument 'ament_cmake_args' from command line to 'None'
[0.233s] Level 5:colcon.colcon_core.verb:set package 'uuv_sensor_ros_plugins' build argument 'catkin_cmake_args' from command line to 'None'
[0.233s] Level 5:colcon.colcon_core.verb:set package 'uuv_sensor_ros_plugins' build argument 'catkin_skip_building_tests' from command line to 'False'
[0.233s] DEBUG:colcon.colcon_core.verb:Building package 'uuv_sensor_ros_plugins' with the following arguments: {'ament_cmake_args': None, 'build_base': '/home/swayanshree/projects/Makara-AUV-ROS2/build/uuv_sensor_ros_plugins', 'catkin_cmake_args': None, 'catkin_skip_building_tests': False, 'cmake_args': None, 'cmake_clean_cache': False, 'cmake_clean_first': False, 'cmake_force_configure': False, 'cmake_target': None, 'cmake_target_skip_unavailable': False, 'install_base': '/home/swayanshree/projects/Makara-AUV-ROS2/install/uuv_sensor_ros_plugins', 'merge_install': False, 'path': '/home/swayanshree/projects/Makara-AUV-ROS2/src/uuv_sensor_ros_plugins', 'symlink_install': False, 'test_result_base': None}
[0.233s] Level 5:colcon.colcon_core.verb:set package 'ardupilot_attitude_control' build argument 'cmake_args' from command line to 'None'
[0.233s] Level 5:colcon.colcon_core.verb:set package 'ardupilot_attitude_control' build argument 'cmake_target' from command line to 'None'
[0.233s] Level 5:colcon.colcon_core.verb:set package 'ardupilot_attitude_control' build argument 'cmake_target_skip_unavailable' from command line to 'False'
[0.233s] Level 5:colcon.colcon_core.verb:set package 'ardupilot_attitude_control' build argument 'cmake_clean_cache' from command line to 'False'
[0.233s] Level 5:colcon.colcon_core.verb:set package 'ardupilot_attitude_control' build argument 'cmake_clean_first' from command line to 'False'
[0.233s] Level 5:colcon.colcon_core.verb:set package 'ardupilot_attitude_control' build argument 'cmake_force_configure' from command line to 'False'
[0.233s] Level 5:colcon.colcon_core.verb:set package 'ardupilot_attitude_control' build argument 'ament_cmake_args' from command line to 'None'
[0.233s] Level 5:colcon.colcon_core.verb:set package 'ardupilot_attitude_control' build argument 'catkin_cmake_args' from command line to 'None'
[0.233s] Level 5:colcon.colcon_core.verb:set package 'ardupilot_attitude_control' build argument 'catkin_skip_building_tests' from command line to 'False'
[0.233s] DEBUG:colcon.colcon_core.verb:Building package 'ardupilot_attitude_control' with the following arguments: {'ament_cmake_args': None, 'build_base': '/home/swayanshree/projects/Makara-AUV-ROS2/build/ardupilot_attitude_control', 'catkin_cmake_args': None, 'catkin_skip_building_tests': False, 'cmake_args': None, 'cmake_clean_cache': False, 'cmake_clean_first': False, 'cmake_force_configure': False, 'cmake_target': None, 'cmake_target_skip_unavailable': False, 'install_base': '/home/swayanshree/projects/Makara-AUV-ROS2/install/ardupilot_attitude_control', 'merge_install': False, 'path': '/home/swayanshree/projects/Makara-AUV-ROS2/src/ardupilot_attitude_control', 'symlink_install': False, 'test_result_base': None}
[0.234s] Level 5:colcon.colcon_core.verb:set package 'hammerhead_serial' build argument 'cmake_args' from command line to 'None'
[0.234s] Level 5:colcon.colcon_core.verb:set package 'hammerhead_serial' build argument 'cmake_target' from command line to 'None'
[0.234s] Level 5:colcon.colcon_core.verb:set package 'hammerhead_serial' build argument 'cmake_target_skip_unavailable' from command line to 'False'
[0.234s] Level 5:colcon.colcon_core.verb:set package 'hammerhead_serial' build argument 'cmake_clean_cache' from command line to 'False'
[0.234s] Level 5:colcon.colcon_core.verb:set package 'hammerhead_serial' build argument 'cmake_clean_first' from command line to 'False'
[0.234s] Level 5:colcon.colcon_core.verb:set package 'hammerhead_serial' build argument 'cmake_force_configure' from command line to 'False'
[0.234s] Level 5:colcon.colcon_core.verb:set package 'hammerhead_serial' build argument 'ament_cmake_args' from command line to 'None'
[0.234s] Level 5:colcon.colcon_core.verb:set package 'hammerhead_serial' build argument 'catkin_cmake_args' from command line to 'None'
[0.234s] Level 5:colcon.colcon_core.verb:set package 'hammerhead_serial' build argument 'catkin_skip_building_tests' from command line to 'False'
[0.234s] DEBUG:colcon.colcon_core.verb:Building package 'hammerhead_serial' with the following arguments: {'ament_cmake_args': None, 'build_base': '/home/swayanshree/projects/Makara-AUV-ROS2/build/hammerhead_serial', 'catkin_cmake_args': None, 'catkin_skip_building_tests': False, 'cmake_args': None, 'cmake_clean_cache': False, 'cmake_clean_first': False, 'cmake_force_configure': False, 'cmake_target': None, 'cmake_target_skip_unavailable': False, 'install_base': '/home/swayanshree/projects/Makara-AUV-ROS2/install/hammerhead_serial', 'merge_install': False, 'path': '/home/swayanshree/projects/Makara-AUV-ROS2/src/hammerhead_serial', 'symlink_install': False, 'test_result_base': None}
[0.234s] Level 5:colcon.colcon_core.verb:set package 'makara_control' build argument 'cmake_args' from command line to 'None'
[0.234s] Level 5:colcon.colcon_core.verb:set package 'makara_control' build argument 'cmake_target' from command line to 'None'
[0.234s] Level 5:colcon.colcon_core.verb:set package 'makara_control' build argument 'cmake_target_skip_unavailable' from command line to 'False'
[0.234s] Level 5:colcon.colcon_core.verb:set package 'makara_control' build argument 'cmake_clean_cache' from command line to 'False'
[0.234s] Level 5:colcon.colcon_core.verb:set package 'makara_control' build argument 'cmake_clean_first' from command line to 'False'
[0.234s] Level 5:colcon.colcon_core.verb:set package 'makara_control' build argument 'cmake_force_configure' from command line to 'False'
[0.234s] Level 5:colcon.colcon_core.verb:set package 'makara_control' build argument 'ament_cmake_args' from command line to 'None'
[0.234s] Level 5:colcon.colcon_core.verb:set package 'makara_control' build argument 'catkin_cmake_args' from command line to 'None'
[0.234s] Level 5:colcon.colcon_core.verb:set package 'makara_control' build argument 'catkin_skip_building_tests' from command line to 'False'
[0.234s] DEBUG:colcon.colcon_core.verb:Building package 'makara_control' with the following arguments: {'ament_cmake_args': None, 'build_base': '/home/swayanshree/projects/Makara-AUV-ROS2/build/makara_control', 'catkin_cmake_args': None, 'catkin_skip_building_tests': False, 'cmake_args': None, 'cmake_clean_cache': False, 'cmake_clean_first': False, 'cmake_force_configure': False, 'cmake_target': None, 'cmake_target_skip_unavailable': False, 'install_base': '/home/swayanshree/projects/Makara-AUV-ROS2/install/makara_control', 'merge_install': False, 'path': '/home/swayanshree/projects/Makara-AUV-ROS2/src/makara_control', 'symlink_install': False, 'test_result_base': None}
[0.234s] Level 5:colcon.colcon_core.verb:set package 'makara_serial' build argument 'cmake_args' from command line to 'None'
[0.234s] Level 5:colcon.colcon_core.verb:set package 'makara_serial' build argument 'cmake_target' from command line to 'None'
[0.234s] Level 5:colcon.colcon_core.verb:set package 'makara_serial' build argument 'cmake_target_skip_unavailable' from command line to 'False'
[0.234s] Level 5:colcon.colcon_core.verb:set package 'makara_serial' build argument 'cmake_clean_cache' from command line to 'False'
[0.234s] Level 5:colcon.colcon_core.verb:set package 'makara_serial' build argument 'cmake_clean_first' from command line to 'False'
[0.234s] Level 5:colcon.colcon_core.verb:set package 'makara_serial' build argument 'cmake_force_configure' from command line to 'False'
[0.234s] Level 5:colcon.colcon_core.verb:set package 'makara_serial' build argument 'ament_cmake_args' from command line to 'None'
[0.234s] Level 5:colcon.colcon_core.verb:set package 'makara_serial' build argument 'catkin_cmake_args' from command line to 'None'
[0.234s] Level 5:colcon.colcon_core.verb:set package 'makara_serial' build argument 'catkin_skip_building_tests' from command line to 'False'
[0.234s] DEBUG:colcon.colcon_core.verb:Building package 'makara_serial' with the following arguments: {'ament_cmake_args': None, 'build_base': '/home/swayanshree/projects/Makara-AUV-ROS2/build/makara_serial', 'catkin_cmake_args': None, 'catkin_skip_building_tests': False, 'cmake_args': None, 'cmake_clean_cache': False, 'cmake_clean_first': False, 'cmake_force_configure': False, 'cmake_target': None, 'cmake_target_skip_unavailable': False, 'install_base': '/home/swayanshree/projects/Makara-AUV-ROS2/install/makara_serial', 'merge_install': False, 'path': '/home/swayanshree/projects/Makara-AUV-ROS2/src/makara_serial', 'symlink_install': False, 'test_result_base': None}
[0.234s] INFO:colcon.colcon_core.executor:Executing jobs using 'parallel' executor
[0.235s] DEBUG:colcon.colcon_parallel_executor.executor.parallel:run_until_complete
[0.235s] INFO:colcon.colcon_ros.task.ament_cmake.build:Building ROS package in '/home/swayanshree/projects/Makara-AUV-ROS2/src/hammerhead_interfaces' with build type 'ament_cmake'
[0.235s] INFO:colcon.colcon_cmake.task.cmake.build:Building CMake package in '/home/swayanshree/projects/Makara-AUV-ROS2/src/hammerhead_interfaces'
[0.238s] INFO:colcon.colcon_core.plugin_system:Skipping extension 'colcon_core.shell.bat': Not used on non-Windows systems
[0.238s] INFO:colcon.colcon_core.shell:Skip shell extension 'powershell' for command environment: Not usable outside of PowerShell
[0.238s] DEBUG:colcon.colcon_core.shell:Skip shell extension 'dsv' for command environment
[0.240s] INFO:colcon.colcon_ros.task.ament_cmake.build:Building ROS package in '/home/swayanshree/projects/Makara-AUV-ROS2/src/makara_interfaces' with build type 'ament_cmake'
[0.240s] INFO:colcon.colcon_cmake.task.cmake.build:Building CMake package in '/home/swayanshree/projects/Makara-AUV-ROS2/src/makara_interfaces'
[0.240s] INFO:colcon.colcon_core.shell:Skip shell extension 'powershell' for command environment: Not usable outside of PowerShell
[0.240s] DEBUG:colcon.colcon_core.shell:Skip shell extension 'dsv' for command environment
[0.242s] INFO:colcon.colcon_ros.task.ament_cmake.build:Building ROS package in '/home/swayanshree/projects/Makara-AUV-ROS2/src/StateSpace' with build type 'ament_cmake'
[0.242s] INFO:colcon.colcon_cmake.task.cmake.build:Building CMake package in '/home/swayanshree/projects/Makara-AUV-ROS2/src/StateSpace'
[0.242s] INFO:colcon.colcon_core.shell:Skip shell extension 'powershell' for command environment: Not usable outside of PowerShell
[0.242s] DEBUG:colcon.colcon_core.shell:Skip shell extension 'dsv' for command environment
[0.243s] INFO:colcon.colcon_ros.task.ament_cmake.build:Building ROS package in '/home/swayanshree/projects/Makara-AUV-ROS2/src/auv_description' with build type 'ament_cmake'
[0.243s] INFO:colcon.colcon_cmake.task.cmake.build:Building CMake package in '/home/swayanshree/projects/Makara-AUV-ROS2/src/auv_description'
[0.243s] INFO:colcon.colcon_core.shell:Skip shell extension 'powershell' for command environment: Not usable outside of PowerShell
[0.243s] DEBUG:colcon.colcon_core.shell:Skip shell extension 'dsv' for command environment
[0.245s] INFO:colcon.colcon_ros.task.ament_cmake.build:Building ROS package in '/home/swayanshree/projects/Makara-AUV-ROS2/src/bluerov2_description' with build type 'ament_cmake'
[0.245s] INFO:colcon.colcon_cmake.task.cmake.build:Building CMake package in '/home/swayanshree/projects/Makara-AUV-ROS2/src/bluerov2_description'
[0.245s] INFO:colcon.colcon_core.shell:Skip shell extension 'powershell' for command environment: Not usable outside of PowerShell
[0.245s] DEBUG:colcon.colcon_core.shell:Skip shell extension 'dsv' for command environment
[0.246s] INFO:colcon.colcon_ros.task.ament_python.build:Building ROS package in '/home/swayanshree/projects/Makara-AUV-ROS2/src/data_sync' with build type 'ament_python'
[0.246s] Level 1:colcon.colcon_core.shell:create_environment_hook('data_sync', 'ament_prefix_path')
[0.246s] INFO:colcon.colcon_core.shell:Creating environment hook '/home/swayanshree/projects/Makara-AUV-ROS2/install/data_sync/share/data_sync/hook/ament_prefix_path.ps1'
[0.247s] INFO:colcon.colcon_core.shell:Creating environment descriptor '/home/swayanshree/projects/Makara-AUV-ROS2/install/data_sync/share/data_sync/hook/ament_prefix_path.dsv'
[0.247s] INFO:colcon.colcon_core.shell:Creating environment hook '/home/swayanshree/projects/Makara-AUV-ROS2/install/data_sync/share/data_sync/hook/ament_prefix_path.sh'
[0.248s] INFO:colcon.colcon_core.shell:Skip shell extension 'powershell' for command environment: Not usable outside of PowerShell
[0.248s] DEBUG:colcon.colcon_core.shell:Skip shell extension 'dsv' for command environment
[0.249s] INFO:colcon.colcon_ros.task.ament_python.build:Building ROS package in '/home/swayanshree/projects/Makara-AUV-ROS2/src/makara_bringup' with build type 'ament_python'
[0.249s] Level 1:colcon.colcon_core.shell:create_environment_hook('makara_bringup', 'ament_prefix_path')
[0.249s] INFO:colcon.colcon_core.shell:Creating environment hook '/home/swayanshree/projects/Makara-AUV-ROS2/install/makara_bringup/share/makara_bringup/hook/ament_prefix_path.ps1'
[0.250s] INFO:colcon.colcon_core.shell:Creating environment descriptor '/home/swayanshree/projects/Makara-AUV-ROS2/install/makara_bringup/share/makara_bringup/hook/ament_prefix_path.dsv'
[0.250s] INFO:colcon.colcon_core.shell:Creating environment hook '/home/swayanshree/projects/Makara-AUV-ROS2/install/makara_bringup/share/makara_bringup/hook/ament_prefix_path.sh'
[0.251s] INFO:colcon.colcon_core.shell:Skip shell extension 'powershell' for command environment: Not usable outside of PowerShell
[0.251s] DEBUG:colcon.colcon_core.shell:Skip shell extension 'dsv' for command environment
[0.252s] INFO:colcon.colcon_ros.task.ament_python.build:Building ROS package in '/home/swayanshree/projects/Makara-AUV-ROS2/src/makara_vision' with build type 'ament_python'
[0.253s] Level 1:colcon.colcon_core.shell:create_environment_hook('makara_vision', 'ament_prefix_path')
[0.253s] INFO:colcon.colcon_core.shell:Creating environment hook '/home/swayanshree/projects/Makara-AUV-ROS2/install/makara_vision/share/makara_vision/hook/ament_prefix_path.ps1'
[0.253s] INFO:colcon.colcon_core.shell:Creating environment descriptor '/home/swayanshree/projects/Makara-AUV-ROS2/install/makara_vision/share/makara_vision/hook/ament_prefix_path.dsv'
[0.253s] INFO:colcon.colcon_core.shell:Creating environment hook '/home/swayanshree/projects/Makara-AUV-ROS2/install/makara_vision/share/makara_vision/hook/ament_prefix_path.sh'
[0.253s] INFO:colcon.colcon_core.shell:Skip shell extension 'powershell' for command environment: Not usable outside of PowerShell
[0.253s] DEBUG:colcon.colcon_core.shell:Skip shell extension 'dsv' for command environment
[0.255s] INFO:colcon.colcon_ros.task.ament_python.build:Building ROS package in '/home/swayanshree/projects/Makara-AUV-ROS2/src/uuv_descriptions' with build type 'ament_python'
[0.255s] Level 1:colcon.colcon_core.shell:create_environment_hook('uuv_descriptions', 'ament_prefix_path')
[0.255s] INFO:colcon.colcon_core.shell:Creating environment hook '/home/swayanshree/projects/Makara-AUV-ROS2/install/uuv_descriptions/share/uuv_descriptions/hook/ament_prefix_path.ps1'
[0.255s] INFO:colcon.colcon_core.shell:Creating environment descriptor '/home/swayanshree/projects/Makara-AUV-ROS2/install/uuv_descriptions/share/uuv_descriptions/hook/ament_prefix_path.dsv'
[0.255s] INFO:colcon.colcon_core.shell:Creating environment hook '/home/swayanshree/projects/Makara-AUV-ROS2/install/uuv_descriptions/share/uuv_descriptions/hook/ament_prefix_path.sh'
[0.256s] INFO:colcon.colcon_core.shell:Skip shell extension 'powershell' for command environment: Not usable outside of PowerShell
[0.256s] DEBUG:colcon.colcon_core.shell:Skip shell extension 'dsv' for command environment
[0.257s] INFO:colcon.colcon_ros.task.ament_python.build:Building ROS package in '/home/swayanshree/projects/Makara-AUV-ROS2/src/uuv_gazebo_ros_plugins' with build type 'ament_python'
[0.257s] Level 1:colcon.colcon_core.shell:create_environment_hook('uuv_gazebo_ros_plugins', 'ament_prefix_path')
[0.257s] INFO:colcon.colcon_core.shell:Creating environment hook '/home/swayanshree/projects/Makara-AUV-ROS2/install/uuv_gazebo_ros_plugins/share/uuv_gazebo_ros_plugins/hook/ament_prefix_path.ps1'
[0.257s] INFO:colcon.colcon_core.shell:Creating environment descriptor '/home/swayanshree/projects/Makara-AUV-ROS2/install/uuv_gazebo_ros_plugins/share/uuv_gazebo_ros_plugins/hook/ament_prefix_path.dsv'
[0.257s] INFO:colcon.colcon_core.shell:Creating environment hook '/home/swayanshree/projects/Makara-AUV-ROS2/install/uuv_gazebo_ros_plugins/share/uuv_gazebo_ros_plugins/hook/ament_prefix_path.sh'
[0.258s] INFO:colcon.colcon_core.shell:Skip shell extension 'powershell' for command environment: Not usable outside of PowerShell
[0.258s] DEBUG:colcon.colcon_core.shell:Skip shell extension 'dsv' for command environment
[0.259s] INFO:colcon.colcon_ros.task.ament_python.build:Building ROS package in '/home/swayanshree/projects/Makara-AUV-ROS2/src/uuv_sensor_ros_plugins' with build type 'ament_python'
[0.259s] Level 1:colcon.colcon_core.shell:create_environment_hook('uuv_sensor_ros_plugins', 'ament_prefix_path')
[0.259s] INFO:colcon.colcon_core.shell:Creating environment hook '/home/swayanshree/projects/Makara-AUV-ROS2/install/uuv_sensor_ros_plugins/share/uuv_sensor_ros_plugins/hook/ament_prefix_path.ps1'
[0.259s] INFO:colcon.colcon_core.shell:Creating environment descriptor '/home/swayanshree/projects/Makara-AUV-ROS2/install/uuv_sensor_ros_plugins/share/uuv_sensor_ros_plugins/hook/ament_prefix_path.dsv'
[0.260s] INFO:colcon.colcon_core.shell:Creating environment hook '/home/swayanshree/projects/Makara-AUV-ROS2/install/uuv_sensor_ros_plugins/share/uuv_sensor_ros_plugins/hook/ament_prefix_path.sh'
[0.260s] INFO:colcon.colcon_core.shell:Skip shell extension 'powershell' for command environment: Not usable outside of PowerShell
[0.260s] DEBUG:colcon.colcon_core.shell:Skip shell extension 'dsv' for command environment
[0.264s] DEBUG:colcon.colcon_core.event_handler.log_command:Invoking command in '/home/swayanshree/projects/Makara-AUV-ROS2/build/hammerhead_interfaces': CMAKE_PREFIX_PATH=${CMAKE_PREFIX_PATH}:/opt/ros/jazzy DEBUGINFOD_URLS=https://debuginfod.ubuntu.com /usr/bin/cmake --build /home/swayanshree/projects/Makara-AUV-ROS2/build/hammerhead_interfaces -- -j16 -l16
[0.266s] DEBUG:colcon.colcon_core.event_handler.log_command:Invoking command in '/home/swayanshree/projects/Makara-AUV-ROS2/build/makara_interfaces': CMAKE_PREFIX_PATH=${CMAKE_PREFIX_PATH}:/opt/ros/jazzy DEBUGINFOD_URLS=https://debuginfod.ubuntu.com /usr/bin/cmake --build /home/swayanshree/projects/Makara-AUV-ROS2/build/makara_interfaces -- -j16 -l16
[0.269s] DEBUG:colcon.colcon_core.event_handler.log_command:Invoking command in '/home/swayanshree/projects/Makara-AUV-ROS2/build/StateSpace': CMAKE_PREFIX_PATH=${CMAKE_PREFIX_PATH}:/opt/ros/jazzy DEBUGINFOD_URLS=https://debuginfod.ubuntu.com /usr/bin/cmake --build /home/swayanshree/projects/Makara-AUV-ROS2/build/StateSpace -- -j16 -l16
[0.270s] DEBUG:colcon.colcon_core.event_handler.log_command:Invoking command in '/home/swayanshree/projects/Makara-AUV-ROS2/build/auv_description': CMAKE_PREFIX_PATH=${CMAKE_PREFIX_PATH}:/opt/ros/jazzy DEBUGINFOD_URLS=https://debuginfod.ubuntu.com /usr/bin/cmake --build /home/swayanshree/projects/Makara-AUV-ROS2/build/auv_description -- -j16 -l16
[0.271s] DEBUG:colcon.colcon_core.event_handler.log_command:Invoking command in '/home/swayanshree/projects/Makara-AUV-ROS2/build/bluerov2_description': CMAKE_PREFIX_PATH=${CMAKE_PREFIX_PATH}:/opt/ros/jazzy DEBUGINFOD_URLS=https://debuginfod.ubuntu.com /usr/bin/cmake --build /home/swayanshree/projects/Makara-AUV-ROS2/build/bluerov2_description -- -j16 -l16
[0.424s] INFO:colcon.colcon_core.task.python.build:Building Python package in '/home/swayanshree/projects/Makara-AUV-ROS2/src/data_sync'
[0.424s] INFO:colcon.colcon_core.shell:Skip shell extension 'powershell' for command environment: Not usable outside of PowerShell
[0.424s] DEBUG:colcon.colcon_core.shell:Skip shell extension 'dsv' for command environment
[0.559s] INFO:colcon.colcon_core.task.python.build:Building Python package in '/home/swayanshree/projects/Makara-AUV-ROS2/src/makara_bringup'
[0.559s] INFO:colcon.colcon_core.shell:Skip shell extension 'powershell' for command environment: Not usable outside of PowerShell
[0.559s] DEBUG:colcon.colcon_core.shell:Skip shell extension 'dsv' for command environment
[0.676s] INFO:colcon.colcon_core.task.python.build:Building Python package in '/home/swayanshree/projects/Makara-AUV-ROS2/src/makara_vision'
[0.676s] INFO:colcon.colcon_core.shell:Skip shell extension 'powershell' for command environment: Not usable outside of PowerShell
[0.676s] DEBUG:colcon.colcon_core.shell:Skip shell extension 'dsv' for command environment
[0.795s] INFO:colcon.colcon_core.task.python.build:Building Python package in '/home/swayanshree/projects/Makara-AUV-ROS2/src/uuv_descriptions'
[0.795s] INFO:colcon.colcon_core.shell:Skip shell extension 'powershell' for command environment: Not usable outside of PowerShell
[0.795s] DEBUG:colcon.colcon_core.shell:Skip shell extension 'dsv' for command environment
[0.914s] INFO:colcon.colcon_core.task.python.build:Building Python package in '/home/swayanshree/projects/Makara-AUV-ROS2/src/uuv_gazebo_ros_plugins'
[0.914s] INFO:colcon.colcon_core.shell:Skip shell extension 'powershell' for command environment: Not usable outside of PowerShell
[0.914s] DEBUG:colcon.colcon_core.shell:Skip shell extension 'dsv' for command environment
[1.052s] INFO:colcon.colcon_core.task.python.build:Building Python package in '/home/swayanshree/projects/Makara-AUV-ROS2/src/uuv_sensor_ros_plugins'
[1.052s] INFO:colcon.colcon_core.shell:Skip shell extension 'powershell' for command environment: Not usable outside of PowerShell
[1.052s] DEBUG:colcon.colcon_core.shell:Skip shell extension 'dsv' for command environment
[1.054s] DEBUG:colcon.colcon_core.event_handler.log_command:Invoked command in '/home/swayanshree/projects/Makara-AUV-ROS2/build/hammerhead_interfaces' returned '0': CMAKE_PREFIX_PATH=${CMAKE_PREFIX_PATH}:/opt/ros/jazzy DEBUGINFOD_URLS=https://debuginfod.ubuntu.com /usr/bin/cmake --build /home/swayanshree/projects/Makara-AUV-ROS2/build/hammerhead_interfaces -- -j16 -l16
[1.061s] DEBUG:colcon.colcon_core.event_handler.log_command:Invoking command in '/home/swayanshree/projects/Makara-AUV-ROS2/build/hammerhead_interfaces': CMAKE_PREFIX_PATH=${CMAKE_PREFIX_PATH}:/opt/ros/jazzy DEBUGINFOD_URLS=https://debuginfod.ubuntu.com /usr/bin/cmake --install /home/swayanshree/projects/Makara-AUV-ROS2/build/hammerhead_interfaces
[1.062s] DEBUG:colcon.colcon_core.event_handler.log_command:Invoked command in '/home/swayanshree/projects/Makara-AUV-ROS2/build/makara_interfaces' returned '0': CMAKE_PREFIX_PATH=${CMAKE_PREFIX_PATH}:/opt/ros/jazzy DEBUGINFOD_URLS=https://debuginfod.ubuntu.com /usr/bin/cmake --build /home/swayanshree/projects/Makara-AUV-ROS2/build/makara_interfaces -- -j16 -l16
[1.062s] DEBUG:colcon.colcon_core.event_handler.log_command:Invoking command in '/home/swayanshree/projects/Makara-AUV-ROS2/build/makara_interfaces': CMAKE_PREFIX_PATH=${CMAKE_PREFIX_PATH}:/opt/ros/jazzy DEBUGINFOD_URLS=https://debuginfod.ubuntu.com /usr/bin/cmake --install /home/swayanshree/projects/Makara-AUV-ROS2/build/makara_interfaces
[1.063s] DEBUG:colcon.colcon_core.event_handler.log_command:Invoked command in '/home/swayanshree/projects/Makara-AUV-ROS2/build/StateSpace' returned '0': CMAKE_PREFIX_PATH=${CMAKE_PREFIX_PATH}:/opt/ros/jazzy DEBUGINFOD_URLS=https://debuginfod.ubuntu.com /usr/bin/cmake --build /home/swayanshree/projects/Makara-AUV-ROS2/build/StateSpace -- -j16 -l16
[1.063s] DEBUG:colcon.colcon_core.event_handler.log_command:Invoking command in '/home/swayanshree/projects/Makara-AUV-ROS2/build/StateSpace': CMAKE_PREFIX_PATH=${CMAKE_PREFIX_PATH}:/opt/ros/jazzy DEBUGINFOD_URLS=https://debuginfod.ubuntu.com /usr/bin/cmake --install /home/swayanshree/projects/Makara-AUV-ROS2/build/StateSpace
[1.064s] DEBUG:colcon.colcon_core.event_handler.log_command:Invoked command in '/home/swayanshree/projects/Makara-AUV-ROS2/build/auv_description' returned '0': CMAKE_PREFIX_PATH=${CMAKE_PREFIX_PATH}:/opt/ros/jazzy DEBUGINFOD_URLS=https://debuginfod.ubuntu.com /usr/bin/cmake --build /home/swayanshree/projects/Makara-AUV-ROS2/build/auv_description -- -j16 -l16
[1.064s] DEBUG:colcon.colcon_core.event_handler.log_command:Invoking command in '/home/swayanshree/projects/Makara-AUV-ROS2/build/auv_description': CMAKE_PREFIX_PATH=${CMAKE_PREFIX_PATH}:/opt/ros/jazzy DEBUGINFOD_URLS=https://debuginfod.ubuntu.com /usr/bin/cmake --install /home/swayanshree/projects/Makara-AUV-ROS2/build/auv_description
[1.064s] DEBUG:colcon.colcon_core.event_handler.log_command:Invoked command in '/home/swayanshree/projects/Makara-AUV-ROS2/build/bluerov2_description' returned '0': CMAKE_PREFIX_PATH=${CMAKE_PREFIX_PATH}:/opt/ros/jazzy DEBUGINFOD_URLS=https://debuginfod.ubuntu.com /usr/bin/cmake --build /home/swayanshree/projects/Makara-AUV-ROS2/build/bluerov2_description -- -j16 -l16
[1.065s] DEBUG:colcon.colcon_core.event_handler.log_command:Invoking command in '/home/swayanshree/projects/Makara-AUV-ROS2/build/bluerov2_description': CMAKE_PREFIX_PATH=${CMAKE_PREFIX_PATH}:/opt/ros/jazzy DEBUGINFOD_URLS=https://debuginfod.ubuntu.com /usr/bin/cmake --install /home/swayanshree/projects/Makara-AUV-ROS2/build/bluerov2_description
[1.096s] Level 1:colcon.colcon_core.environment:create_environment_scripts_only(StateSpace)
[1.097s] DEBUG:colcon.colcon_core.event_handler.log_command:Invoked command in '/home/swayanshree/projects/Makara-AUV-ROS2/build/StateSpace' returned '0': CMAKE_PREFIX_PATH=${CMAKE_PREFIX_PATH}:/opt/ros/jazzy DEBUGINFOD_URLS=https://debuginfod.ubuntu.com /usr/bin/cmake --install /home/swayanshree/projects/Makara-AUV-ROS2/build/StateSpace
[1.100s] Level 1:colcon.colcon_core.environment:checking '/home/swayanshree/projects/Makara-AUV-ROS2/install/StateSpace' for CMake module files
[1.100s] Level 1:colcon.colcon_core.environment:checking '/home/swayanshree/projects/Makara-AUV-ROS2/install/StateSpace' for CMake config files
[1.101s] Level 1:colcon.colcon_core.shell:create_environment_hook('StateSpace', 'cmake_prefix_path')
[1.101s] INFO:colcon.colcon_core.shell:Creating environment hook '/home/swayanshree/projects/Makara-AUV-ROS2/install/StateSpace/share/StateSpace/hook/cmake_prefix_path.ps1'
[1.101s] INFO:colcon.colcon_core.shell:Creating environment descriptor '/home/swayanshree/projects/Makara-AUV-ROS2/install/StateSpace/share/StateSpace/hook/cmake_prefix_path.dsv'
[1.102s] INFO:colcon.colcon_core.shell:Creating environment hook '/home/swayanshree/projects/Makara-AUV-ROS2/install/StateSpace/share/StateSpace/hook/cmake_prefix_path.sh'
[1.102s] Level 1:colcon.colcon_core.environment:checking '/home/swayanshree/projects/Makara-AUV-ROS2/install/StateSpace/lib'
[1.102s] Level 1:colcon.colcon_core.environment:checking '/home/swayanshree/projects/Makara-AUV-ROS2/install/StateSpace/bin'
[1.102s] Level 1:colcon.colcon_core.environment:checking '/home/swayanshree/projects/Makara-AUV-ROS2/install/StateSpace/lib/pkgconfig/StateSpace.pc'
[1.102s] Level 1:colcon.colcon_core.environment:checking '/home/swayanshree/projects/Makara-AUV-ROS2/install/StateSpace/lib/python3.12/site-packages'
[1.102s] Level 1:colcon.colcon_core.environment:checking '/home/swayanshree/projects/Makara-AUV-ROS2/install/StateSpace/bin'
[1.103s] INFO:colcon.colcon_core.shell:Creating package script '/home/swayanshree/projects/Makara-AUV-ROS2/install/StateSpace/share/StateSpace/package.ps1'
[1.103s] INFO:colcon.colcon_core.shell:Creating package descriptor '/home/swayanshree/projects/Makara-AUV-ROS2/install/StateSpace/share/StateSpace/package.dsv'
[1.104s] INFO:colcon.colcon_core.shell:Creating package script '/home/swayanshree/projects/Makara-AUV-ROS2/install/StateSpace/share/StateSpace/package.sh'
[1.104s] INFO:colcon.colcon_core.shell:Creating package script '/home/swayanshree/projects/Makara-AUV-ROS2/install/StateSpace/share/StateSpace/package.bash'
[1.104s] INFO:colcon.colcon_core.shell:Creating package script '/home/swayanshree/projects/Makara-AUV-ROS2/install/StateSpace/share/StateSpace/package.zsh'
[1.105s] Level 1:colcon.colcon_core.environment:create_file_with_runtime_dependencies(/home/swayanshree/projects/Makara-AUV-ROS2/install/StateSpace/share/colcon-core/packages/StateSpace)
[1.105s] Level 1:colcon.colcon_core.environment:create_environment_scripts_only(StateSpace)
[1.105s] Level 1:colcon.colcon_core.environment:checking '/home/swayanshree/projects/Makara-AUV-ROS2/install/StateSpace' for CMake module files
[1.106s] Level 1:colcon.colcon_core.environment:checking '/home/swayanshree/projects/Makara-AUV-ROS2/install/StateSpace' for CMake config files
[1.106s] Level 1:colcon.colcon_core.shell:create_environment_hook('StateSpace', 'cmake_prefix_path')
[1.106s] INFO:colcon.colcon_core.shell:Creating environment hook '/home/swayanshree/projects/Makara-AUV-ROS2/install/StateSpace/share/StateSpace/hook/cmake_prefix_path.ps1'
[1.106s] INFO:colcon.colcon_core.shell:Creating environment descriptor '/home/swayanshree/projects/Makara-AUV-ROS2/install/StateSpace/share/StateSpace/hook/cmake_prefix_path.dsv'
[1.107s] INFO:colcon.colcon_core.shell:Creating environment hook '/home/swayanshree/projects/Makara-AUV-ROS2/install/StateSpace/share/StateSpace/hook/cmake_prefix_path.sh'
[1.107s] Level 1:colcon.colcon_core.environment:checking '/home/swayanshree/projects/Makara-AUV-ROS2/install/StateSpace/lib'
[1.107s] Level 1:colcon.colcon_core.environment:checking '/home/swayanshree/projects/Makara-AUV-ROS2/install/StateSpace/bin'
[1.107s] Level 1:colcon.colcon_core.environment:checking '/home/swayanshree/projects/Makara-AUV-ROS2/install/StateSpace/lib/pkgconfig/StateSpace.pc'
[1.107s] Level 1:colcon.colcon_core.environment:checking '/home/swayanshree/projects/Makara-AUV-ROS2/install/StateSpace/lib/python3.12/site-packages'
[1.107s] Level 1:colcon.colcon_core.environment:checking '/home/swayanshree/projects/Makara-AUV-ROS2/install/StateSpace/bin'
[1.108s] INFO:colcon.colcon_core.shell:Creating package script '/home/swayanshree/projects/Makara-AUV-ROS2/install/StateSpace/share/StateSpace/package.ps1'
[1.108s] INFO:colcon.colcon_core.shell:Creating package descriptor '/home/swayanshree/projects/Makara-AUV-ROS2/install/StateSpace/share/StateSpace/package.dsv'
[1.108s] INFO:colcon.colcon_core.shell:Creating package script '/home/swayanshree/projects/Makara-AUV-ROS2/install/StateSpace/share/StateSpace/package.sh'
[1.109s] INFO:colcon.colcon_core.shell:Creating package script '/home/swayanshree/projects/Makara-AUV-ROS2/install/StateSpace/share/StateSpace/package.bash'
[1.109s] INFO:colcon.colcon_core.shell:Creating package script '/home/swayanshree/projects/Makara-AUV-ROS2/install/StateSpace/share/StateSpace/package.zsh'
[1.109s] Level 1:colcon.colcon_core.environment:create_file_with_runtime_dependencies(/home/swayanshree/projects/Makara-AUV-ROS2/install/StateSpace/share/colcon-core/packages/StateSpace)
[1.109s] Level 1:colcon.colcon_core.environment:create_environment_scripts_only(bluerov2_description)
[1.109s] Level 1:colcon.colcon_core.environment:checking '/home/swayanshree/projects/Makara-AUV-ROS2/install/bluerov2_description' for CMake module files
[1.110s] Level 1:colcon.colcon_core.environment:checking '/home/swayanshree/projects/Makara-AUV-ROS2/install/bluerov2_description' for CMake config files
[1.111s] DEBUG:colcon.colcon_core.event_handler.log_command:Invoked command in '/home/swayanshree/projects/Makara-AUV-ROS2/build/bluerov2_description' returned '0': CMAKE_PREFIX_PATH=${CMAKE_PREFIX_PATH}:/opt/ros/jazzy DEBUGINFOD_URLS=https://debuginfod.ubuntu.com /usr/bin/cmake --install /home/swayanshree/projects/Makara-AUV-ROS2/build/bluerov2_description
[1.115s] Level 1:colcon.colcon_core.shell:create_environment_hook('bluerov2_description', 'cmake_prefix_path')
[1.116s] INFO:colcon.colcon_core.shell:Creating environment hook '/home/swayanshree/projects/Makara-AUV-ROS2/install/bluerov2_description/share/bluerov2_description/hook/cmake_prefix_path.ps1'
[1.118s] INFO:colcon.colcon_core.shell:Creating environment descriptor '/home/swayanshree/projects/Makara-AUV-ROS2/install/bluerov2_description/share/bluerov2_description/hook/cmake_prefix_path.dsv'
[1.118s] INFO:colcon.colcon_core.shell:Creating environment hook '/home/swayanshree/projects/Makara-AUV-ROS2/install/bluerov2_description/share/bluerov2_description/hook/cmake_prefix_path.sh'
[1.119s] Level 1:colcon.colcon_core.environment:checking '/home/swayanshree/projects/Makara-AUV-ROS2/install/bluerov2_description/bin'
[1.119s] Level 1:colcon.colcon_core.environment:checking '/home/swayanshree/projects/Makara-AUV-ROS2/install/bluerov2_description/lib/pkgconfig/bluerov2_description.pc'
[1.119s] Level 1:colcon.colcon_core.environment:checking '/home/swayanshree/projects/Makara-AUV-ROS2/install/bluerov2_description/lib/python3.12/site-packages'
[1.120s] Level 1:colcon.colcon_core.environment:checking '/home/swayanshree/projects/Makara-AUV-ROS2/install/bluerov2_description/bin'
[1.120s] INFO:colcon.colcon_core.shell:Creating package script '/home/swayanshree/projects/Makara-AUV-ROS2/install/bluerov2_description/share/bluerov2_description/package.ps1'
[1.120s] INFO:colcon.colcon_core.shell:Creating package descriptor '/home/swayanshree/projects/Makara-AUV-ROS2/install/bluerov2_description/share/bluerov2_description/package.dsv'
[1.121s] INFO:colcon.colcon_core.shell:Creating package script '/home/swayanshree/projects/Makara-AUV-ROS2/install/bluerov2_description/share/bluerov2_description/package.sh'
[1.121s] INFO:colcon.colcon_core.shell:Creating package script '/home/swayanshree/projects/Makara-AUV-ROS2/install/bluerov2_description/share/bluerov2_description/package.bash'
[1.122s] INFO:colcon.colcon_core.shell:Creating package script '/home/swayanshree/projects/Makara-AUV-ROS2/install/bluerov2_description/share/bluerov2_description/package.zsh'
[1.122s] Level 1:colcon.colcon_core.environment:create_file_with_runtime_dependencies(/home/swayanshree/projects/Makara-AUV-ROS2/install/bluerov2_description/share/colcon-core/packages/bluerov2_description)
[1.122s] Level 1:colcon.colcon_core.environment:create_environment_scripts_only(bluerov2_description)
[1.123s] Level 1:colcon.colcon_core.environment:checking '/home/swayanshree/projects/Makara-AUV-ROS2/install/bluerov2_description' for CMake module files
[1.123s] Level 1:colcon.colcon_core.environment:checking '/home/swayanshree/projects/Makara-AUV-ROS2/install/bluerov2_description' for CMake config files
[1.123s] Level 1:colcon.colcon_core.shell:create_environment_hook('bluerov2_description', 'cmake_prefix_path')
[1.123s] INFO:colcon.colcon_core.shell:Creating environment hook '/home/swayanshree/projects/Makara-AUV-ROS2/install/bluerov2_description/share/bluerov2_description/hook/cmake_prefix_path.ps1'
[1.124s] INFO:colcon.colcon_core.shell:Creating environment descriptor '/home/swayanshree/projects/Makara-AUV-ROS2/install/bluerov2_description/share/bluerov2_description/hook/cmake_prefix_path.dsv'
[1.124s] INFO:colcon.colcon_core.shell:Creating environment hook '/home/swayanshree/projects/Makara-AUV-ROS2/install/bluerov2_description/share/bluerov2_description/hook/cmake_prefix_path.sh'
[1.124s] Level 1:colcon.colcon_core.environment:checking '/home/swayanshree/projects/Makara-AUV-ROS2/install/bluerov2_description/bin'
[1.124s] Level 1:colcon.colcon_core.environment:checking '/home/swayanshree/projects/Makara-AUV-ROS2/install/bluerov2_description/lib/pkgconfig/bluerov2_description.pc'
[1.125s] Level 1:colcon.colcon_core.environment:checking '/home/swayanshree/projects/Makara-AUV-ROS2/install/bluerov2_description/lib/python3.12/site-packages'
[1.125s] Level 1:colcon.colcon_core.environment:checking '/home/swayanshree/projects/Makara-AUV-ROS2/install/bluerov2_description/bin'
[1.125s] INFO:colcon.colcon_core.shell:Creating package script '/home/swayanshree/projects/Makara-AUV-ROS2/install/bluerov2_description/share/bluerov2_description/package.ps1'
[1.125s] INFO:colcon.colcon_core.shell:Creating package descriptor '/home/swayanshree/projects/Makara-AUV-ROS2/install/bluerov2_description/share/bluerov2_description/package.dsv'
[1.126s] INFO:colcon.colcon_core.shell:Creating package script '/home/swayanshree/projects/Makara-AUV-ROS2/install/bluerov2_description/share/bluerov2_description/package.sh'
[1.126s] INFO:colcon.colcon_core.shell:Creating package script '/home/swayanshree/projects/Makara-AUV-ROS2/install/bluerov2_description/share/bluerov2_description/package.bash'
[1.126s] INFO:colcon.colcon_core.shell:Creating package script '/home/swayanshree/projects/Makara-AUV-ROS2/install/bluerov2_description/share/bluerov2_description/package.zsh'
[1.126s] Level 1:colcon.colcon_core.environment:create_file_with_runtime_dependencies(/home/swayanshree/projects/Makara-AUV-ROS2/install/bluerov2_description/share/colcon-core/packages/bluerov2_description)
[1.127s] Level 1:colcon.colcon_core.environment:create_environment_scripts_only(auv_description)
[1.127s] Level 1:colcon.colcon_core.environment:checking '/home/swayanshree/projects/Makara-AUV-ROS2/install/auv_description' for CMake module files
[1.128s] Level 1:colcon.colcon_core.environment:checking '/home/swayanshree/projects/Makara-AUV-ROS2/install/auv_description' for CMake config files
[1.128s] DEBUG:colcon.colcon_core.event_handler.log_command:Invoked command in '/home/swayanshree/projects/Makara-AUV-ROS2/build/auv_description' returned '0': CMAKE_PREFIX_PATH=${CMAKE_PREFIX_PATH}:/opt/ros/jazzy DEBUGINFOD_URLS=https://debuginfod.ubuntu.com /usr/bin/cmake --install /home/swayanshree/projects/Makara-AUV-ROS2/build/auv_description
[1.128s] Level 1:colcon.colcon_core.shell:create_environment_hook('auv_description', 'cmake_prefix_path')
[1.129s] INFO:colcon.colcon_core.shell:Creating environment hook '/home/swayanshree/projects/Makara-AUV-ROS2/install/auv_description/share/auv_description/hook/cmake_prefix_path.ps1'
[1.129s] INFO:colcon.colcon_core.shell:Creating environment descriptor '/home/swayanshree/projects/Makara-AUV-ROS2/install/auv_description/share/auv_description/hook/cmake_prefix_path.dsv'
[1.129s] INFO:colcon.colcon_core.shell:Creating environment hook '/home/swayanshree/projects/Makara-AUV-ROS2/install/auv_description/share/auv_description/hook/cmake_prefix_path.sh'
[1.130s] Level 1:colcon.colcon_core.environment:checking '/home/swayanshree/projects/Makara-AUV-ROS2/install/auv_description/lib'
[1.130s] Level 1:colcon.colcon_core.environment:checking '/home/swayanshree/projects/Makara-AUV-ROS2/install/auv_description/bin'
[1.130s] Level 1:colcon.colcon_core.environment:checking '/home/swayanshree/projects/Makara-AUV-ROS2/install/auv_description/lib/pkgconfig/auv_description.pc'
[1.130s] Level 1:colcon.colcon_core.environment:checking '/home/swayanshree/projects/Makara-AUV-ROS2/install/auv_description/lib/python3.12/site-packages'
[1.130s] Level 1:colcon.colcon_core.environment:checking '/home/swayanshree/projects/Makara-AUV-ROS2/install/auv_description/bin'
[1.131s] INFO:colcon.colcon_core.shell:Creating package script '/home/swayanshree/projects/Makara-AUV-ROS2/install/auv_description/share/auv_description/package.ps1'
[1.131s] INFO:colcon.colcon_core.shell:Creating package descriptor '/home/swayanshree/projects/Makara-AUV-ROS2/install/auv_description/share/auv_description/package.dsv'
[1.132s] INFO:colcon.colcon_core.shell:Creating package script '/home/swayanshree/projects/Makara-AUV-ROS2/install/auv_description/share/auv_description/package.sh'
[1.132s] INFO:colcon.colcon_core.shell:Creating package script '/home/swayanshree/projects/Makara-AUV-ROS2/install/auv_description/share/auv_description/package.bash'
[1.133s] INFO:colcon.colcon_core.shell:Creating package script '/home/swayanshree/projects/Makara-AUV-ROS2/install/auv_description/share/auv_description/package.zsh'
[1.133s] Level 1:colcon.colcon_core.environment:create_file_with_runtime_dependencies(/home/swayanshree/projects/Makara-AUV-ROS2/install/auv_description/share/colcon-core/packages/auv_description)
[1.134s] Level 1:colcon.colcon_core.environment:create_environment_scripts_only(auv_description)
[1.134s] Level 1:colcon.colcon_core.environment:checking '/home/swayanshree/projects/Makara-AUV-ROS2/install/auv_description' for CMake module files
[1.136s] Level 1:colcon.colcon_core.environment:checking '/home/swayanshree/projects/Makara-AUV-ROS2/install/auv_description' for CMake config files
[1.138s] Level 1:colcon.colcon_core.shell:create_environment_hook('auv_description', 'cmake_prefix_path')
[1.138s] INFO:colcon.colcon_core.shell:Creating environment hook '/home/swayanshree/projects/Makara-AUV-ROS2/install/auv_description/share/auv_description/hook/cmake_prefix_path.ps1'
[1.139s] INFO:colcon.colcon_core.shell:Creating environment descriptor '/home/swayanshree/projects/Makara-AUV-ROS2/install/auv_description/share/auv_description/hook/cmake_prefix_path.dsv'
[1.139s] INFO:colcon.colcon_core.shell:Creating environment hook '/home/swayanshree/projects/Makara-AUV-ROS2/install/auv_description/share/auv_description/hook/cmake_prefix_path.sh'
[1.140s] Level 1:colcon.colcon_core.environment:checking '/home/swayanshree/projects/Makara-AUV-ROS2/install/auv_description/lib'
[1.140s] Level 1:colcon.colcon_core.environment:checking '/home/swayanshree/projects/Makara-AUV-ROS2/install/auv_description/bin'
[1.140s] Level 1:colcon.colcon_core.environment:checking '/home/swayanshree/projects/Makara-AUV-ROS2/install/auv_description/lib/pkgconfig/auv_description.pc'
[1.140s] Level 1:colcon.colcon_core.environment:checking '/home/swayanshree/projects/Makara-AUV-ROS2/install/auv_description/lib/python3.12/site-packages'
[1.140s] Level 1:colcon.colcon_core.environment:checking '/home/swayanshree/projects/Makara-AUV-ROS2/install/auv_description/bin'
[1.140s] INFO:colcon.colcon_core.shell:Creating package script '/home/swayanshree/projects/Makara-AUV-ROS2/install/auv_description/share/auv_description/package.ps1'
[1.141s] INFO:colcon.colcon_core.shell:Creating package descriptor '/home/swayanshree/projects/Makara-AUV-ROS2/install/auv_description/share/auv_description/package.dsv'
[1.142s] INFO:colcon.colcon_core.shell:Creating package script '/home/swayanshree/projects/Makara-AUV-ROS2/install/auv_description/share/auv_description/package.sh'
[1.142s] INFO:colcon.colcon_core.shell:Creating package script '/home/swayanshree/projects/Makara-AUV-ROS2/install/auv_description/share/auv_description/package.bash'
[1.142s] INFO:colcon.colcon_core.shell:Creating package script '/home/swayanshree/projects/Makara-AUV-ROS2/install/auv_description/share/auv_description/package.zsh'
[1.143s] Level 1:colcon.colcon_core.environment:create_file_with_runtime_dependencies(/home/swayanshree/projects/Makara-AUV-ROS2/install/auv_description/share/colcon-core/packages/auv_description)
[1.144s] Level 1:colcon.colcon_core.environment:create_environment_scripts_only(hammerhead_interfaces)
[1.144s] DEBUG:colcon.colcon_core.event_handler.log_command:Invoked command in '/home/swayanshree/projects/Makara-AUV-ROS2/build/hammerhead_interfaces' returned '0': CMAKE_PREFIX_PATH=${CMAKE_PREFIX_PATH}:/opt/ros/jazzy DEBUGINFOD_URLS=https://debuginfod.ubuntu.com /usr/bin/cmake --install /home/swayanshree/projects/Makara-AUV-ROS2/build/hammerhead_interfaces
[1.144s] Level 1:colcon.colcon_core.environment:checking '/home/swayanshree/projects/Makara-AUV-ROS2/install/hammerhead_interfaces' for CMake module files
[1.145s] Level 1:colcon.colcon_core.environment:checking '/home/swayanshree/projects/Makara-AUV-ROS2/install/hammerhead_interfaces' for CMake config files
[1.148s] Level 1:colcon.colcon_core.shell:create_environment_hook('hammerhead_interfaces', 'cmake_prefix_path')
[1.148s] INFO:colcon.colcon_core.shell:Creating environment hook '/home/swayanshree/projects/Makara-AUV-ROS2/install/hammerhead_interfaces/share/hammerhead_interfaces/hook/cmake_prefix_path.ps1'
[1.148s] INFO:colcon.colcon_core.shell:Creating environment descriptor '/home/swayanshree/projects/Makara-AUV-ROS2/install/hammerhead_interfaces/share/hammerhead_interfaces/hook/cmake_prefix_path.dsv'
[1.149s] INFO:colcon.colcon_core.shell:Creating environment hook '/home/swayanshree/projects/Makara-AUV-ROS2/install/hammerhead_interfaces/share/hammerhead_interfaces/hook/cmake_prefix_path.sh'
[1.149s] Level 1:colcon.colcon_core.environment:checking '/home/swayanshree/projects/Makara-AUV-ROS2/install/hammerhead_interfaces/lib'
[1.149s] Level 1:colcon.colcon_core.shell:create_environment_hook('hammerhead_interfaces', 'ld_library_path_lib')
[1.150s] INFO:colcon.colcon_core.shell:Creating environment hook '/home/swayanshree/projects/Makara-AUV-ROS2/install/hammerhead_interfaces/share/hammerhead_interfaces/hook/ld_library_path_lib.ps1'
[1.150s] INFO:colcon.colcon_core.shell:Creating environment descriptor '/home/swayanshree/projects/Makara-AUV-ROS2/install/hammerhead_interfaces/share/hammerhead_interfaces/hook/ld_library_path_lib.dsv'
[1.150s] INFO:colcon.colcon_core.shell:Creating environment hook '/home/swayanshree/projects/Makara-AUV-ROS2/install/hammerhead_interfaces/share/hammerhead_interfaces/hook/ld_library_path_lib.sh'
[1.151s] Level 1:colcon.colcon_core.environment:checking '/home/swayanshree/projects/Makara-AUV-ROS2/install/hammerhead_interfaces/bin'
[1.151s] Level 1:colcon.colcon_core.environment:checking '/home/swayanshree/projects/Makara-AUV-ROS2/install/hammerhead_interfaces/lib/pkgconfig/hammerhead_interfaces.pc'
[1.151s] Level 1:colcon.colcon_core.environment:checking '/home/swayanshree/projects/Makara-AUV-ROS2/install/hammerhead_interfaces/lib/python3.12/site-packages'
[1.151s] Level 1:colcon.colcon_core.shell:create_environment_hook('hammerhead_interfaces', 'pythonpath')
[1.151s] INFO:colcon.colcon_core.shell:Creating environment hook '/home/swayanshree/projects/Makara-AUV-ROS2/install/hammerhead_interfaces/share/hammerhead_interfaces/hook/pythonpath.ps1'
[1.152s] INFO:colcon.colcon_core.shell:Creating environment descriptor '/home/swayanshree/projects/Makara-AUV-ROS2/install/hammerhead_interfaces/share/hammerhead_interfaces/hook/pythonpath.dsv'
[1.152s] INFO:colcon.colcon_core.shell:Creating environment hook '/home/swayanshree/projects/Makara-AUV-ROS2/install/hammerhead_interfaces/share/hammerhead_interfaces/hook/pythonpath.sh'
[1.153s] Level 1:colcon.colcon_core.environment:checking '/home/swayanshree/projects/Makara-AUV-ROS2/install/hammerhead_interfaces/bin'
[1.153s] INFO:colcon.colcon_core.shell:Creating package script '/home/swayanshree/projects/Makara-AUV-ROS2/install/hammerhead_interfaces/share/hammerhead_interfaces/package.ps1'
[1.154s] INFO:colcon.colcon_core.shell:Creating package descriptor '/home/swayanshree/projects/Makara-AUV-ROS2/install/hammerhead_interfaces/share/hammerhead_interfaces/package.dsv'
[1.154s] INFO:colcon.colcon_core.shell:Creating package script '/home/swayanshree/projects/Makara-AUV-ROS2/install/hammerhead_interfaces/share/hammerhead_interfaces/package.sh'
[1.155s] INFO:colcon.colcon_core.shell:Creating package script '/home/swayanshree/projects/Makara-AUV-ROS2/install/hammerhead_interfaces/share/hammerhead_interfaces/package.bash'
[1.155s] INFO:colcon.colcon_core.shell:Creating package script '/home/swayanshree/projects/Makara-AUV-ROS2/install/hammerhead_interfaces/share/hammerhead_interfaces/package.zsh'
[1.155s] Level 1:colcon.colcon_core.environment:create_file_with_runtime_dependencies(/home/swayanshree/projects/Makara-AUV-ROS2/install/hammerhead_interfaces/share/colcon-core/packages/hammerhead_interfaces)
[1.156s] Level 1:colcon.colcon_core.environment:create_environment_scripts_only(hammerhead_interfaces)
[1.156s] Level 1:colcon.colcon_core.environment:checking '/home/swayanshree/projects/Makara-AUV-ROS2/install/hammerhead_interfaces' for CMake module files
[1.157s] Level 1:colcon.colcon_core.environment:checking '/home/swayanshree/projects/Makara-AUV-ROS2/install/hammerhead_interfaces' for CMake config files
[1.157s] Level 1:colcon.colcon_core.shell:create_environment_hook('hammerhead_interfaces', 'cmake_prefix_path')
[1.157s] INFO:colcon.colcon_core.shell:Creating environment hook '/home/swayanshree/projects/Makara-AUV-ROS2/install/hammerhead_interfaces/share/hammerhead_interfaces/hook/cmake_prefix_path.ps1'
[1.158s] INFO:colcon.colcon_core.shell:Creating environment descriptor '/home/swayanshree/projects/Makara-AUV-ROS2/install/hammerhead_interfaces/share/hammerhead_interfaces/hook/cmake_prefix_path.dsv'
[1.158s] INFO:colcon.colcon_core.shell:Creating environment hook '/home/swayanshree/projects/Makara-AUV-ROS2/install/hammerhead_interfaces/share/hammerhead_interfaces/hook/cmake_prefix_path.sh'
[1.158s] Level 1:colcon.colcon_core.environment:checking '/home/swayanshree/projects/Makara-AUV-ROS2/install/hammerhead_interfaces/lib'
[1.158s] Level 1:colcon.colcon_core.shell:create_environment_hook('hammerhead_interfaces', 'ld_library_path_lib')
[1.158s] INFO:colcon.colcon_core.shell:Creating environment hook '/home/swayanshree/projects/Makara-AUV-ROS2/install/hammerhead_interfaces/share/hammerhead_interfaces/hook/ld_library_path_lib.ps1'
[1.159s] INFO:colcon.colcon_core.shell:Creating environment descriptor '/home/swayanshree/projects/Makara-AUV-ROS2/install/hammerhead_interfaces/share/hammerhead_interfaces/hook/ld_library_path_lib.dsv'
[1.159s] INFO:colcon.colcon_core.shell:Creating environment hook '/home/swayanshree/projects/Makara-AUV-ROS2/install/hammerhead_interfaces/share/hammerhead_interfaces/hook/ld_library_path_lib.sh'
[1.159s] Level 1:colcon.colcon_core.environment:checking '/home/swayanshree/projects/Makara-AUV-ROS2/install/hammerhead_interfaces/bin'
[1.159s] Level 1:colcon.colcon_core.environment:checking '/home/swayanshree/projects/Makara-AUV-ROS2/install/hammerhead_interfaces/lib/pkgconfig/hammerhead_interfaces.pc'
[1.159s] Level 1:colcon.colcon_core.environment:checking '/home/swayanshree/projects/Makara-AUV-ROS2/install/hammerhead_interfaces/lib/python3.12/site-packages'
[1.160s] Level 1:colcon.colcon_core.shell:create_environment_hook('hammerhead_interfaces', 'pythonpath')
[1.160s] INFO:colcon.colcon_core.shell:Creating environment hook '/home/swayanshree/projects/Makara-AUV-ROS2/install/hammerhead_interfaces/share/hammerhead_interfaces/hook/pythonpath.ps1'
[1.160s] INFO:colcon.colcon_core.shell:Creating environment descriptor '/home/swayanshree/projects/Makara-AUV-ROS2/install/hammerhead_interfaces/share/hammerhead_interfaces/hook/pythonpath.dsv'
[1.160s] INFO:colcon.colcon_core.shell:Creating environment hook '/home/swayanshree/projects/Makara-AUV-ROS2/install/hammerhead_interfaces/share/hammerhead_interfaces/hook/pythonpath.sh'
[1.161s] Level 1:colcon.colcon_core.environment:checking '/home/swayanshree/projects/Makara-AUV-ROS2/install/hammerhead_interfaces/bin'
[1.161s] INFO:colcon.colcon_core.shell:Creating package script '/home/swayanshree/projects/Makara-AUV-ROS2/install/hammerhead_interfaces/share/hammerhead_interfaces/package.ps1'
[1.161s] INFO:colcon.colcon_core.shell:Creating package descriptor '/home/swayanshree/projects/Makara-AUV-ROS2/install/hammerhead_interfaces/share/hammerhead_interfaces/package.dsv'
[1.162s] INFO:colcon.colcon_core.shell:Creating package script '/home/swayanshree/projects/Makara-AUV-ROS2/install/hammerhead_interfaces/share/hammerhead_interfaces/package.sh'
[1.162s] INFO:colcon.colcon_core.shell:Creating package script '/home/swayanshree/projects/Makara-AUV-ROS2/install/hammerhead_interfaces/share/hammerhead_interfaces/package.bash'
[1.162s] INFO:colcon.colcon_core.shell:Creating package script '/home/swayanshree/projects/Makara-AUV-ROS2/install/hammerhead_interfaces/share/hammerhead_interfaces/package.zsh'
[1.163s] Level 1:colcon.colcon_core.environment:create_file_with_runtime_dependencies(/home/swayanshree/projects/Makara-AUV-ROS2/install/hammerhead_interfaces/share/colcon-core/packages/hammerhead_interfaces)
[1.163s] Level 1:colcon.colcon_core.environment:create_environment_scripts_only(makara_interfaces)
[1.163s] Level 1:colcon.colcon_core.environment:checking '/home/swayanshree/projects/Makara-AUV-ROS2/install/makara_interfaces' for CMake module files
[1.164s] DEBUG:colcon.colcon_core.event_handler.log_command:Invoked command in '/home/swayanshree/projects/Makara-AUV-ROS2/build/makara_interfaces' returned '0': CMAKE_PREFIX_PATH=${CMAKE_PREFIX_PATH}:/opt/ros/jazzy DEBUGINFOD_URLS=https://debuginfod.ubuntu.com /usr/bin/cmake --install /home/swayanshree/projects/Makara-AUV-ROS2/build/makara_interfaces
[1.164s] Level 1:colcon.colcon_core.environment:checking '/home/swayanshree/projects/Makara-AUV-ROS2/install/makara_interfaces' for CMake config files
[1.166s] Level 1:colcon.colcon_core.shell:create_environment_hook('makara_interfaces', 'cmake_prefix_path')
[1.166s] INFO:colcon.colcon_core.shell:Creating environment hook '/home/swayanshree/projects/Makara-AUV-ROS2/install/makara_interfaces/share/makara_interfaces/hook/cmake_prefix_path.ps1'
[1.167s] INFO:colcon.colcon_core.shell:Creating environment descriptor '/home/swayanshree/projects/Makara-AUV-ROS2/install/makara_interfaces/share/makara_interfaces/hook/cmake_prefix_path.dsv'
[1.167s] INFO:colcon.colcon_core.shell:Creating environment hook '/home/swayanshree/projects/Makara-AUV-ROS2/install/makara_interfaces/share/makara_interfaces/hook/cmake_prefix_path.sh'
[1.168s] Level 1:colcon.colcon_core.environment:checking '/home/swayanshree/projects/Makara-AUV-ROS2/install/makara_interfaces/lib'
[1.168s] Level 1:colcon.colcon_core.shell:create_environment_hook('makara_interfaces', 'ld_library_path_lib')
[1.168s] INFO:colcon.colcon_core.shell:Creating environment hook '/home/swayanshree/projects/Makara-AUV-ROS2/install/makara_interfaces/share/makara_interfaces/hook/ld_library_path_lib.ps1'
[1.168s] INFO:colcon.colcon_core.shell:Creating environment descriptor '/home/swayanshree/projects/Makara-AUV-ROS2/install/makara_interfaces/share/makara_interfaces/hook/ld_library_path_lib.dsv'
[1.168s] INFO:colcon.colcon_core.shell:Creating environment hook '/home/swayanshree/projects/Makara-AUV-ROS2/install/makara_interfaces/share/makara_interfaces/hook/ld_library_path_lib.sh'
[1.169s] Level 1:colcon.colcon_core.environment:checking '/home/swayanshree/projects/Makara-AUV-ROS2/install/makara_interfaces/bin'
[1.169s] Level 1:colcon.colcon_core.environment:checking '/home/swayanshree/projects/Makara-AUV-ROS2/install/makara_interfaces/lib/pkgconfig/makara_interfaces.pc'
[1.169s] Level 1:colcon.colcon_core.environment:checking '/home/swayanshree/projects/Makara-AUV-ROS2/install/makara_interfaces/lib/python3.12/site-packages'
[1.169s] Level 1:colcon.colcon_core.shell:create_environment_hook('makara_interfaces', 'pythonpath')
[1.169s] INFO:colcon.colcon_core.shell:Creating environment hook '/home/swayanshree/projects/Makara-AUV-ROS2/install/makara_interfaces/share/makara_interfaces/hook/pythonpath.ps1'
[1.170s] INFO:colcon.colcon_core.shell:Creating environment descriptor '/home/swayanshree/projects/Makara-AUV-ROS2/install/makara_interfaces/share/makara_interfaces/hook/pythonpath.dsv'
[1.170s] INFO:colcon.colcon_core.shell:Creating environment hook '/home/swayanshree/projects/Makara-AUV-ROS2/install/makara_interfaces/share/makara_interfaces/hook/pythonpath.sh'
[1.170s] Level 1:colcon.colcon_core.environment:checking '/home/swayanshree/projects/Makara-AUV-ROS2/install/makara_interfaces/bin'
[1.171s] INFO:colcon.colcon_core.shell:Creating package script '/home/swayanshree/projects/Makara-AUV-ROS2/install/makara_interfaces/share/makara_interfaces/package.ps1'
[1.171s] INFO:colcon.colcon_core.shell:Creating package descriptor '/home/swayanshree/projects/Makara-AUV-ROS2/install/makara_interfaces/share/makara_interfaces/package.dsv'
[1.171s] INFO:colcon.colcon_core.shell:Creating package script '/home/swayanshree/projects/Makara-AUV-ROS2/install/makara_interfaces/share/makara_interfaces/package.sh'
[1.172s] INFO:colcon.colcon_core.shell:Creating package script '/home/swayanshree/projects/Makara-AUV-ROS2/install/makara_interfaces/share/makara_interfaces/package.bash'
[1.172s] INFO:colcon.colcon_core.shell:Creating package script '/home/swayanshree/projects/Makara-AUV-ROS2/install/makara_interfaces/share/makara_interfaces/package.zsh'
[1.172s] Level 1:colcon.colcon_core.environment:create_file_with_runtime_dependencies(/home/swayanshree/projects/Makara-AUV-ROS2/install/makara_interfaces/share/colcon-core/packages/makara_interfaces)
[1.173s] Level 1:colcon.colcon_core.environment:create_environment_scripts_only(makara_interfaces)
[1.173s] Level 1:colcon.colcon_core.environment:checking '/home/swayanshree/projects/Makara-AUV-ROS2/install/makara_interfaces' for CMake module files
[1.173s] Level 1:colcon.colcon_core.environment:checking '/home/swayanshree/projects/Makara-AUV-ROS2/install/makara_interfaces' for CMake config files
[1.174s] Level 1:colcon.colcon_core.shell:create_environment_hook('makara_interfaces', 'cmake_prefix_path')
[1.174s] INFO:colcon.colcon_core.shell:Creating environment hook '/home/swayanshree/projects/Makara-AUV-ROS2/install/makara_interfaces/share/makara_interfaces/hook/cmake_prefix_path.ps1'
[1.174s] INFO:colcon.colcon_core.shell:Creating environment descriptor '/home/swayanshree/projects/Makara-AUV-ROS2/install/makara_interfaces/share/makara_interfaces/hook/cmake_prefix_path.dsv'
[1.175s] INFO:colcon.colcon_core.shell:Creating environment hook '/home/swayanshree/projects/Makara-AUV-ROS2/install/makara_interfaces/share/makara_interfaces/hook/cmake_prefix_path.sh'
[1.175s] Level 1:colcon.colcon_core.environment:checking '/home/swayanshree/projects/Makara-AUV-ROS2/install/makara_interfaces/lib'
[1.176s] Level 1:colcon.colcon_core.shell:create_environment_hook('makara_interfaces', 'ld_library_path_lib')
[1.176s] INFO:colcon.colcon_core.shell:Creating environment hook '/home/swayanshree/projects/Makara-AUV-ROS2/install/makara_interfaces/share/makara_interfaces/hook/ld_library_path_lib.ps1'
[1.176s] INFO:colcon.colcon_core.shell:Creating environment descriptor '/home/swayanshree/projects/Makara-AUV-ROS2/install/makara_interfaces/share/makara_interfaces/hook/ld_library_path_lib.dsv'
[1.177s] INFO:colcon.colcon_core.shell:Creating environment hook '/home/swayanshree/projects/Makara-AUV-ROS2/install/makara_interfaces/share/makara_interfaces/hook/ld_library_path_lib.sh'
[1.177s] Level 1:colcon.colcon_core.environment:checking '/home/swayanshree/projects/Makara-AUV-ROS2/install/makara_interfaces/bin'
[1.177s] Level 1:colcon.colcon_core.environment:checking '/home/swayanshree/projects/Makara-AUV-ROS2/install/makara_interfaces/lib/pkgconfig/makara_interfaces.pc'
[1.177s] Level 1:colcon.colcon_core.environment:checking '/home/swayanshree/projects/Makara-AUV-ROS2/install/makara_interfaces/lib/python3.12/site-packages'
[1.177s] Level 1:colcon.colcon_core.shell:create_environment_hook('makara_interfaces', 'pythonpath')
[1.177s] INFO:colcon.colcon_core.shell:Creating environment hook '/home/swayanshree/projects/Makara-AUV-ROS2/install/makara_interfaces/share/makara_interfaces/hook/pythonpath.ps1'
[1.178s] INFO:colcon.colcon_core.shell:Creating environment descriptor '/home/swayanshree/projects/Makara-AUV-ROS2/install/makara_interfaces/share/makara_interfaces/hook/pythonpath.dsv'
[1.178s] INFO:colcon.colcon_core.shell:Creating environment hook '/home/swayanshree/projects/Makara-AUV-ROS2/install/makara_interfaces/share/makara_interfaces/hook/pythonpath.sh'
[1.178s] Level 1:colcon.colcon_core.environment:checking '/home/swayanshree/projects/Makara-AUV-ROS2/install/makara_interfaces/bin'
[1.179s] INFO:colcon.colcon_core.shell:Creating package script '/home/swayanshree/projects/Makara-AUV-ROS2/install/makara_interfaces/share/makara_interfaces/package.ps1'
[1.179s] INFO:colcon.colcon_core.shell:Creating package descriptor '/home/swayanshree/projects/Makara-AUV-ROS2/install/makara_interfaces/share/makara_interfaces/package.dsv'
[1.179s] INFO:colcon.colcon_core.shell:Creating package script '/home/swayanshree/projects/Makara-AUV-ROS2/install/makara_interfaces/share/makara_interfaces/package.sh'
[1.180s] INFO:colcon.colcon_core.shell:Creating package script '/home/swayanshree/projects/Makara-AUV-ROS2/install/makara_interfaces/share/makara_interfaces/package.bash'
[1.180s] INFO:colcon.colcon_core.shell:Creating package script '/home/swayanshree/projects/Makara-AUV-ROS2/install/makara_interfaces/share/makara_interfaces/package.zsh'
[1.180s] Level 1:colcon.colcon_core.environment:create_file_with_runtime_dependencies(/home/swayanshree/projects/Makara-AUV-ROS2/install/makara_interfaces/share/colcon-core/packages/makara_interfaces)
[1.181s] INFO:colcon.colcon_ros.task.ament_cmake.build:Building ROS package in '/home/swayanshree/projects/Makara-AUV-ROS2/src/ardupilot_attitude_control' with build type 'ament_cmake'
[1.181s] INFO:colcon.colcon_cmake.task.cmake.build:Building CMake package in '/home/swayanshree/projects/Makara-AUV-ROS2/src/ardupilot_attitude_control'
[1.181s] INFO:colcon.colcon_core.shell:Skip shell extension 'powershell' for command environment: Not usable outside of PowerShell
[1.181s] DEBUG:colcon.colcon_core.shell:Skip shell extension 'dsv' for command environment
[1.185s] INFO:colcon.colcon_ros.task.ament_python.build:Building ROS package in '/home/swayanshree/projects/Makara-AUV-ROS2/src/hammerhead_serial' with build type 'ament_python'
[1.185s] Level 1:colcon.colcon_core.shell:create_environment_hook('hammerhead_serial', 'ament_prefix_path')
[1.185s] INFO:colcon.colcon_core.shell:Creating environment hook '/home/swayanshree/projects/Makara-AUV-ROS2/install/hammerhead_serial/share/hammerhead_serial/hook/ament_prefix_path.ps1'
[1.186s] INFO:colcon.colcon_core.shell:Creating environment descriptor '/home/swayanshree/projects/Makara-AUV-ROS2/install/hammerhead_serial/share/hammerhead_serial/hook/ament_prefix_path.dsv'
[1.186s] INFO:colcon.colcon_core.shell:Creating environment hook '/home/swayanshree/projects/Makara-AUV-ROS2/install/hammerhead_serial/share/hammerhead_serial/hook/ament_prefix_path.sh'
[1.187s] INFO:colcon.colcon_core.shell:Skip shell extension 'powershell' for command environment: Not usable outside of PowerShell
[1.187s] DEBUG:colcon.colcon_core.shell:Skip shell extension 'dsv' for command environment
[1.190s] INFO:colcon.colcon_ros.task.ament_cmake.build:Building ROS package in '/home/swayanshree/projects/Makara-AUV-ROS2/src/makara_control' with build type 'ament_cmake'
[1.190s] INFO:colcon.colcon_cmake.task.cmake.build:Building CMake package in '/home/swayanshree/projects/Makara-AUV-ROS2/src/makara_control'
[1.190s] INFO:colcon.colcon_core.shell:Skip shell extension 'powershell' for command environment: Not usable outside of PowerShell
[1.190s] DEBUG:colcon.colcon_core.shell:Skip shell extension 'dsv' for command environment
[1.194s] INFO:colcon.colcon_ros.task.ament_python.build:Building ROS package in '/home/swayanshree/projects/Makara-AUV-ROS2/src/makara_serial' with build type 'ament_python'
[1.194s] Level 1:colcon.colcon_core.shell:create_environment_hook('makara_serial', 'ament_prefix_path')
[1.194s] INFO:colcon.colcon_core.shell:Creating environment hook '/home/swayanshree/projects/Makara-AUV-ROS2/install/makara_serial/share/makara_serial/hook/ament_prefix_path.ps1'
[1.195s] INFO:colcon.colcon_core.shell:Creating environment descriptor '/home/swayanshree/projects/Makara-AUV-ROS2/install/makara_serial/share/makara_serial/hook/ament_prefix_path.dsv'
[1.195s] INFO:colcon.colcon_core.shell:Creating environment hook '/home/swayanshree/projects/Makara-AUV-ROS2/install/makara_serial/share/makara_serial/hook/ament_prefix_path.sh'
[1.196s] INFO:colcon.colcon_core.shell:Skip shell extension 'powershell' for command environment: Not usable outside of PowerShell
[1.196s] DEBUG:colcon.colcon_core.shell:Skip shell extension 'dsv' for command environment
[1.202s] DEBUG:colcon.colcon_core.event_handler.log_command:Invoking command in '/home/swayanshree/projects/Makara-AUV-ROS2/build/ardupilot_attitude_control': AMENT_PREFIX_PATH=/home/swayanshree/projects/Makara-AUV-ROS2/install/hammerhead_interfaces:${AMENT_PREFIX_PATH} CMAKE_PREFIX_PATH=/home/swayanshree/projects/Makara-AUV-ROS2/install/hammerhead_interfaces:/opt/ros/jazzy/opt/gz_sim_vendor:/opt/ros/jazzy/opt/gz_sensors_vendor:/opt/ros/jazzy/opt/gz_physics_vendor:/opt/ros/jazzy/opt/sdformat_vendor:/opt/ros/jazzy/opt/gz_gui_vendor:/opt/ros/jazzy/opt/gz_transport_vendor:/opt/ros/jazzy/opt/gz_rendering_vendor:/opt/ros/jazzy/opt/gz_plugin_vendor:/opt/ros/jazzy/opt/gz_fuel_tools_vendor:/opt/ros/jazzy/opt/gz_msgs_vendor:/opt/ros/jazzy/opt/gz_common_vendor:/opt/ros/jazzy/opt/gz_math_vendor:/opt/ros/jazzy/opt/gz_utils_vendor:/opt/ros/jazzy/opt/gz_tools_vendor:/opt/ros/jazzy/opt/gz_ogre_next_vendor:/opt/ros/jazzy/opt/gz_dartsim_vendor:/opt/ros/jazzy/opt/gz_cmake_vendor:/opt/ros/jazzy DEBUGINFOD_URLS=https://debuginfod.ubuntu.com LD_LIBRARY_PATH=/home/swayanshree/projects/Makara-AUV-ROS2/install/hammerhead_interfaces/lib:${LD_LIBRARY_PATH} PYTHONPATH=/home/swayanshree/projects/Makara-AUV-ROS2/install/hammerhead_interfaces/lib/python3.12/site-packages:${PYTHONPATH} /usr/bin/cmake --build /home/swayanshree/projects/Makara-AUV-ROS2/build/ardupilot_attitude_control -- -j16 -l16
[1.371s] INFO:colcon.colcon_core.task.python.build:Building Python package in '/home/swayanshree/projects/Makara-AUV-ROS2/src/hammerhead_serial'
[1.372s] INFO:colcon.colcon_core.shell:Skip shell extension 'powershell' for command environment: Not usable outside of PowerShell
[1.372s] DEBUG:colcon.colcon_core.shell:Skip shell extension 'dsv' for command environment
[1.379s] DEBUG:colcon.colcon_core.event_handler.log_command:Invoking command in '/home/swayanshree/projects/Makara-AUV-ROS2/build/makara_control': AMENT_PREFIX_PATH=/home/swayanshree/projects/Makara-AUV-ROS2/install/makara_interfaces:${AMENT_PREFIX_PATH} CMAKE_PREFIX_PATH=/home/swayanshree/projects/Makara-AUV-ROS2/install/makara_interfaces:/opt/ros/jazzy/opt/gz_sim_vendor:/opt/ros/jazzy/opt/gz_sensors_vendor:/opt/ros/jazzy/opt/gz_physics_vendor:/opt/ros/jazzy/opt/sdformat_vendor:/opt/ros/jazzy/opt/gz_gui_vendor:/opt/ros/jazzy/opt/gz_transport_vendor:/opt/ros/jazzy/opt/gz_rendering_vendor:/opt/ros/jazzy/opt/gz_plugin_vendor:/opt/ros/jazzy/opt/gz_fuel_tools_vendor:/opt/ros/jazzy/opt/gz_msgs_vendor:/opt/ros/jazzy/opt/gz_common_vendor:/opt/ros/jazzy/opt/gz_math_vendor:/opt/ros/jazzy/opt/gz_utils_vendor:/opt/ros/jazzy/opt/gz_tools_vendor:/opt/ros/jazzy/opt/gz_ogre_next_vendor:/opt/ros/jazzy/opt/gz_dartsim_vendor:/opt/ros/jazzy/opt/gz_cmake_vendor:/opt/ros/jazzy DEBUGINFOD_URLS=https://debuginfod.ubuntu.com LD_LIBRARY_PATH=/home/swayanshree/projects/Makara-AUV-ROS2/install/makara_interfaces/lib:${LD_LIBRARY_PATH} PYTHONPATH=/home/swayanshree/projects/Makara-AUV-ROS2/install/makara_interfaces/lib/python3.12/site-packages:${PYTHONPATH} /usr/bin/cmake --build /home/swayanshree/projects/Makara-AUV-ROS2/build/makara_control -- -j16 -l16
[1.527s] INFO:colcon.colcon_core.task.python.build:Building Python package in '/home/swayanshree/projects/Makara-AUV-ROS2/src/makara_serial'
[1.527s] INFO:colcon.colcon_core.shell:Skip shell extension 'powershell' for command environment: Not usable outside of PowerShell
[1.527s] DEBUG:colcon.colcon_core.shell:Skip shell extension 'dsv' for command environment
[1.531s] DEBUG:colcon.colcon_core.event_handler.log_command:Invoked command in '/home/swayanshree/projects/Makara-AUV-ROS2/build/ardupilot_attitude_control' returned '0': AMENT_PREFIX_PATH=/home/swayanshree/projects/Makara-AUV-ROS2/install/hammerhead_interfaces:${AMENT_PREFIX_PATH} CMAKE_PREFIX_PATH=/home/swayanshree/projects/Makara-AUV-ROS2/install/hammerhead_interfaces:/opt/ros/jazzy/opt/gz_sim_vendor:/opt/ros/jazzy/opt/gz_sensors_vendor:/opt/ros/jazzy/opt/gz_physics_vendor:/opt/ros/jazzy/opt/sdformat_vendor:/opt/ros/jazzy/opt/gz_gui_vendor:/opt/ros/jazzy/opt/gz_transport_vendor:/opt/ros/jazzy/opt/gz_rendering_vendor:/opt/ros/jazzy/opt/gz_plugin_vendor:/opt/ros/jazzy/opt/gz_fuel_tools_vendor:/opt/ros/jazzy/opt/gz_msgs_vendor:/opt/ros/jazzy/opt/gz_common_vendor:/opt/ros/jazzy/opt/gz_math_vendor:/opt/ros/jazzy/opt/gz_utils_vendor:/opt/ros/jazzy/opt/gz_tools_vendor:/opt/ros/jazzy/opt/gz_ogre_next_vendor:/opt/ros/jazzy/opt/gz_dartsim_vendor:/opt/ros/jazzy/opt/gz_cmake_vendor:/opt/ros/jazzy DEBUGINFOD_URLS=https://debuginfod.ubuntu.com LD_LIBRARY_PATH=/home/swayanshree/projects/Makara-AUV-ROS2/install/hammerhead_interfaces/lib:${LD_LIBRARY_PATH} PYTHONPATH=/home/swayanshree/projects/Makara-AUV-ROS2/install/hammerhead_interfaces/lib/python3.12/site-packages:${PYTHONPATH} /usr/bin/cmake --build /home/swayanshree/projects/Makara-AUV-ROS2/build/ardupilot_attitude_control -- -j16 -l16
[1.532s] DEBUG:colcon.colcon_core.event_handler.log_command:Invoking command in '/home/swayanshree/projects/Makara-AUV-ROS2/build/ardupilot_attitude_control': AMENT_PREFIX_PATH=/home/swayanshree/projects/Makara-AUV-ROS2/install/hammerhead_interfaces:${AMENT_PREFIX_PATH} CMAKE_PREFIX_PATH=/home/swayanshree/projects/Makara-AUV-ROS2/install/hammerhead_interfaces:/opt/ros/jazzy/opt/gz_sim_vendor:/opt/ros/jazzy/opt/gz_sensors_vendor:/opt/ros/jazzy/opt/gz_physics_vendor:/opt/ros/jazzy/opt/sdformat_vendor:/opt/ros/jazzy/opt/gz_gui_vendor:/opt/ros/jazzy/opt/gz_transport_vendor:/opt/ros/jazzy/opt/gz_rendering_vendor:/opt/ros/jazzy/opt/gz_plugin_vendor:/opt/ros/jazzy/opt/gz_fuel_tools_vendor:/opt/ros/jazzy/opt/gz_msgs_vendor:/opt/ros/jazzy/opt/gz_common_vendor:/opt/ros/jazzy/opt/gz_math_vendor:/opt/ros/jazzy/opt/gz_utils_vendor:/opt/ros/jazzy/opt/gz_tools_vendor:/opt/ros/jazzy/opt/gz_ogre_next_vendor:/opt/ros/jazzy/opt/gz_dartsim_vendor:/opt/ros/jazzy/opt/gz_cmake_vendor:/opt/ros/jazzy DEBUGINFOD_URLS=https://debuginfod.ubuntu.com LD_LIBRARY_PATH=/home/swayanshree/projects/Makara-AUV-ROS2/install/hammerhead_interfaces/lib:${LD_LIBRARY_PATH} PYTHONPATH=/home/swayanshree/projects/Makara-AUV-ROS2/install/hammerhead_interfaces/lib/python3.12/site-packages:${PYTHONPATH} /usr/bin/cmake --install /home/swayanshree/projects/Makara-AUV-ROS2/build/ardupilot_attitude_control
[1.535s] DEBUG:colcon.colcon_core.event_handler.log_command:Invoked command in '/home/swayanshree/projects/Makara-AUV-ROS2/build/makara_control' returned '0': AMENT_PREFIX_PATH=/home/swayanshree/projects/Makara-AUV-ROS2/install/makara_interfaces:${AMENT_PREFIX_PATH} CMAKE_PREFIX_PATH=/home/swayanshree/projects/Makara-AUV-ROS2/install/makara_interfaces:/opt/ros/jazzy/opt/gz_sim_vendor:/opt/ros/jazzy/opt/gz_sensors_vendor:/opt/ros/jazzy/opt/gz_physics_vendor:/opt/ros/jazzy/opt/sdformat_vendor:/opt/ros/jazzy/opt/gz_gui_vendor:/opt/ros/jazzy/opt/gz_transport_vendor:/opt/ros/jazzy/opt/gz_rendering_vendor:/opt/ros/jazzy/opt/gz_plugin_vendor:/opt/ros/jazzy/opt/gz_fuel_tools_vendor:/opt/ros/jazzy/opt/gz_msgs_vendor:/opt/ros/jazzy/opt/gz_common_vendor:/opt/ros/jazzy/opt/gz_math_vendor:/opt/ros/jazzy/opt/gz_utils_vendor:/opt/ros/jazzy/opt/gz_tools_vendor:/opt/ros/jazzy/opt/gz_ogre_next_vendor:/opt/ros/jazzy/opt/gz_dartsim_vendor:/opt/ros/jazzy/opt/gz_cmake_vendor:/opt/ros/jazzy DEBUGINFOD_URLS=https://debuginfod.ubuntu.com LD_LIBRARY_PATH=/home/swayanshree/projects/Makara-AUV-ROS2/install/makara_interfaces/lib:${LD_LIBRARY_PATH} PYTHONPATH=/home/swayanshree/projects/Makara-AUV-ROS2/install/makara_interfaces/lib/python3.12/site-packages:${PYTHONPATH} /usr/bin/cmake --build /home/swayanshree/projects/Makara-AUV-ROS2/build/makara_control -- -j16 -l16
[1.537s] DEBUG:colcon.colcon_core.event_handler.log_command:Invoking command in '/home/swayanshree/projects/Makara-AUV-ROS2/build/makara_control': AMENT_PREFIX_PATH=/home/swayanshree/projects/Makara-AUV-ROS2/install/makara_interfaces:${AMENT_PREFIX_PATH} CMAKE_PREFIX_PATH=/home/swayanshree/projects/Makara-AUV-ROS2/install/makara_interfaces:/opt/ros/jazzy/opt/gz_sim_vendor:/opt/ros/jazzy/opt/gz_sensors_vendor:/opt/ros/jazzy/opt/gz_physics_vendor:/opt/ros/jazzy/opt/sdformat_vendor:/opt/ros/jazzy/opt/gz_gui_vendor:/opt/ros/jazzy/opt/gz_transport_vendor:/opt/ros/jazzy/opt/gz_rendering_vendor:/opt/ros/jazzy/opt/gz_plugin_vendor:/opt/ros/jazzy/opt/gz_fuel_tools_vendor:/opt/ros/jazzy/opt/gz_msgs_vendor:/opt/ros/jazzy/opt/gz_common_vendor:/opt/ros/jazzy/opt/gz_math_vendor:/opt/ros/jazzy/opt/gz_utils_vendor:/opt/ros/jazzy/opt/gz_tools_vendor:/opt/ros/jazzy/opt/gz_ogre_next_vendor:/opt/ros/jazzy/opt/gz_dartsim_vendor:/opt/ros/jazzy/opt/gz_cmake_vendor:/opt/ros/jazzy DEBUGINFOD_URLS=https://debuginfod.ubuntu.com LD_LIBRARY_PATH=/home/swayanshree/projects/Makara-AUV-ROS2/install/makara_interfaces/lib:${LD_LIBRARY_PATH} PYTHONPATH=/home/swayanshree/projects/Makara-AUV-ROS2/install/makara_interfaces/lib/python3.12/site-packages:${PYTHONPATH} /usr/bin/cmake --install /home/swayanshree/projects/Makara-AUV-ROS2/build/makara_control
[1.545s] Level 1:colcon.colcon_core.environment:create_environment_scripts_only(ardupilot_attitude_control)
[1.545s] Level 1:colcon.colcon_core.environment:checking '/home/swayanshree/projects/Makara-AUV-ROS2/install/ardupilot_attitude_control' for CMake module files
[1.546s] DEBUG:colcon.colcon_core.event_handler.log_command:Invoked command in '/home/swayanshree/projects/Makara-AUV-ROS2/build/ardupilot_attitude_control' returned '0': AMENT_PREFIX_PATH=/home/swayanshree/projects/Makara-AUV-ROS2/install/hammerhead_interfaces:${AMENT_PREFIX_PATH} CMAKE_PREFIX_PATH=/home/swayanshree/projects/Makara-AUV-ROS2/install/hammerhead_interfaces:/opt/ros/jazzy/opt/gz_sim_vendor:/opt/ros/jazzy/opt/gz_sensors_vendor:/opt/ros/jazzy/opt/gz_physics_vendor:/opt/ros/jazzy/opt/sdformat_vendor:/opt/ros/jazzy/opt/gz_gui_vendor:/opt/ros/jazzy/opt/gz_transport_vendor:/opt/ros/jazzy/opt/gz_rendering_vendor:/opt/ros/jazzy/opt/gz_plugin_vendor:/opt/ros/jazzy/opt/gz_fuel_tools_vendor:/opt/ros/jazzy/opt/gz_msgs_vendor:/opt/ros/jazzy/opt/gz_common_vendor:/opt/ros/jazzy/opt/gz_math_vendor:/opt/ros/jazzy/opt/gz_utils_vendor:/opt/ros/jazzy/opt/gz_tools_vendor:/opt/ros/jazzy/opt/gz_ogre_next_vendor:/opt/ros/jazzy/opt/gz_dartsim_vendor:/opt/ros/jazzy/opt/gz_cmake_vendor:/opt/ros/jazzy DEBUGINFOD_URLS=https://debuginfod.ubuntu.com LD_LIBRARY_PATH=/home/swayanshree/projects/Makara-AUV-ROS2/install/hammerhead_interfaces/lib:${LD_LIBRARY_PATH} PYTHONPATH=/home/swayanshree/projects/Makara-AUV-ROS2/install/hammerhead_interfaces/lib/python3.12/site-packages:${PYTHONPATH} /usr/bin/cmake --install /home/swayanshree/projects/Makara-AUV-ROS2/build/ardupilot_attitude_control
[1.547s] Level 1:colcon.colcon_core.environment:checking '/home/swayanshree/projects/Makara-AUV-ROS2/install/ardupilot_attitude_control' for CMake config files
[1.550s] Level 1:colcon.colcon_core.shell:create_environment_hook('ardupilot_attitude_control', 'cmake_prefix_path')
[1.550s] INFO:colcon.colcon_core.shell:Creating environment hook '/home/swayanshree/projects/Makara-AUV-ROS2/install/ardupilot_attitude_control/share/ardupilot_attitude_control/hook/cmake_prefix_path.ps1'
[1.551s] INFO:colcon.colcon_core.shell:Creating environment descriptor '/home/swayanshree/projects/Makara-AUV-ROS2/install/ardupilot_attitude_control/share/ardupilot_attitude_control/hook/cmake_prefix_path.dsv'
[1.551s] INFO:colcon.colcon_core.shell:Creating environment hook '/home/swayanshree/projects/Makara-AUV-ROS2/install/ardupilot_attitude_control/share/ardupilot_attitude_control/hook/cmake_prefix_path.sh'
[1.552s] Level 1:colcon.colcon_core.environment:checking '/home/swayanshree/projects/Makara-AUV-ROS2/install/ardupilot_attitude_control/lib'
[1.552s] Level 1:colcon.colcon_core.environment:checking '/home/swayanshree/projects/Makara-AUV-ROS2/install/ardupilot_attitude_control/bin'
[1.552s] Level 1:colcon.colcon_core.environment:checking '/home/swayanshree/projects/Makara-AUV-ROS2/install/ardupilot_attitude_control/lib/pkgconfig/ardupilot_attitude_control.pc'
[1.553s] Level 1:colcon.colcon_core.environment:checking '/home/swayanshree/projects/Makara-AUV-ROS2/install/ardupilot_attitude_control/lib/python3.12/site-packages'
[1.553s] Level 1:colcon.colcon_core.environment:checking '/home/swayanshree/projects/Makara-AUV-ROS2/install/ardupilot_attitude_control/bin'
[1.554s] INFO:colcon.colcon_core.shell:Creating package script '/home/swayanshree/projects/Makara-AUV-ROS2/install/ardupilot_attitude_control/share/ardupilot_attitude_control/package.ps1'
[1.554s] INFO:colcon.colcon_core.shell:Creating package descriptor '/home/swayanshree/projects/Makara-AUV-ROS2/install/ardupilot_attitude_control/share/ardupilot_attitude_control/package.dsv'
[1.555s] INFO:colcon.colcon_core.shell:Creating package script '/home/swayanshree/projects/Makara-AUV-ROS2/install/ardupilot_attitude_control/share/ardupilot_attitude_control/package.sh'
[1.555s] INFO:colcon.colcon_core.shell:Creating package script '/home/swayanshree/projects/Makara-AUV-ROS2/install/ardupilot_attitude_control/share/ardupilot_attitude_control/package.bash'
[1.556s] INFO:colcon.colcon_core.shell:Creating package script '/home/swayanshree/projects/Makara-AUV-ROS2/install/ardupilot_attitude_control/share/ardupilot_attitude_control/package.zsh'
[1.556s] Level 1:colcon.colcon_core.environment:create_file_with_runtime_dependencies(/home/swayanshree/projects/Makara-AUV-ROS2/install/ardupilot_attitude_control/share/colcon-core/packages/ardupilot_attitude_control)
[1.557s] Level 1:colcon.colcon_core.environment:create_environment_scripts_only(ardupilot_attitude_control)
[1.557s] Level 1:colcon.colcon_core.environment:checking '/home/swayanshree/projects/Makara-AUV-ROS2/install/ardupilot_attitude_control' for CMake module files
[1.558s] Level 1:colcon.colcon_core.environment:checking '/home/swayanshree/projects/Makara-AUV-ROS2/install/ardupilot_attitude_control' for CMake config files
[1.558s] Level 1:colcon.colcon_core.shell:create_environment_hook('ardupilot_attitude_control', 'cmake_prefix_path')
[1.558s] INFO:colcon.colcon_core.shell:Creating environment hook '/home/swayanshree/projects/Makara-AUV-ROS2/install/ardupilot_attitude_control/share/ardupilot_attitude_control/hook/cmake_prefix_path.ps1'
[1.558s] INFO:colcon.colcon_core.shell:Creating environment descriptor '/home/swayanshree/projects/Makara-AUV-ROS2/install/ardupilot_attitude_control/share/ardupilot_attitude_control/hook/cmake_prefix_path.dsv'
[1.559s] INFO:colcon.colcon_core.shell:Creating environment hook '/home/swayanshree/projects/Makara-AUV-ROS2/install/ardupilot_attitude_control/share/ardupilot_attitude_control/hook/cmake_prefix_path.sh'
[1.559s] Level 1:colcon.colcon_core.environment:checking '/home/swayanshree/projects/Makara-AUV-ROS2/install/ardupilot_attitude_control/lib'
[1.560s] Level 1:colcon.colcon_core.environment:checking '/home/swayanshree/projects/Makara-AUV-ROS2/install/ardupilot_attitude_control/bin'
[1.560s] Level 1:colcon.colcon_core.environment:checking '/home/swayanshree/projects/Makara-AUV-ROS2/install/ardupilot_attitude_control/lib/pkgconfig/ardupilot_attitude_control.pc'
[1.560s] Level 1:colcon.colcon_core.environment:checking '/home/swayanshree/projects/Makara-AUV-ROS2/install/ardupilot_attitude_control/lib/python3.12/site-packages'
[1.560s] Level 1:colcon.colcon_core.environment:checking '/home/swayanshree/projects/Makara-AUV-ROS2/install/ardupilot_attitude_control/bin'
[1.561s] INFO:colcon.colcon_core.shell:Creating package script '/home/swayanshree/projects/Makara-AUV-ROS2/install/ardupilot_attitude_control/share/ardupilot_attitude_control/package.ps1'
[1.562s] INFO:colcon.colcon_core.shell:Creating package descriptor '/home/swayanshree/projects/Makara-AUV-ROS2/install/ardupilot_attitude_control/share/ardupilot_attitude_control/package.dsv'
[1.562s] INFO:colcon.colcon_core.shell:Creating package script '/home/swayanshree/projects/Makara-AUV-ROS2/install/ardupilot_attitude_control/share/ardupilot_attitude_control/package.sh'
[1.563s] INFO:colcon.colcon_core.shell:Creating package script '/home/swayanshree/projects/Makara-AUV-ROS2/install/ardupilot_attitude_control/share/ardupilot_attitude_control/package.bash'
[1.563s] INFO:colcon.colcon_core.shell:Creating package script '/home/swayanshree/projects/Makara-AUV-ROS2/install/ardupilot_attitude_control/share/ardupilot_attitude_control/package.zsh'
[1.564s] Level 1:colcon.colcon_core.environment:create_file_with_runtime_dependencies(/home/swayanshree/projects/Makara-AUV-ROS2/install/ardupilot_attitude_control/share/colcon-core/packages/ardupilot_attitude_control)
[1.565s] Level 1:colcon.colcon_core.environment:create_environment_scripts_only(makara_control)
[1.565s] Level 1:colcon.colcon_core.environment:checking '/home/swayanshree/projects/Makara-AUV-ROS2/install/makara_control' for CMake module files
[1.566s] DEBUG:colcon.colcon_core.event_handler.log_command:Invoked command in '/home/swayanshree/projects/Makara-AUV-ROS2/build/makara_control' returned '0': AMENT_PREFIX_PATH=/home/swayanshree/projects/Makara-AUV-ROS2/install/makara_interfaces:${AMENT_PREFIX_PATH} CMAKE_PREFIX_PATH=/home/swayanshree/projects/Makara-AUV-ROS2/install/makara_interfaces:/opt/ros/jazzy/opt/gz_sim_vendor:/opt/ros/jazzy/opt/gz_sensors_vendor:/opt/ros/jazzy/opt/gz_physics_vendor:/opt/ros/jazzy/opt/sdformat_vendor:/opt/ros/jazzy/opt/gz_gui_vendor:/opt/ros/jazzy/opt/gz_transport_vendor:/opt/ros/jazzy/opt/gz_rendering_vendor:/opt/ros/jazzy/opt/gz_plugin_vendor:/opt/ros/jazzy/opt/gz_fuel_tools_vendor:/opt/ros/jazzy/opt/gz_msgs_vendor:/opt/ros/jazzy/opt/gz_common_vendor:/opt/ros/jazzy/opt/gz_math_vendor:/opt/ros/jazzy/opt/gz_utils_vendor:/opt/ros/jazzy/opt/gz_tools_vendor:/opt/ros/jazzy/opt/gz_ogre_next_vendor:/opt/ros/jazzy/opt/gz_dartsim_vendor:/opt/ros/jazzy/opt/gz_cmake_vendor:/opt/ros/jazzy DEBUGINFOD_URLS=https://debuginfod.ubuntu.com LD_LIBRARY_PATH=/home/swayanshree/projects/Makara-AUV-ROS2/install/makara_interfaces/lib:${LD_LIBRARY_PATH} PYTHONPATH=/home/swayanshree/projects/Makara-AUV-ROS2/install/makara_interfaces/lib/python3.12/site-packages:${PYTHONPATH} /usr/bin/cmake --install /home/swayanshree/projects/Makara-AUV-ROS2/build/makara_control
[1.566s] Level 1:colcon.colcon_core.environment:checking '/home/swayanshree/projects/Makara-AUV-ROS2/install/makara_control' for CMake config files
[1.567s] Level 1:colcon.colcon_core.shell:create_environment_hook('makara_control', 'cmake_prefix_path')
[1.567s] INFO:colcon.colcon_core.shell:Creating environment hook '/home/swayanshree/projects/Makara-AUV-ROS2/install/makara_control/share/makara_control/hook/cmake_prefix_path.ps1'
[1.568s] INFO:colcon.colcon_core.shell:Creating environment descriptor '/home/swayanshree/projects/Makara-AUV-ROS2/install/makara_control/share/makara_control/hook/cmake_prefix_path.dsv'
[1.568s] INFO:colcon.colcon_core.shell:Creating environment hook '/home/swayanshree/projects/Makara-AUV-ROS2/install/makara_control/share/makara_control/hook/cmake_prefix_path.sh'
[1.569s] Level 1:colcon.colcon_core.environment:checking '/home/swayanshree/projects/Makara-AUV-ROS2/install/makara_control/lib'
[1.569s] Level 1:colcon.colcon_core.environment:checking '/home/swayanshree/projects/Makara-AUV-ROS2/install/makara_control/bin'
[1.569s] Level 1:colcon.colcon_core.environment:checking '/home/swayanshree/projects/Makara-AUV-ROS2/install/makara_control/lib/pkgconfig/makara_control.pc'
[1.569s] Level 1:colcon.colcon_core.environment:checking '/home/swayanshree/projects/Makara-AUV-ROS2/install/makara_control/lib/python3.12/site-packages'
[1.570s] Level 1:colcon.colcon_core.environment:checking '/home/swayanshree/projects/Makara-AUV-ROS2/install/makara_control/bin'
[1.570s] INFO:colcon.colcon_core.shell:Creating package script '/home/swayanshree/projects/Makara-AUV-ROS2/install/makara_control/share/makara_control/package.ps1'
[1.571s] INFO:colcon.colcon_core.shell:Creating package descriptor '/home/swayanshree/projects/Makara-AUV-ROS2/install/makara_control/share/makara_control/package.dsv'
[1.571s] INFO:colcon.colcon_core.shell:Creating package script '/home/swayanshree/projects/Makara-AUV-ROS2/install/makara_control/share/makara_control/package.sh'
[1.572s] INFO:colcon.colcon_core.shell:Creating package script '/home/swayanshree/projects/Makara-AUV-ROS2/install/makara_control/share/makara_control/package.bash'
[1.572s] INFO:colcon.colcon_core.shell:Creating package script '/home/swayanshree/projects/Makara-AUV-ROS2/install/makara_control/share/makara_control/package.zsh'
[1.572s] Level 1:colcon.colcon_core.environment:create_file_with_runtime_dependencies(/home/swayanshree/projects/Makara-AUV-ROS2/install/makara_control/share/colcon-core/packages/makara_control)
[1.573s] Level 1:colcon.colcon_core.environment:create_environment_scripts_only(makara_control)
[1.573s] Level 1:colcon.colcon_core.environment:checking '/home/swayanshree/projects/Makara-AUV-ROS2/install/makara_control' for CMake module files
[1.574s] Level 1:colcon.colcon_core.environment:checking '/home/swayanshree/projects/Makara-AUV-ROS2/install/makara_control' for CMake config files
[1.574s] Level 1:colcon.colcon_core.shell:create_environment_hook('makara_control', 'cmake_prefix_path')
[1.574s] INFO:colcon.colcon_core.shell:Creating environment hook '/home/swayanshree/projects/Makara-AUV-ROS2/install/makara_control/share/makara_control/hook/cmake_prefix_path.ps1'
[1.575s] INFO:colcon.colcon_core.shell:Creating environment descriptor '/home/swayanshree/projects/Makara-AUV-ROS2/install/makara_control/share/makara_control/hook/cmake_prefix_path.dsv'
[1.575s] INFO:colcon.colcon_core.shell:Creating environment hook '/home/swayanshree/projects/Makara-AUV-ROS2/install/makara_control/share/makara_control/hook/cmake_prefix_path.sh'
[1.576s] Level 1:colcon.colcon_core.environment:checking '/home/swayanshree/projects/Makara-AUV-ROS2/install/makara_control/lib'
[1.576s] Level 1:colcon.colcon_core.environment:checking '/home/swayanshree/projects/Makara-AUV-ROS2/install/makara_control/bin'
[1.576s] Level 1:colcon.colcon_core.environment:checking '/home/swayanshree/projects/Makara-AUV-ROS2/install/makara_control/lib/pkgconfig/makara_control.pc'
[1.576s] Level 1:colcon.colcon_core.environment:checking '/home/swayanshree/projects/Makara-AUV-ROS2/install/makara_control/lib/python3.12/site-packages'
[1.576s] Level 1:colcon.colcon_core.environment:checking '/home/swayanshree/projects/Makara-AUV-ROS2/install/makara_control/bin'
[1.577s] INFO:colcon.colcon_core.shell:Creating package script '/home/swayanshree/projects/Makara-AUV-ROS2/install/makara_control/share/makara_control/package.ps1'
[1.577s] INFO:colcon.colcon_core.shell:Creating package descriptor '/home/swayanshree/projects/Makara-AUV-ROS2/install/makara_control/share/makara_control/package.dsv'
[1.578s] INFO:colcon.colcon_core.shell:Creating package script '/home/swayanshree/projects/Makara-AUV-ROS2/install/makara_control/share/makara_control/package.sh'
[1.578s] INFO:colcon.colcon_core.shell:Creating package script '/home/swayanshree/projects/Makara-AUV-ROS2/install/makara_control/share/makara_control/package.bash'
[1.579s] INFO:colcon.colcon_core.shell:Creating package script '/home/swayanshree/projects/Makara-AUV-ROS2/install/makara_control/share/makara_control/package.zsh'
[1.579s] Level 1:colcon.colcon_core.environment:create_file_with_runtime_dependencies(/home/swayanshree/projects/Makara-AUV-ROS2/install/makara_control/share/colcon-core/packages/makara_control)
[1.709s] DEBUG:colcon.colcon_core.event_handler.log_command:Invoking command in '/home/swayanshree/projects/Makara-AUV-ROS2/src/makara_vision': DEBUGINFOD_URLS=https://debuginfod.ubuntu.com PYTHONPATH=/home/swayanshree/projects/Makara-AUV-ROS2/build/makara_vision/prefix_override:/usr/lib/python3/dist-packages/colcon_core/task/python/colcon_distutils_commands:/home/swayanshree/projects/Makara-AUV-ROS2/install/makara_vision/lib/python3.12/site-packages:${PYTHONPATH} /usr/bin/python3 -W ignore:setup.py install is deprecated -W ignore:easy_install command is deprecated setup.py egg_info --egg-base ../../build/makara_vision build --build-base /home/swayanshree/projects/Makara-AUV-ROS2/build/makara_vision/build install --record /home/swayanshree/projects/Makara-AUV-ROS2/build/makara_vision/install.log --single-version-externally-managed install_data
[1.715s] DEBUG:colcon.colcon_core.event_handler.log_command:Invoking command in '/home/swayanshree/projects/Makara-AUV-ROS2/src/uuv_gazebo_ros_plugins': DEBUGINFOD_URLS=https://debuginfod.ubuntu.com PYTHONPATH=/home/swayanshree/projects/Makara-AUV-ROS2/build/uuv_gazebo_ros_plugins/prefix_override:/usr/lib/python3/dist-packages/colcon_core/task/python/colcon_distutils_commands:/home/swayanshree/projects/Makara-AUV-ROS2/install/uuv_gazebo_ros_plugins/lib/python3.12/site-packages:${PYTHONPATH} /usr/bin/python3 -W ignore:setup.py install is deprecated -W ignore:easy_install command is deprecated setup.py egg_info --egg-base ../../build/uuv_gazebo_ros_plugins build --build-base /home/swayanshree/projects/Makara-AUV-ROS2/build/uuv_gazebo_ros_plugins/build install --record /home/swayanshree/projects/Makara-AUV-ROS2/build/uuv_gazebo_ros_plugins/install.log --single-version-externally-managed install_data
[1.719s] DEBUG:colcon.colcon_core.event_handler.log_command:Invoking command in '/home/swayanshree/projects/Makara-AUV-ROS2/src/uuv_sensor_ros_plugins': DEBUGINFOD_URLS=https://debuginfod.ubuntu.com PYTHONPATH=/home/swayanshree/projects/Makara-AUV-ROS2/build/uuv_sensor_ros_plugins/prefix_override:/usr/lib/python3/dist-packages/colcon_core/task/python/colcon_distutils_commands:/home/swayanshree/projects/Makara-AUV-ROS2/install/uuv_sensor_ros_plugins/lib/python3.12/site-packages:${PYTHONPATH} /usr/bin/python3 -W ignore:setup.py install is deprecated -W ignore:easy_install command is deprecated setup.py egg_info --egg-base ../../build/uuv_sensor_ros_plugins build --build-base /home/swayanshree/projects/Makara-AUV-ROS2/build/uuv_sensor_ros_plugins/build install --record /home/swayanshree/projects/Makara-AUV-ROS2/build/uuv_sensor_ros_plugins/install.log --single-version-externally-managed install_data
[1.734s] DEBUG:colcon.colcon_core.event_handler.log_command:Invoking command in '/home/swayanshree/projects/Makara-AUV-ROS2/src/data_sync': DEBUGINFOD_URLS=https://debuginfod.ubuntu.com PYTHONPATH=/home/swayanshree/projects/Makara-AUV-ROS2/build/data_sync/prefix_override:/usr/lib/python3/dist-packages/colcon_core/task/python/colcon_distutils_commands:/home/swayanshree/projects/Makara-AUV-ROS2/install/data_sync/lib/python3.12/site-packages:${PYTHONPATH} /usr/bin/python3 -W ignore:setup.py install is deprecated -W ignore:easy_install command is deprecated setup.py egg_info --egg-base ../../build/data_sync build --build-base /home/swayanshree/projects/Makara-AUV-ROS2/build/data_sync/build install --record /home/swayanshree/projects/Makara-AUV-ROS2/build/data_sync/install.log --single-version-externally-managed install_data
[1.754s] DEBUG:colcon.colcon_core.event_handler.log_command:Invoking command in '/home/swayanshree/projects/Makara-AUV-ROS2/src/uuv_descriptions': DEBUGINFOD_URLS=https://debuginfod.ubuntu.com PYTHONPATH=/home/swayanshree/projects/Makara-AUV-ROS2/build/uuv_descriptions/prefix_override:/usr/lib/python3/dist-packages/colcon_core/task/python/colcon_distutils_commands:/home/swayanshree/projects/Makara-AUV-ROS2/install/uuv_descriptions/lib/python3.12/site-packages:${PYTHONPATH} /usr/bin/python3 -W ignore:setup.py install is deprecated -W ignore:easy_install command is deprecated setup.py egg_info --egg-base ../../build/uuv_descriptions build --build-base /home/swayanshree/projects/Makara-AUV-ROS2/build/uuv_descriptions/build install --record /home/swayanshree/projects/Makara-AUV-ROS2/build/uuv_descriptions/install.log --single-version-externally-managed install_data
[1.800s] DEBUG:colcon.colcon_core.event_handler.log_command:Invoking command in '/home/swayanshree/projects/Makara-AUV-ROS2/src/makara_bringup': DEBUGINFOD_URLS=https://debuginfod.ubuntu.com PYTHONPATH=/home/swayanshree/projects/Makara-AUV-ROS2/build/makara_bringup/prefix_override:/usr/lib/python3/dist-packages/colcon_core/task/python/colcon_distutils_commands:/home/swayanshree/projects/Makara-AUV-ROS2/install/makara_bringup/lib/python3.12/site-packages:${PYTHONPATH} /usr/bin/python3 -W ignore:setup.py install is deprecated -W ignore:easy_install command is deprecated setup.py egg_info --egg-base ../../build/makara_bringup build --build-base /home/swayanshree/projects/Makara-AUV-ROS2/build/makara_bringup/build install --record /home/swayanshree/projects/Makara-AUV-ROS2/build/makara_bringup/install.log --single-version-externally-managed install_data
[2.060s] DEBUG:colcon.colcon_core.event_handler.log_command:Invoking command in '/home/swayanshree/projects/Makara-AUV-ROS2/src/makara_serial': AMENT_PREFIX_PATH=/home/swayanshree/projects/Makara-AUV-ROS2/install/makara_interfaces:${AMENT_PREFIX_PATH} CMAKE_PREFIX_PATH=/home/swayanshree/projects/Makara-AUV-ROS2/install/makara_interfaces:${CMAKE_PREFIX_PATH} DEBUGINFOD_URLS=https://debuginfod.ubuntu.com LD_LIBRARY_PATH=/home/swayanshree/projects/Makara-AUV-ROS2/install/makara_interfaces/lib:${LD_LIBRARY_PATH} PYTHONPATH=/home/swayanshree/projects/Makara-AUV-ROS2/build/makara_serial/prefix_override:/usr/lib/python3/dist-packages/colcon_core/task/python/colcon_distutils_commands:/home/swayanshree/projects/Makara-AUV-ROS2/install/makara_serial/lib/python3.12/site-packages:/home/swayanshree/projects/Makara-AUV-ROS2/install/makara_interfaces/lib/python3.12/site-packages:${PYTHONPATH} /usr/bin/python3 -W ignore:setup.py install is deprecated -W ignore:easy_install command is deprecated setup.py egg_info --egg-base ../../build/makara_serial build --build-base /home/swayanshree/projects/Makara-AUV-ROS2/build/makara_serial/build install --record /home/swayanshree/projects/Makara-AUV-ROS2/build/makara_serial/install.log --single-version-externally-managed install_data
[2.097s] DEBUG:colcon.colcon_core.event_handler.log_command:Invoking command in '/home/swayanshree/projects/Makara-AUV-ROS2/src/hammerhead_serial': AMENT_PREFIX_PATH=/home/swayanshree/projects/Makara-AUV-ROS2/install/hammerhead_interfaces:${AMENT_PREFIX_PATH} CMAKE_PREFIX_PATH=/home/swayanshree/projects/Makara-AUV-ROS2/install/hammerhead_interfaces:${CMAKE_PREFIX_PATH} DEBUGINFOD_URLS=https://debuginfod.ubuntu.com LD_LIBRARY_PATH=/home/swayanshree/projects/Makara-AUV-ROS2/install/hammerhead_interfaces/lib:${LD_LIBRARY_PATH} PYTHONPATH=/home/swayanshree/projects/Makara-AUV-ROS2/build/hammerhead_serial/prefix_override:/usr/lib/python3/dist-packages/colcon_core/task/python/colcon_distutils_commands:/home/swayanshree/projects/Makara-AUV-ROS2/install/hammerhead_serial/lib/python3.12/site-packages:/home/swayanshree/projects/Makara-AUV-ROS2/install/hammerhead_interfaces/lib/python3.12/site-packages:${PYTHONPATH} /usr/bin/python3 -W ignore:setup.py install is deprecated -W ignore:easy_install command is deprecated setup.py egg_info --egg-base ../../build/hammerhead_serial build --build-base /home/swayanshree/projects/Makara-AUV-ROS2/build/hammerhead_serial/build install --record /home/swayanshree/projects/Makara-AUV-ROS2/build/hammerhead_serial/install.log --single-version-externally-managed install_data
[2.150s] Level 1:colcon.colcon_core.environment:checking '/home/swayanshree/projects/Makara-AUV-ROS2/install/uuv_gazebo_ros_plugins' for CMake module files
[2.151s] DEBUG:colcon.colcon_core.event_handler.log_command:Invoked command in '/home/swayanshree/projects/Makara-AUV-ROS2/src/uuv_gazebo_ros_plugins' returned '0': DEBUGINFOD_URLS=https://debuginfod.ubuntu.com PYTHONPATH=/home/swayanshree/projects/Makara-AUV-ROS2/build/uuv_gazebo_ros_plugins/prefix_override:/usr/lib/python3/dist-packages/colcon_core/task/python/colcon_distutils_commands:/home/swayanshree/projects/Makara-AUV-ROS2/install/uuv_gazebo_ros_plugins/lib/python3.12/site-packages:${PYTHONPATH} /usr/bin/python3 -W ignore:setup.py install is deprecated -W ignore:easy_install command is deprecated setup.py egg_info --egg-base ../../build/uuv_gazebo_ros_plugins build --build-base /home/swayanshree/projects/Makara-AUV-ROS2/build/uuv_gazebo_ros_plugins/build install --record /home/swayanshree/projects/Makara-AUV-ROS2/build/uuv_gazebo_ros_plugins/install.log --single-version-externally-managed install_data
[2.152s] Level 1:colcon.colcon_core.environment:checking '/home/swayanshree/projects/Makara-AUV-ROS2/install/uuv_gazebo_ros_plugins' for CMake config files
[2.154s] Level 1:colcon.colcon_core.environment:checking '/home/swayanshree/projects/Makara-AUV-ROS2/install/uuv_gazebo_ros_plugins/lib'
[2.154s] Level 1:colcon.colcon_core.environment:checking '/home/swayanshree/projects/Makara-AUV-ROS2/install/uuv_gazebo_ros_plugins/bin'
[2.154s] Level 1:colcon.colcon_core.environment:checking '/home/swayanshree/projects/Makara-AUV-ROS2/install/uuv_gazebo_ros_plugins/lib/pkgconfig/uuv_gazebo_ros_plugins.pc'
[2.155s] Level 1:colcon.colcon_core.environment:checking '/home/swayanshree/projects/Makara-AUV-ROS2/install/uuv_gazebo_ros_plugins/lib/python3.12/site-packages'
[2.155s] Level 1:colcon.colcon_core.shell:create_environment_hook('uuv_gazebo_ros_plugins', 'pythonpath')
[2.155s] INFO:colcon.colcon_core.shell:Creating environment hook '/home/swayanshree/projects/Makara-AUV-ROS2/install/uuv_gazebo_ros_plugins/share/uuv_gazebo_ros_plugins/hook/pythonpath.ps1'
[2.156s] INFO:colcon.colcon_core.shell:Creating environment descriptor '/home/swayanshree/projects/Makara-AUV-ROS2/install/uuv_gazebo_ros_plugins/share/uuv_gazebo_ros_plugins/hook/pythonpath.dsv'
[2.156s] INFO:colcon.colcon_core.shell:Creating environment hook '/home/swayanshree/projects/Makara-AUV-ROS2/install/uuv_gazebo_ros_plugins/share/uuv_gazebo_ros_plugins/hook/pythonpath.sh'
[2.157s] Level 1:colcon.colcon_core.environment:checking '/home/swayanshree/projects/Makara-AUV-ROS2/install/uuv_gazebo_ros_plugins/bin'
[2.157s] Level 1:colcon.colcon_core.environment:create_environment_scripts_only(uuv_gazebo_ros_plugins)
[2.157s] INFO:colcon.colcon_core.shell:Creating package script '/home/swayanshree/projects/Makara-AUV-ROS2/install/uuv_gazebo_ros_plugins/share/uuv_gazebo_ros_plugins/package.ps1'
[2.158s] INFO:colcon.colcon_core.shell:Creating package descriptor '/home/swayanshree/projects/Makara-AUV-ROS2/install/uuv_gazebo_ros_plugins/share/uuv_gazebo_ros_plugins/package.dsv'
[2.158s] INFO:colcon.colcon_core.shell:Creating package script '/home/swayanshree/projects/Makara-AUV-ROS2/install/uuv_gazebo_ros_plugins/share/uuv_gazebo_ros_plugins/package.sh'
[2.159s] INFO:colcon.colcon_core.shell:Creating package script '/home/swayanshree/projects/Makara-AUV-ROS2/install/uuv_gazebo_ros_plugins/share/uuv_gazebo_ros_plugins/package.bash'
[2.159s] INFO:colcon.colcon_core.shell:Creating package script '/home/swayanshree/projects/Makara-AUV-ROS2/install/uuv_gazebo_ros_plugins/share/uuv_gazebo_ros_plugins/package.zsh'
[2.160s] Level 1:colcon.colcon_core.environment:create_file_with_runtime_dependencies(/home/swayanshree/projects/Makara-AUV-ROS2/install/uuv_gazebo_ros_plugins/share/colcon-core/packages/uuv_gazebo_ros_plugins)
[2.166s] Level 1:colcon.colcon_core.environment:checking '/home/swayanshree/projects/Makara-AUV-ROS2/install/makara_vision' for CMake module files
[2.167s] DEBUG:colcon.colcon_core.event_handler.log_command:Invoked command in '/home/swayanshree/projects/Makara-AUV-ROS2/src/makara_vision' returned '0': DEBUGINFOD_URLS=https://debuginfod.ubuntu.com PYTHONPATH=/home/swayanshree/projects/Makara-AUV-ROS2/build/makara_vision/prefix_override:/usr/lib/python3/dist-packages/colcon_core/task/python/colcon_distutils_commands:/home/swayanshree/projects/Makara-AUV-ROS2/install/makara_vision/lib/python3.12/site-packages:${PYTHONPATH} /usr/bin/python3 -W ignore:setup.py install is deprecated -W ignore:easy_install command is deprecated setup.py egg_info --egg-base ../../build/makara_vision build --build-base /home/swayanshree/projects/Makara-AUV-ROS2/build/makara_vision/build install --record /home/swayanshree/projects/Makara-AUV-ROS2/build/makara_vision/install.log --single-version-externally-managed install_data
[2.167s] Level 1:colcon.colcon_core.environment:checking '/home/swayanshree/projects/Makara-AUV-ROS2/install/makara_vision' for CMake config files
[2.169s] Level 1:colcon.colcon_core.environment:checking '/home/swayanshree/projects/Makara-AUV-ROS2/install/makara_vision/lib'
[2.169s] Level 1:colcon.colcon_core.environment:checking '/home/swayanshree/projects/Makara-AUV-ROS2/install/makara_vision/bin'
[2.169s] Level 1:colcon.colcon_core.environment:checking '/home/swayanshree/projects/Makara-AUV-ROS2/install/makara_vision/lib/pkgconfig/makara_vision.pc'
[2.169s] Level 1:colcon.colcon_core.environment:checking '/home/swayanshree/projects/Makara-AUV-ROS2/install/makara_vision/lib/python3.12/site-packages'
[2.169s] Level 1:colcon.colcon_core.shell:create_environment_hook('makara_vision', 'pythonpath')
[2.169s] INFO:colcon.colcon_core.shell:Creating environment hook '/home/swayanshree/projects/Makara-AUV-ROS2/install/makara_vision/share/makara_vision/hook/pythonpath.ps1'
[2.170s] INFO:colcon.colcon_core.shell:Creating environment descriptor '/home/swayanshree/projects/Makara-AUV-ROS2/install/makara_vision/share/makara_vision/hook/pythonpath.dsv'
[2.170s] INFO:colcon.colcon_core.shell:Creating environment hook '/home/swayanshree/projects/Makara-AUV-ROS2/install/makara_vision/share/makara_vision/hook/pythonpath.sh'
[2.171s] Level 1:colcon.colcon_core.environment:checking '/home/swayanshree/projects/Makara-AUV-ROS2/install/makara_vision/bin'
[2.171s] Level 1:colcon.colcon_core.environment:create_environment_scripts_only(makara_vision)
[2.171s] INFO:colcon.colcon_core.shell:Creating package script '/home/swayanshree/projects/Makara-AUV-ROS2/install/makara_vision/share/makara_vision/package.ps1'
[2.172s] INFO:colcon.colcon_core.shell:Creating package descriptor '/home/swayanshree/projects/Makara-AUV-ROS2/install/makara_vision/share/makara_vision/package.dsv'
[2.172s] INFO:colcon.colcon_core.shell:Creating package script '/home/swayanshree/projects/Makara-AUV-ROS2/install/makara_vision/share/makara_vision/package.sh'
[2.173s] INFO:colcon.colcon_core.shell:Creating package script '/home/swayanshree/projects/Makara-AUV-ROS2/install/makara_vision/share/makara_vision/package.bash'
[2.173s] INFO:colcon.colcon_core.shell:Creating package script '/home/swayanshree/projects/Makara-AUV-ROS2/install/makara_vision/share/makara_vision/package.zsh'
[2.174s] Level 1:colcon.colcon_core.environment:create_file_with_runtime_dependencies(/home/swayanshree/projects/Makara-AUV-ROS2/install/makara_vision/share/colcon-core/packages/makara_vision)
[2.201s] Level 1:colcon.colcon_core.environment:checking '/home/swayanshree/projects/Makara-AUV-ROS2/install/uuv_sensor_ros_plugins' for CMake module files
[2.202s] DEBUG:colcon.colcon_core.event_handler.log_command:Invoked command in '/home/swayanshree/projects/Makara-AUV-ROS2/src/uuv_sensor_ros_plugins' returned '0': DEBUGINFOD_URLS=https://debuginfod.ubuntu.com PYTHONPATH=/home/swayanshree/projects/Makara-AUV-ROS2/build/uuv_sensor_ros_plugins/prefix_override:/usr/lib/python3/dist-packages/colcon_core/task/python/colcon_distutils_commands:/home/swayanshree/projects/Makara-AUV-ROS2/install/uuv_sensor_ros_plugins/lib/python3.12/site-packages:${PYTHONPATH} /usr/bin/python3 -W ignore:setup.py install is deprecated -W ignore:easy_install command is deprecated setup.py egg_info --egg-base ../../build/uuv_sensor_ros_plugins build --build-base /home/swayanshree/projects/Makara-AUV-ROS2/build/uuv_sensor_ros_plugins/build install --record /home/swayanshree/projects/Makara-AUV-ROS2/build/uuv_sensor_ros_plugins/install.log --single-version-externally-managed install_data
[2.202s] Level 1:colcon.colcon_core.environment:checking '/home/swayanshree/projects/Makara-AUV-ROS2/install/uuv_sensor_ros_plugins' for CMake config files
[2.203s] Level 1:colcon.colcon_core.environment:checking '/home/swayanshree/projects/Makara-AUV-ROS2/install/uuv_sensor_ros_plugins/lib'
[2.204s] Level 1:colcon.colcon_core.environment:checking '/home/swayanshree/projects/Makara-AUV-ROS2/install/uuv_sensor_ros_plugins/bin'
[2.204s] Level 1:colcon.colcon_core.environment:checking '/home/swayanshree/projects/Makara-AUV-ROS2/install/uuv_sensor_ros_plugins/lib/pkgconfig/uuv_sensor_ros_plugins.pc'
[2.204s] Level 1:colcon.colcon_core.environment:checking '/home/swayanshree/projects/Makara-AUV-ROS2/install/uuv_sensor_ros_plugins/lib/python3.12/site-packages'
[2.204s] Level 1:colcon.colcon_core.shell:create_environment_hook('uuv_sensor_ros_plugins', 'pythonpath')
[2.204s] INFO:colcon.colcon_core.shell:Creating environment hook '/home/swayanshree/projects/Makara-AUV-ROS2/install/uuv_sensor_ros_plugins/share/uuv_sensor_ros_plugins/hook/pythonpath.ps1'
[2.205s] INFO:colcon.colcon_core.shell:Creating environment descriptor '/home/swayanshree/projects/Makara-AUV-ROS2/install/uuv_sensor_ros_plugins/share/uuv_sensor_ros_plugins/hook/pythonpath.dsv'
[2.205s] INFO:colcon.colcon_core.shell:Creating environment hook '/home/swayanshree/projects/Makara-AUV-ROS2/install/uuv_sensor_ros_plugins/share/uuv_sensor_ros_plugins/hook/pythonpath.sh'
[2.206s] Level 1:colcon.colcon_core.environment:checking '/home/swayanshree/projects/Makara-AUV-ROS2/install/uuv_sensor_ros_plugins/bin'
[2.206s] Level 1:colcon.colcon_core.environment:create_environment_scripts_only(uuv_sensor_ros_plugins)
[2.206s] INFO:colcon.colcon_core.shell:Creating package script '/home/swayanshree/projects/Makara-AUV-ROS2/install/uuv_sensor_ros_plugins/share/uuv_sensor_ros_plugins/package.ps1'
[2.207s] INFO:colcon.colcon_core.shell:Creating package descriptor '/home/swayanshree/projects/Makara-AUV-ROS2/install/uuv_sensor_ros_plugins/share/uuv_sensor_ros_plugins/package.dsv'
[2.207s] INFO:colcon.colcon_core.shell:Creating package script '/home/swayanshree/projects/Makara-AUV-ROS2/install/uuv_sensor_ros_plugins/share/uuv_sensor_ros_plugins/package.sh'
[2.208s] INFO:colcon.colcon_core.shell:Creating package script '/home/swayanshree/projects/Makara-AUV-ROS2/install/uuv_sensor_ros_plugins/share/uuv_sensor_ros_plugins/package.bash'
[2.208s] INFO:colcon.colcon_core.shell:Creating package script '/home/swayanshree/projects/Makara-AUV-ROS2/install/uuv_sensor_ros_plugins/share/uuv_sensor_ros_plugins/package.zsh'
[2.208s] Level 1:colcon.colcon_core.environment:create_file_with_runtime_dependencies(/home/swayanshree/projects/Makara-AUV-ROS2/install/uuv_sensor_ros_plugins/share/colcon-core/packages/uuv_sensor_ros_plugins)
[2.209s] Level 1:colcon.colcon_core.environment:checking '/home/swayanshree/projects/Makara-AUV-ROS2/install/data_sync' for CMake module files
[2.210s] DEBUG:colcon.colcon_core.event_handler.log_command:Invoked command in '/home/swayanshree/projects/Makara-AUV-ROS2/src/data_sync' returned '0': DEBUGINFOD_URLS=https://debuginfod.ubuntu.com PYTHONPATH=/home/swayanshree/projects/Makara-AUV-ROS2/build/data_sync/prefix_override:/usr/lib/python3/dist-packages/colcon_core/task/python/colcon_distutils_commands:/home/swayanshree/projects/Makara-AUV-ROS2/install/data_sync/lib/python3.12/site-packages:${PYTHONPATH} /usr/bin/python3 -W ignore:setup.py install is deprecated -W ignore:easy_install command is deprecated setup.py egg_info --egg-base ../../build/data_sync build --build-base /home/swayanshree/projects/Makara-AUV-ROS2/build/data_sync/build install --record /home/swayanshree/projects/Makara-AUV-ROS2/build/data_sync/install.log --single-version-externally-managed install_data
[2.210s] Level 1:colcon.colcon_core.environment:checking '/home/swayanshree/projects/Makara-AUV-ROS2/install/data_sync' for CMake config files
[2.211s] Level 1:colcon.colcon_core.environment:checking '/home/swayanshree/projects/Makara-AUV-ROS2/install/data_sync/lib'
[2.211s] Level 1:colcon.colcon_core.environment:checking '/home/swayanshree/projects/Makara-AUV-ROS2/install/data_sync/bin'
[2.211s] Level 1:colcon.colcon_core.environment:checking '/home/swayanshree/projects/Makara-AUV-ROS2/install/data_sync/lib/pkgconfig/data_sync.pc'
[2.211s] Level 1:colcon.colcon_core.environment:checking '/home/swayanshree/projects/Makara-AUV-ROS2/install/data_sync/lib/python3.12/site-packages'
[2.212s] Level 1:colcon.colcon_core.shell:create_environment_hook('data_sync', 'pythonpath')
[2.212s] INFO:colcon.colcon_core.shell:Creating environment hook '/home/swayanshree/projects/Makara-AUV-ROS2/install/data_sync/share/data_sync/hook/pythonpath.ps1'
[2.212s] INFO:colcon.colcon_core.shell:Creating environment descriptor '/home/swayanshree/projects/Makara-AUV-ROS2/install/data_sync/share/data_sync/hook/pythonpath.dsv'
[2.213s] INFO:colcon.colcon_core.shell:Creating environment hook '/home/swayanshree/projects/Makara-AUV-ROS2/install/data_sync/share/data_sync/hook/pythonpath.sh'
[2.214s] Level 1:colcon.colcon_core.environment:checking '/home/swayanshree/projects/Makara-AUV-ROS2/install/data_sync/bin'
[2.214s] Level 1:colcon.colcon_core.environment:create_environment_scripts_only(data_sync)
[2.214s] INFO:colcon.colcon_core.shell:Creating package script '/home/swayanshree/projects/Makara-AUV-ROS2/install/data_sync/share/data_sync/package.ps1'
[2.215s] INFO:colcon.colcon_core.shell:Creating package descriptor '/home/swayanshree/projects/Makara-AUV-ROS2/install/data_sync/share/data_sync/package.dsv'
[2.215s] INFO:colcon.colcon_core.shell:Creating package script '/home/swayanshree/projects/Makara-AUV-ROS2/install/data_sync/share/data_sync/package.sh'
[2.215s] INFO:colcon.colcon_core.shell:Creating package script '/home/swayanshree/projects/Makara-AUV-ROS2/install/data_sync/share/data_sync/package.bash'
[2.216s] INFO:colcon.colcon_core.shell:Creating package script '/home/swayanshree/projects/Makara-AUV-ROS2/install/data_sync/share/data_sync/package.zsh'
[2.216s] Level 1:colcon.colcon_core.environment:create_file_with_runtime_dependencies(/home/swayanshree/projects/Makara-AUV-ROS2/install/data_sync/share/colcon-core/packages/data_sync)
[2.248s] Level 1:colcon.colcon_core.environment:checking '/home/swayanshree/projects/Makara-AUV-ROS2/install/makara_bringup' for CMake module files
[2.249s] DEBUG:colcon.colcon_core.event_handler.log_command:Invoked command in '/home/swayanshree/projects/Makara-AUV-ROS2/src/makara_bringup' returned '0': DEBUGINFOD_URLS=https://debuginfod.ubuntu.com PYTHONPATH=/home/swayanshree/projects/Makara-AUV-ROS2/build/makara_bringup/prefix_override:/usr/lib/python3/dist-packages/colcon_core/task/python/colcon_distutils_commands:/home/swayanshree/projects/Makara-AUV-ROS2/install/makara_bringup/lib/python3.12/site-packages:${PYTHONPATH} /usr/bin/python3 -W ignore:setup.py install is deprecated -W ignore:easy_install command is deprecated setup.py egg_info --egg-base ../../build/makara_bringup build --build-base /home/swayanshree/projects/Makara-AUV-ROS2/build/makara_bringup/build install --record /home/swayanshree/projects/Makara-AUV-ROS2/build/makara_bringup/install.log --single-version-externally-managed install_data
[2.250s] Level 1:colcon.colcon_core.environment:checking '/home/swayanshree/projects/Makara-AUV-ROS2/install/makara_bringup' for CMake config files
[2.251s] Level 1:colcon.colcon_core.environment:checking '/home/swayanshree/projects/Makara-AUV-ROS2/install/makara_bringup/lib'
[2.252s] Level 1:colcon.colcon_core.environment:checking '/home/swayanshree/projects/Makara-AUV-ROS2/install/makara_bringup/bin'
[2.252s] Level 1:colcon.colcon_core.environment:checking '/home/swayanshree/projects/Makara-AUV-ROS2/install/makara_bringup/lib/pkgconfig/makara_bringup.pc'
[2.252s] Level 1:colcon.colcon_core.environment:checking '/home/swayanshree/projects/Makara-AUV-ROS2/install/makara_bringup/lib/python3.12/site-packages'
[2.252s] Level 1:colcon.colcon_core.shell:create_environment_hook('makara_bringup', 'pythonpath')
[2.252s] INFO:colcon.colcon_core.shell:Creating environment hook '/home/swayanshree/projects/Makara-AUV-ROS2/install/makara_bringup/share/makara_bringup/hook/pythonpath.ps1'
[2.252s] INFO:colcon.colcon_core.shell:Creating environment descriptor '/home/swayanshree/projects/Makara-AUV-ROS2/install/makara_bringup/share/makara_bringup/hook/pythonpath.dsv'
[2.252s] INFO:colcon.colcon_core.shell:Creating environment hook '/home/swayanshree/projects/Makara-AUV-ROS2/install/makara_bringup/share/makara_bringup/hook/pythonpath.sh'
[2.253s] Level 1:colcon.colcon_core.environment:checking '/home/swayanshree/projects/Makara-AUV-ROS2/install/makara_bringup/bin'
[2.253s] Level 1:colcon.colcon_core.environment:create_environment_scripts_only(makara_bringup)
[2.253s] INFO:colcon.colcon_core.shell:Creating package script '/home/swayanshree/projects/Makara-AUV-ROS2/install/makara_bringup/share/makara_bringup/package.ps1'
[2.253s] INFO:colcon.colcon_core.shell:Creating package descriptor '/home/swayanshree/projects/Makara-AUV-ROS2/install/makara_bringup/share/makara_bringup/package.dsv'
[2.254s] INFO:colcon.colcon_core.shell:Creating package script '/home/swayanshree/projects/Makara-AUV-ROS2/install/makara_bringup/share/makara_bringup/package.sh'
[2.254s] INFO:colcon.colcon_core.shell:Creating package script '/home/swayanshree/projects/Makara-AUV-ROS2/install/makara_bringup/share/makara_bringup/package.bash'
[2.254s] INFO:colcon.colcon_core.shell:Creating package script '/home/swayanshree/projects/Makara-AUV-ROS2/install/makara_bringup/share/makara_bringup/package.zsh'
[2.254s] Level 1:colcon.colcon_core.environment:create_file_with_runtime_dependencies(/home/swayanshree/projects/Makara-AUV-ROS2/install/makara_bringup/share/colcon-core/packages/makara_bringup)
[2.308s] Level 1:colcon.colcon_core.environment:checking '/home/swayanshree/projects/Makara-AUV-ROS2/install/uuv_descriptions' for CMake module files
[2.309s] DEBUG:colcon.colcon_core.event_handler.log_command:Invoked command in '/home/swayanshree/projects/Makara-AUV-ROS2/src/uuv_descriptions' returned '0': DEBUGINFOD_URLS=https://debuginfod.ubuntu.com PYTHONPATH=/home/swayanshree/projects/Makara-AUV-ROS2/build/uuv_descriptions/prefix_override:/usr/lib/python3/dist-packages/colcon_core/task/python/colcon_distutils_commands:/home/swayanshree/projects/Makara-AUV-ROS2/install/uuv_descriptions/lib/python3.12/site-packages:${PYTHONPATH} /usr/bin/python3 -W ignore:setup.py install is deprecated -W ignore:easy_install command is deprecated setup.py egg_info --egg-base ../../build/uuv_descriptions build --build-base /home/swayanshree/projects/Makara-AUV-ROS2/build/uuv_descriptions/build install --record /home/swayanshree/projects/Makara-AUV-ROS2/build/uuv_descriptions/install.log --single-version-externally-managed install_data
[2.309s] Level 1:colcon.colcon_core.environment:checking '/home/swayanshree/projects/Makara-AUV-ROS2/install/uuv_descriptions' for CMake config files
[2.310s] Level 1:colcon.colcon_core.environment:checking '/home/swayanshree/projects/Makara-AUV-ROS2/install/uuv_descriptions/lib'
[2.310s] Level 1:colcon.colcon_core.environment:checking '/home/swayanshree/projects/Makara-AUV-ROS2/install/uuv_descriptions/bin'
[2.310s] Level 1:colcon.colcon_core.environment:checking '/home/swayanshree/projects/Makara-AUV-ROS2/install/uuv_descriptions/lib/pkgconfig/uuv_descriptions.pc'
[2.310s] Level 1:colcon.colcon_core.environment:checking '/home/swayanshree/projects/Makara-AUV-ROS2/install/uuv_descriptions/lib/python3.12/site-packages'
[2.310s] Level 1:colcon.colcon_core.shell:create_environment_hook('uuv_descriptions', 'pythonpath')
[2.310s] INFO:colcon.colcon_core.shell:Creating environment hook '/home/swayanshree/projects/Makara-AUV-ROS2/install/uuv_descriptions/share/uuv_descriptions/hook/pythonpath.ps1'
[2.310s] INFO:colcon.colcon_core.shell:Creating environment descriptor '/home/swayanshree/projects/Makara-AUV-ROS2/install/uuv_descriptions/share/uuv_descriptions/hook/pythonpath.dsv'
[2.311s] INFO:colcon.colcon_core.shell:Creating environment hook '/home/swayanshree/projects/Makara-AUV-ROS2/install/uuv_descriptions/share/uuv_descriptions/hook/pythonpath.sh'
[2.311s] Level 1:colcon.colcon_core.environment:checking '/home/swayanshree/projects/Makara-AUV-ROS2/install/uuv_descriptions/bin'
[2.311s] Level 1:colcon.colcon_core.environment:create_environment_scripts_only(uuv_descriptions)
[2.311s] INFO:colcon.colcon_core.shell:Creating package script '/home/swayanshree/projects/Makara-AUV-ROS2/install/uuv_descriptions/share/uuv_descriptions/package.ps1'
[2.312s] INFO:colcon.colcon_core.shell:Creating package descriptor '/home/swayanshree/projects/Makara-AUV-ROS2/install/uuv_descriptions/share/uuv_descriptions/package.dsv'
[2.312s] INFO:colcon.colcon_core.shell:Creating package script '/home/swayanshree/projects/Makara-AUV-ROS2/install/uuv_descriptions/share/uuv_descriptions/package.sh'
[2.312s] INFO:colcon.colcon_core.shell:Creating package script '/home/swayanshree/projects/Makara-AUV-ROS2/install/uuv_descriptions/share/uuv_descriptions/package.bash'
[2.312s] INFO:colcon.colcon_core.shell:Creating package script '/home/swayanshree/projects/Makara-AUV-ROS2/install/uuv_descriptions/share/uuv_descriptions/package.zsh'
[2.312s] Level 1:colcon.colcon_core.environment:create_file_with_runtime_dependencies(/home/swayanshree/projects/Makara-AUV-ROS2/install/uuv_descriptions/share/colcon-core/packages/uuv_descriptions)
[2.412s] Level 1:colcon.colcon_core.environment:checking '/home/swayanshree/projects/Makara-AUV-ROS2/install/makara_serial' for CMake module files
[2.412s] DEBUG:colcon.colcon_core.event_handler.log_command:Invoked command in '/home/swayanshree/projects/Makara-AUV-ROS2/src/makara_serial' returned '0': AMENT_PREFIX_PATH=/home/swayanshree/projects/Makara-AUV-ROS2/install/makara_interfaces:${AMENT_PREFIX_PATH} CMAKE_PREFIX_PATH=/home/swayanshree/projects/Makara-AUV-ROS2/install/makara_interfaces:${CMAKE_PREFIX_PATH} DEBUGINFOD_URLS=https://debuginfod.ubuntu.com LD_LIBRARY_PATH=/home/swayanshree/projects/Makara-AUV-ROS2/install/makara_interfaces/lib:${LD_LIBRARY_PATH} PYTHONPATH=/home/swayanshree/projects/Makara-AUV-ROS2/build/makara_serial/prefix_override:/usr/lib/python3/dist-packages/colcon_core/task/python/colcon_distutils_commands:/home/swayanshree/projects/Makara-AUV-ROS2/install/makara_serial/lib/python3.12/site-packages:/home/swayanshree/projects/Makara-AUV-ROS2/install/makara_interfaces/lib/python3.12/site-packages:${PYTHONPATH} /usr/bin/python3 -W ignore:setup.py install is deprecated -W ignore:easy_install command is deprecated setup.py egg_info --egg-base ../../build/makara_serial build --build-base /home/swayanshree/projects/Makara-AUV-ROS2/build/makara_serial/build install --record /home/swayanshree/projects/Makara-AUV-ROS2/build/makara_serial/install.log --single-version-externally-managed install_data
[2.414s] Level 1:colcon.colcon_core.environment:checking '/home/swayanshree/projects/Makara-AUV-ROS2/install/makara_serial' for CMake config files
[2.415s] Level 1:colcon.colcon_core.environment:checking '/home/swayanshree/projects/Makara-AUV-ROS2/install/makara_serial/lib'
[2.415s] Level 1:colcon.colcon_core.environment:checking '/home/swayanshree/projects/Makara-AUV-ROS2/install/makara_serial/bin'
[2.415s] Level 1:colcon.colcon_core.environment:checking '/home/swayanshree/projects/Makara-AUV-ROS2/install/makara_serial/lib/pkgconfig/makara_serial.pc'
[2.415s] Level 1:colcon.colcon_core.environment:checking '/home/swayanshree/projects/Makara-AUV-ROS2/install/makara_serial/lib/python3.12/site-packages'
[2.415s] Level 1:colcon.colcon_core.shell:create_environment_hook('makara_serial', 'pythonpath')
[2.416s] INFO:colcon.colcon_core.shell:Creating environment hook '/home/swayanshree/projects/Makara-AUV-ROS2/install/makara_serial/share/makara_serial/hook/pythonpath.ps1'
[2.416s] INFO:colcon.colcon_core.shell:Creating environment descriptor '/home/swayanshree/projects/Makara-AUV-ROS2/install/makara_serial/share/makara_serial/hook/pythonpath.dsv'
[2.416s] INFO:colcon.colcon_core.shell:Creating environment hook '/home/swayanshree/projects/Makara-AUV-ROS2/install/makara_serial/share/makara_serial/hook/pythonpath.sh'
[2.417s] Level 1:colcon.colcon_core.environment:checking '/home/swayanshree/projects/Makara-AUV-ROS2/install/makara_serial/bin'
[2.417s] Level 1:colcon.colcon_core.environment:create_environment_scripts_only(makara_serial)
[2.417s] INFO:colcon.colcon_core.shell:Creating package script '/home/swayanshree/projects/Makara-AUV-ROS2/install/makara_serial/share/makara_serial/package.ps1'
[2.417s] INFO:colcon.colcon_core.shell:Creating package descriptor '/home/swayanshree/projects/Makara-AUV-ROS2/install/makara_serial/share/makara_serial/package.dsv'
[2.418s] INFO:colcon.colcon_core.shell:Creating package script '/home/swayanshree/projects/Makara-AUV-ROS2/install/makara_serial/share/makara_serial/package.sh'
[2.418s] INFO:colcon.colcon_core.shell:Creating package script '/home/swayanshree/projects/Makara-AUV-ROS2/install/makara_serial/share/makara_serial/package.bash'
[2.418s] INFO:colcon.colcon_core.shell:Creating package script '/home/swayanshree/projects/Makara-AUV-ROS2/install/makara_serial/share/makara_serial/package.zsh'
[2.418s] Level 1:colcon.colcon_core.environment:create_file_with_runtime_dependencies(/home/swayanshree/projects/Makara-AUV-ROS2/install/makara_serial/share/colcon-core/packages/makara_serial)
[2.443s] Level 1:colcon.colcon_core.environment:checking '/home/swayanshree/projects/Makara-AUV-ROS2/install/hammerhead_serial' for CMake module files
[2.444s] DEBUG:colcon.colcon_core.event_handler.log_command:Invoked command in '/home/swayanshree/projects/Makara-AUV-ROS2/src/hammerhead_serial' returned '0': AMENT_PREFIX_PATH=/home/swayanshree/projects/Makara-AUV-ROS2/install/hammerhead_interfaces:${AMENT_PREFIX_PATH} CMAKE_PREFIX_PATH=/home/swayanshree/projects/Makara-AUV-ROS2/install/hammerhead_interfaces:${CMAKE_PREFIX_PATH} DEBUGINFOD_URLS=https://debuginfod.ubuntu.com LD_LIBRARY_PATH=/home/swayanshree/projects/Makara-AUV-ROS2/install/hammerhead_interfaces/lib:${LD_LIBRARY_PATH} PYTHONPATH=/home/swayanshree/projects/Makara-AUV-ROS2/build/hammerhead_serial/prefix_override:/usr/lib/python3/dist-packages/colcon_core/task/python/colcon_distutils_commands:/home/swayanshree/projects/Makara-AUV-ROS2/install/hammerhead_serial/lib/python3.12/site-packages:/home/swayanshree/projects/Makara-AUV-ROS2/install/hammerhead_interfaces/lib/python3.12/site-packages:${PYTHONPATH} /usr/bin/python3 -W ignore:setup.py install is deprecated -W ignore:easy_install command is deprecated setup.py egg_info --egg-base ../../build/hammerhead_serial build --build-base /home/swayanshree/projects/Makara-AUV-ROS2/build/hammerhead_serial/build install --record /home/swayanshree/projects/Makara-AUV-ROS2/build/hammerhead_serial/install.log --single-version-externally-managed install_data
[2.446s] Level 1:colcon.colcon_core.environment:checking '/home/swayanshree/projects/Makara-AUV-ROS2/install/hammerhead_serial' for CMake config files
[2.447s] Level 1:colcon.colcon_core.environment:checking '/home/swayanshree/projects/Makara-AUV-ROS2/install/hammerhead_serial/lib'
[2.447s] Level 1:colcon.colcon_core.environment:checking '/home/swayanshree/projects/Makara-AUV-ROS2/install/hammerhead_serial/bin'
[2.447s] Level 1:colcon.colcon_core.environment:checking '/home/swayanshree/projects/Makara-AUV-ROS2/install/hammerhead_serial/lib/pkgconfig/hammerhead_serial.pc'
[2.447s] Level 1:colcon.colcon_core.environment:checking '/home/swayanshree/projects/Makara-AUV-ROS2/install/hammerhead_serial/lib/python3.12/site-packages'
[2.447s] Level 1:colcon.colcon_core.shell:create_environment_hook('hammerhead_serial', 'pythonpath')
[2.447s] INFO:colcon.colcon_core.shell:Creating environment hook '/home/swayanshree/projects/Makara-AUV-ROS2/install/hammerhead_serial/share/hammerhead_serial/hook/pythonpath.ps1'
[2.447s] INFO:colcon.colcon_core.shell:Creating environment descriptor '/home/swayanshree/projects/Makara-AUV-ROS2/install/hammerhead_serial/share/hammerhead_serial/hook/pythonpath.dsv'
[2.448s] INFO:colcon.colcon_core.shell:Creating environment hook '/home/swayanshree/projects/Makara-AUV-ROS2/install/hammerhead_serial/share/hammerhead_serial/hook/pythonpath.sh'
[2.448s] Level 1:colcon.colcon_core.environment:checking '/home/swayanshree/projects/Makara-AUV-ROS2/install/hammerhead_serial/bin'
[2.448s] Level 1:colcon.colcon_core.environment:create_environment_scripts_only(hammerhead_serial)
[2.448s] INFO:colcon.colcon_core.shell:Creating package script '/home/swayanshree/projects/Makara-AUV-ROS2/install/hammerhead_serial/share/hammerhead_serial/package.ps1'
[2.448s] INFO:colcon.colcon_core.shell:Creating package descriptor '/home/swayanshree/projects/Makara-AUV-ROS2/install/hammerhead_serial/share/hammerhead_serial/package.dsv'
[2.449s] INFO:colcon.colcon_core.shell:Creating package script '/home/swayanshree/projects/Makara-AUV-ROS2/install/hammerhead_serial/share/hammerhead_serial/package.sh'
[2.449s] INFO:colcon.colcon_core.shell:Creating package script '/home/swayanshree/projects/Makara-AUV-ROS2/install/hammerhead_serial/share/hammerhead_serial/package.bash'
[2.449s] INFO:colcon.colcon_core.shell:Creating package script '/home/swayanshree/projects/Makara-AUV-ROS2/install/hammerhead_serial/share/hammerhead_serial/package.zsh'
[2.449s] Level 1:colcon.colcon_core.environment:create_file_with_runtime_dependencies(/home/swayanshree/projects/Makara-AUV-ROS2/install/hammerhead_serial/share/colcon-core/packages/hammerhead_serial)
[2.449s] DEBUG:colcon.colcon_parallel_executor.executor.parallel:closing loop
[2.449s] DEBUG:colcon.colcon_parallel_executor.executor.parallel:loop closed
[2.449s] DEBUG:colcon.colcon_parallel_executor.executor.parallel:run_until_complete finished with '0'
[2.449s] DEBUG:colcon.colcon_core.event_reactor:joining thread
[2.455s] INFO:colcon.colcon_core.plugin_system:Skipping extension 'colcon_notification.desktop_notification.terminal_notifier': Not used on non-Darwin systems
[2.455s] INFO:colcon.colcon_core.plugin_system:Skipping extension 'colcon_notification.desktop_notification.win32': Not used on non-Windows systems
[2.455s] INFO:colcon.colcon_notification.desktop_notification:Sending desktop notification using 'notify2'
[2.464s] DEBUG:colcon.colcon_core.event_reactor:joined thread
[2.464s] INFO:colcon.colcon_core.shell:Creating prefix script '/home/swayanshree/projects/Makara-AUV-ROS2/install/local_setup.ps1'
[2.465s] INFO:colcon.colcon_core.shell:Creating prefix util module '/home/swayanshree/projects/Makara-AUV-ROS2/install/_local_setup_util_ps1.py'
[2.466s] INFO:colcon.colcon_core.shell:Creating prefix chain script '/home/swayanshree/projects/Makara-AUV-ROS2/install/setup.ps1'
[2.467s] INFO:colcon.colcon_core.shell:Creating prefix script '/home/swayanshree/projects/Makara-AUV-ROS2/install/local_setup.sh'
[2.467s] INFO:colcon.colcon_core.shell:Creating prefix util module '/home/swayanshree/projects/Makara-AUV-ROS2/install/_local_setup_util_sh.py'
[2.467s] INFO:colcon.colcon_core.shell:Creating prefix chain script '/home/swayanshree/projects/Makara-AUV-ROS2/install/setup.sh'
[2.468s] INFO:colcon.colcon_core.shell:Creating prefix script '/home/swayanshree/projects/Makara-AUV-ROS2/install/local_setup.bash'
[2.468s] INFO:colcon.colcon_core.shell:Creating prefix chain script '/home/swayanshree/projects/Makara-AUV-ROS2/install/setup.bash'
[2.469s] INFO:colcon.colcon_core.shell:Creating prefix script '/home/swayanshree/projects/Makara-AUV-ROS2/install/local_setup.zsh'
[2.469s] INFO:colcon.colcon_core.shell:Creating prefix chain script '/home/swayanshree/projects/Makara-AUV-ROS2/install/setup.zsh'
