[0.059s] DEBUG:colcon:Command line arguments: ['/usr/bin/colcon', 'build']
[0.059s] DEBUG:colcon:Parsed command line arguments: Namespace(log_base=None, log_level=None, verb_name='build', build_base='build', install_base='install', merge_install=False, symlink_install=False, test_result_base=None, continue_on_error=False, executor='parallel', parallel_workers=16, event_handlers=None, ignore_user_meta=False, metas=['./colcon.meta'], base_paths=['.'], packages_ignore=None, packages_ignore_regex=None, paths=None, packages_up_to=None, packages_up_to_regex=None, packages_above=None, packages_above_and_dependencies=None, packages_above_depth=None, packages_select_by_dep=None, packages_skip_by_dep=None, packages_skip_up_to=None, packages_select_build_failed=False, packages_skip_build_finished=False, packages_select_test_failures=False, packages_skip_test_passed=False, packages_select=None, packages_skip=None, packages_select_regex=None, packages_skip_regex=None, packages_start=None, packages_end=None, allow_overriding=[], cmake_args=None, cmake_target=None, cmake_target_skip_unavailable=False, cmake_clean_cache=False, cmake_clean_first=False, cmake_force_configure=False, ament_cmake_args=None, catkin_cmake_args=None, catkin_skip_building_tests=False, mixin_files=None, mixin=None, verb_parser=<colcon_mixin.mixin.mixin_argument.MixinArgumentDecorator object at 0x74a3ec78ec60>, verb_extension=<colcon_core.verb.build.BuildVerb object at 0x74a3ec73cb90>, main=<bound method BuildVerb.main of <colcon_core.verb.build.BuildVerb object at 0x74a3ec73cb90>>, mixin_verb=('build',))
[0.080s] Level 1:colcon.colcon_core.package_discovery:discover_packages(colcon_meta) check parameters
[0.080s] Level 1:colcon.colcon_core.package_discovery:discover_packages(recursive) check parameters
[0.080s] Level 1:colcon.colcon_core.package_discovery:discover_packages(ignore) check parameters
[0.080s] Level 1:colcon.colcon_core.package_discovery:discover_packages(path) check parameters
[0.080s] Level 1:colcon.colcon_core.package_discovery:discover_packages(colcon_meta) discover
[0.080s] Level 1:colcon.colcon_core.package_discovery:discover_packages(recursive) discover
[0.080s] INFO:colcon.colcon_core.package_discovery:Crawling recursively for packages in '/home/swayanshree/projects/Makara-AUV-ROS2'
[0.080s] Level 1:colcon.colcon_core.package_identification:_identify(.) by extensions ['ignore', 'ignore_ament_install']
[0.080s] Level 1:colcon.colcon_core.package_identification:_identify(.) by extension 'ignore'
[0.080s] Level 1:colcon.colcon_core.package_identification:_identify(.) by extension 'ignore_ament_install'
[0.080s] Level 1:colcon.colcon_core.package_identification:_identify(.) by extensions ['colcon_pkg']
[0.080s] Level 1:colcon.colcon_core.package_identification:_identify(.) by extension 'colcon_pkg'
[0.080s] Level 1:colcon.colcon_core.package_identification:_identify(.) by extensions ['colcon_meta']
[0.080s] Level 1:colcon.colcon_core.package_identification:_identify(.) by extension 'colcon_meta'
[0.080s] Level 1:colcon.colcon_core.package_identification:_identify(.) by extensions ['ros']
[0.080s] Level 1:colcon.colcon_core.package_identification:_identify(.) by extension 'ros'
[0.095s] Level 1:colcon.colcon_core.package_identification:_identify(.) by extensions ['cmake', 'python']
[0.095s] Level 1:colcon.colcon_core.package_identification:_identify(.) by extension 'cmake'
[0.095s] Level 1:colcon.colcon_core.package_identification:_identify(.) by extension 'python'
[0.095s] Level 1:colcon.colcon_core.package_identification:_identify(.) by extensions ['python_setup_py']
[0.095s] Level 1:colcon.colcon_core.package_identification:_identify(.) by extension 'python_setup_py'
[0.095s] Level 1:colcon.colcon_core.package_identification:_identify(build) by extensions ['ignore', 'ignore_ament_install']
[0.095s] Level 1:colcon.colcon_core.package_identification:_identify(build) by extension 'ignore'
[0.095s] Level 1:colcon.colcon_core.package_identification:_identify(build) ignored
[0.095s] Level 1:colcon.colcon_core.package_identification:_identify(install) by extensions ['ignore', 'ignore_ament_install']
[0.095s] Level 1:colcon.colcon_core.package_identification:_identify(install) by extension 'ignore'
[0.095s] Level 1:colcon.colcon_core.package_identification:_identify(install) ignored
[0.095s] Level 1:colcon.colcon_core.package_identification:_identify(log) by extensions ['ignore', 'ignore_ament_install']
[0.095s] Level 1:colcon.colcon_core.package_identification:_identify(log) by extension 'ignore'
[0.095s] Level 1:colcon.colcon_core.package_identification:_identify(log) ignored
[0.095s] Level 1:colcon.colcon_core.package_identification:_identify(src) by extensions ['ignore', 'ignore_ament_install']
[0.095s] Level 1:colcon.colcon_core.package_identification:_identify(src) by extension 'ignore'
[0.095s] Level 1:colcon.colcon_core.package_identification:_identify(src) by extension 'ignore_ament_install'
[0.095s] Level 1:colcon.colcon_core.package_identification:_identify(src) by extensions ['colcon_pkg']
[0.095s] Level 1:colcon.colcon_core.package_identification:_identify(src) by extension 'colcon_pkg'
[0.095s] Level 1:colcon.colcon_core.package_identification:_identify(src) by extensions ['colcon_meta']
[0.095s] Level 1:colcon.colcon_core.package_identification:_identify(src) by extension 'colcon_meta'
[0.095s] Level 1:colcon.colcon_core.package_identification:_identify(src) by extensions ['ros']
[0.096s] Level 1:colcon.colcon_core.package_identification:_identify(src) by extension 'ros'
[0.096s] Level 1:colcon.colcon_core.package_identification:_identify(src) by extensions ['cmake', 'python']
[0.096s] Level 1:colcon.colcon_core.package_identification:_identify(src) by extension 'cmake'
[0.096s] Level 1:colcon.colcon_core.package_identification:_identify(src) by extension 'python'
[0.096s] Level 1:colcon.colcon_core.package_identification:_identify(src) by extensions ['python_setup_py']
[0.096s] Level 1:colcon.colcon_core.package_identification:_identify(src) by extension 'python_setup_py'
[0.096s] Level 1:colcon.colcon_core.package_identification:_identify(src/ROBOTICS) by extensions ['ignore', 'ignore_ament_install']
[0.096s] Level 1:colcon.colcon_core.package_identification:_identify(src/ROBOTICS) by extension 'ignore'
[0.096s] Level 1:colcon.colcon_core.package_identification:_identify(src/ROBOTICS) by extension 'ignore_ament_install'
[0.096s] Level 1:colcon.colcon_core.package_identification:_identify(src/ROBOTICS) by extensions ['colcon_pkg']
[0.096s] Level 1:colcon.colcon_core.package_identification:_identify(src/ROBOTICS) by extension 'colcon_pkg'
[0.096s] Level 1:colcon.colcon_core.package_identification:_identify(src/ROBOTICS) by extensions ['colcon_meta']
[0.096s] Level 1:colcon.colcon_core.package_identification:_identify(src/ROBOTICS) by extension 'colcon_meta'
[0.096s] Level 1:colcon.colcon_core.package_identification:_identify(src/ROBOTICS) by extensions ['ros']
[0.096s] Level 1:colcon.colcon_core.package_identification:_identify(src/ROBOTICS) by extension 'ros'
[0.096s] Level 1:colcon.colcon_core.package_identification:_identify(src/ROBOTICS) by extensions ['cmake', 'python']
[0.096s] Level 1:colcon.colcon_core.package_identification:_identify(src/ROBOTICS) by extension 'cmake'
[0.096s] Level 1:colcon.colcon_core.package_identification:_identify(src/ROBOTICS) by extension 'python'
[0.096s] Level 1:colcon.colcon_core.package_identification:_identify(src/ROBOTICS) by extensions ['python_setup_py']
[0.096s] Level 1:colcon.colcon_core.package_identification:_identify(src/ROBOTICS) by extension 'python_setup_py'
[0.096s] Level 1:colcon.colcon_core.package_identification:_identify(src/StateSpace) by extensions ['ignore', 'ignore_ament_install']
[0.096s] Level 1:colcon.colcon_core.package_identification:_identify(src/StateSpace) by extension 'ignore'
[0.096s] Level 1:colcon.colcon_core.package_identification:_identify(src/StateSpace) by extension 'ignore_ament_install'
[0.096s] Level 1:colcon.colcon_core.package_identification:_identify(src/StateSpace) by extensions ['colcon_pkg']
[0.096s] Level 1:colcon.colcon_core.package_identification:_identify(src/StateSpace) by extension 'colcon_pkg'
[0.096s] Level 1:colcon.colcon_core.package_identification:_identify(src/StateSpace) by extensions ['colcon_meta']
[0.096s] Level 1:colcon.colcon_core.package_identification:_identify(src/StateSpace) by extension 'colcon_meta'
[0.096s] Level 1:colcon.colcon_core.package_identification:_identify(src/StateSpace) by extensions ['ros']
[0.096s] Level 1:colcon.colcon_core.package_identification:_identify(src/StateSpace) by extension 'ros'
[0.098s] DEBUG:colcon.colcon_core.package_identification:Package 'src/StateSpace' with type 'ros.ament_cmake' and name 'StateSpace'
[0.098s] Level 1:colcon.colcon_core.package_identification:_identify(src/ardupilot_attitude_control) by extensions ['ignore', 'ignore_ament_install']
[0.098s] Level 1:colcon.colcon_core.package_identification:_identify(src/ardupilot_attitude_control) by extension 'ignore'
[0.098s] Level 1:colcon.colcon_core.package_identification:_identify(src/ardupilot_attitude_control) by extension 'ignore_ament_install'
[0.098s] Level 1:colcon.colcon_core.package_identification:_identify(src/ardupilot_attitude_control) by extensions ['colcon_pkg']
[0.098s] Level 1:colcon.colcon_core.package_identification:_identify(src/ardupilot_attitude_control) by extension 'colcon_pkg'
[0.098s] Level 1:colcon.colcon_core.package_identification:_identify(src/ardupilot_attitude_control) by extensions ['colcon_meta']
[0.098s] Level 1:colcon.colcon_core.package_identification:_identify(src/ardupilot_attitude_control) by extension 'colcon_meta'
[0.098s] Level 1:colcon.colcon_core.package_identification:_identify(src/ardupilot_attitude_control) by extensions ['ros']
[0.098s] Level 1:colcon.colcon_core.package_identification:_identify(src/ardupilot_attitude_control) by extension 'ros'
[0.098s] DEBUG:colcon.colcon_core.package_identification:Package 'src/ardupilot_attitude_control' with type 'ros.ament_cmake' and name 'ardupilot_attitude_control'
[0.098s] Level 1:colcon.colcon_core.package_identification:_identify(src/auv_description) by extensions ['ignore', 'ignore_ament_install']
[0.098s] Level 1:colcon.colcon_core.package_identification:_identify(src/auv_description) by extension 'ignore'
[0.098s] Level 1:colcon.colcon_core.package_identification:_identify(src/auv_description) by extension 'ignore_ament_install'
[0.098s] Level 1:colcon.colcon_core.package_identification:_identify(src/auv_description) by extensions ['colcon_pkg']
[0.098s] Level 1:colcon.colcon_core.package_identification:_identify(src/auv_description) by extension 'colcon_pkg'
[0.098s] Level 1:colcon.colcon_core.package_identification:_identify(src/auv_description) by extensions ['colcon_meta']
[0.098s] Level 1:colcon.colcon_core.package_identification:_identify(src/auv_description) by extension 'colcon_meta'
[0.098s] Level 1:colcon.colcon_core.package_identification:_identify(src/auv_description) by extensions ['ros']
[0.098s] Level 1:colcon.colcon_core.package_identification:_identify(src/auv_description) by extension 'ros'
[0.099s] DEBUG:colcon.colcon_core.package_identification:Package 'src/auv_description' with type 'ros.ament_cmake' and name 'auv_description'
[0.099s] Level 1:colcon.colcon_core.package_identification:_identify(src/bluerov2_description) by extensions ['ignore', 'ignore_ament_install']
[0.099s] Level 1:colcon.colcon_core.package_identification:_identify(src/bluerov2_description) by extension 'ignore'
[0.099s] Level 1:colcon.colcon_core.package_identification:_identify(src/bluerov2_description) by extension 'ignore_ament_install'
[0.099s] Level 1:colcon.colcon_core.package_identification:_identify(src/bluerov2_description) by extensions ['colcon_pkg']
[0.099s] Level 1:colcon.colcon_core.package_identification:_identify(src/bluerov2_description) by extension 'colcon_pkg'
[0.099s] Level 1:colcon.colcon_core.package_identification:_identify(src/bluerov2_description) by extensions ['colcon_meta']
[0.099s] Level 1:colcon.colcon_core.package_identification:_identify(src/bluerov2_description) by extension 'colcon_meta'
[0.099s] Level 1:colcon.colcon_core.package_identification:_identify(src/bluerov2_description) by extensions ['ros']
[0.099s] Level 1:colcon.colcon_core.package_identification:_identify(src/bluerov2_description) by extension 'ros'
[0.099s] DEBUG:colcon.colcon_core.package_identification:Package 'src/bluerov2_description' with type 'ros.ament_cmake' and name 'bluerov2_description'
[0.099s] Level 1:colcon.colcon_core.package_identification:_identify(src/build) by extensions ['ignore', 'ignore_ament_install']
[0.099s] Level 1:colcon.colcon_core.package_identification:_identify(src/build) by extension 'ignore'
[0.099s] Level 1:colcon.colcon_core.package_identification:_identify(src/build) ignored
[0.099s] Level 1:colcon.colcon_core.package_identification:_identify(src/data_sync) by extensions ['ignore', 'ignore_ament_install']
[0.099s] Level 1:colcon.colcon_core.package_identification:_identify(src/data_sync) by extension 'ignore'
[0.099s] Level 1:colcon.colcon_core.package_identification:_identify(src/data_sync) by extension 'ignore_ament_install'
[0.099s] Level 1:colcon.colcon_core.package_identification:_identify(src/data_sync) by extensions ['colcon_pkg']
[0.099s] Level 1:colcon.colcon_core.package_identification:_identify(src/data_sync) by extension 'colcon_pkg'
[0.099s] Level 1:colcon.colcon_core.package_identification:_identify(src/data_sync) by extensions ['colcon_meta']
[0.099s] Level 1:colcon.colcon_core.package_identification:_identify(src/data_sync) by extension 'colcon_meta'
[0.099s] Level 1:colcon.colcon_core.package_identification:_identify(src/data_sync) by extensions ['ros']
[0.099s] Level 1:colcon.colcon_core.package_identification:_identify(src/data_sync) by extension 'ros'
[0.100s] DEBUG:colcon.colcon_core.package_identification:Package 'src/data_sync' with type 'ros.ament_python' and name 'data_sync'
[0.100s] Level 1:colcon.colcon_core.package_identification:_identify(src/hammerhead_interfaces) by extensions ['ignore', 'ignore_ament_install']
[0.100s] Level 1:colcon.colcon_core.package_identification:_identify(src/hammerhead_interfaces) by extension 'ignore'
[0.100s] Level 1:colcon.colcon_core.package_identification:_identify(src/hammerhead_interfaces) by extension 'ignore_ament_install'
[0.100s] Level 1:colcon.colcon_core.package_identification:_identify(src/hammerhead_interfaces) by extensions ['colcon_pkg']
[0.100s] Level 1:colcon.colcon_core.package_identification:_identify(src/hammerhead_interfaces) by extension 'colcon_pkg'
[0.100s] Level 1:colcon.colcon_core.package_identification:_identify(src/hammerhead_interfaces) by extensions ['colcon_meta']
[0.100s] Level 1:colcon.colcon_core.package_identification:_identify(src/hammerhead_interfaces) by extension 'colcon_meta'
[0.100s] Level 1:colcon.colcon_core.package_identification:_identify(src/hammerhead_interfaces) by extensions ['ros']
[0.100s] Level 1:colcon.colcon_core.package_identification:_identify(src/hammerhead_interfaces) by extension 'ros'
[0.100s] DEBUG:colcon.colcon_core.package_identification:Package 'src/hammerhead_interfaces' with type 'ros.ament_cmake' and name 'hammerhead_interfaces'
[0.100s] Level 1:colcon.colcon_core.package_identification:_identify(src/hammerhead_serial) by extensions ['ignore', 'ignore_ament_install']
[0.100s] Level 1:colcon.colcon_core.package_identification:_identify(src/hammerhead_serial) by extension 'ignore'
[0.101s] Level 1:colcon.colcon_core.package_identification:_identify(src/hammerhead_serial) by extension 'ignore_ament_install'
[0.101s] Level 1:colcon.colcon_core.package_identification:_identify(src/hammerhead_serial) by extensions ['colcon_pkg']
[0.101s] Level 1:colcon.colcon_core.package_identification:_identify(src/hammerhead_serial) by extension 'colcon_pkg'
[0.101s] Level 1:colcon.colcon_core.package_identification:_identify(src/hammerhead_serial) by extensions ['colcon_meta']
[0.101s] Level 1:colcon.colcon_core.package_identification:_identify(src/hammerhead_serial) by extension 'colcon_meta'
[0.101s] Level 1:colcon.colcon_core.package_identification:_identify(src/hammerhead_serial) by extensions ['ros']
[0.101s] Level 1:colcon.colcon_core.package_identification:_identify(src/hammerhead_serial) by extension 'ros'
[0.101s] DEBUG:colcon.colcon_core.package_identification:Package 'src/hammerhead_serial' with type 'ros.ament_python' and name 'hammerhead_serial'
[0.101s] Level 1:colcon.colcon_core.package_identification:_identify(src/install) by extensions ['ignore', 'ignore_ament_install']
[0.101s] Level 1:colcon.colcon_core.package_identification:_identify(src/install) by extension 'ignore'
[0.101s] Level 1:colcon.colcon_core.package_identification:_identify(src/install) ignored
[0.101s] Level 1:colcon.colcon_core.package_identification:_identify(src/log) by extensions ['ignore', 'ignore_ament_install']
[0.101s] Level 1:colcon.colcon_core.package_identification:_identify(src/log) by extension 'ignore'
[0.101s] Level 1:colcon.colcon_core.package_identification:_identify(src/log) ignored
[0.101s] Level 1:colcon.colcon_core.package_identification:_identify(src/makara_bringup) by extensions ['ignore', 'ignore_ament_install']
[0.101s] Level 1:colcon.colcon_core.package_identification:_identify(src/makara_bringup) by extension 'ignore'
[0.101s] Level 1:colcon.colcon_core.package_identification:_identify(src/makara_bringup) by extension 'ignore_ament_install'
[0.101s] Level 1:colcon.colcon_core.package_identification:_identify(src/makara_bringup) by extensions ['colcon_pkg']
[0.101s] Level 1:colcon.colcon_core.package_identification:_identify(src/makara_bringup) by extension 'colcon_pkg'
[0.101s] Level 1:colcon.colcon_core.package_identification:_identify(src/makara_bringup) by extensions ['colcon_meta']
[0.101s] Level 1:colcon.colcon_core.package_identification:_identify(src/makara_bringup) by extension 'colcon_meta'
[0.101s] Level 1:colcon.colcon_core.package_identification:_identify(src/makara_bringup) by extensions ['ros']
[0.101s] Level 1:colcon.colcon_core.package_identification:_identify(src/makara_bringup) by extension 'ros'
[0.102s] DEBUG:colcon.colcon_core.package_identification:Package 'src/makara_bringup' with type 'ros.ament_python' and name 'makara_bringup'
[0.102s] Level 1:colcon.colcon_core.package_identification:_identify(src/makara_control) by extensions ['ignore', 'ignore_ament_install']
[0.102s] Level 1:colcon.colcon_core.package_identification:_identify(src/makara_control) by extension 'ignore'
[0.102s] Level 1:colcon.colcon_core.package_identification:_identify(src/makara_control) by extension 'ignore_ament_install'
[0.102s] Level 1:colcon.colcon_core.package_identification:_identify(src/makara_control) by extensions ['colcon_pkg']
[0.102s] Level 1:colcon.colcon_core.package_identification:_identify(src/makara_control) by extension 'colcon_pkg'
[0.102s] Level 1:colcon.colcon_core.package_identification:_identify(src/makara_control) by extensions ['colcon_meta']
[0.102s] Level 1:colcon.colcon_core.package_identification:_identify(src/makara_control) by extension 'colcon_meta'
[0.102s] Level 1:colcon.colcon_core.package_identification:_identify(src/makara_control) by extensions ['ros']
[0.102s] Level 1:colcon.colcon_core.package_identification:_identify(src/makara_control) by extension 'ros'
[0.102s] DEBUG:colcon.colcon_core.package_identification:Package 'src/makara_control' with type 'ros.ament_cmake' and name 'makara_control'
[0.102s] Level 1:colcon.colcon_core.package_identification:_identify(src/makara_interfaces) by extensions ['ignore', 'ignore_ament_install']
[0.102s] Level 1:colcon.colcon_core.package_identification:_identify(src/makara_interfaces) by extension 'ignore'
[0.102s] Level 1:colcon.colcon_core.package_identification:_identify(src/makara_interfaces) by extension 'ignore_ament_install'
[0.102s] Level 1:colcon.colcon_core.package_identification:_identify(src/makara_interfaces) by extensions ['colcon_pkg']
[0.102s] Level 1:colcon.colcon_core.package_identification:_identify(src/makara_interfaces) by extension 'colcon_pkg'
[0.102s] Level 1:colcon.colcon_core.package_identification:_identify(src/makara_interfaces) by extensions ['colcon_meta']
[0.102s] Level 1:colcon.colcon_core.package_identification:_identify(src/makara_interfaces) by extension 'colcon_meta'
[0.102s] Level 1:colcon.colcon_core.package_identification:_identify(src/makara_interfaces) by extensions ['ros']
[0.102s] Level 1:colcon.colcon_core.package_identification:_identify(src/makara_interfaces) by extension 'ros'
[0.103s] DEBUG:colcon.colcon_core.package_identification:Package 'src/makara_interfaces' with type 'ros.ament_cmake' and name 'makara_interfaces'
[0.103s] Level 1:colcon.colcon_core.package_identification:_identify(src/makara_serial) by extensions ['ignore', 'ignore_ament_install']
[0.103s] Level 1:colcon.colcon_core.package_identification:_identify(src/makara_serial) by extension 'ignore'
[0.103s] Level 1:colcon.colcon_core.package_identification:_identify(src/makara_serial) by extension 'ignore_ament_install'
[0.103s] Level 1:colcon.colcon_core.package_identification:_identify(src/makara_serial) by extensions ['colcon_pkg']
[0.103s] Level 1:colcon.colcon_core.package_identification:_identify(src/makara_serial) by extension 'colcon_pkg'
[0.103s] Level 1:colcon.colcon_core.package_identification:_identify(src/makara_serial) by extensions ['colcon_meta']
[0.103s] Level 1:colcon.colcon_core.package_identification:_identify(src/makara_serial) by extension 'colcon_meta'
[0.103s] Level 1:colcon.colcon_core.package_identification:_identify(src/makara_serial) by extensions ['ros']
[0.103s] Level 1:colcon.colcon_core.package_identification:_identify(src/makara_serial) by extension 'ros'
[0.103s] DEBUG:colcon.colcon_core.package_identification:Package 'src/makara_serial' with type 'ros.ament_python' and name 'makara_serial'
[0.103s] Level 1:colcon.colcon_core.package_identification:_identify(src/makara_vision) by extensions ['ignore', 'ignore_ament_install']
[0.103s] Level 1:colcon.colcon_core.package_identification:_identify(src/makara_vision) by extension 'ignore'
[0.103s] Level 1:colcon.colcon_core.package_identification:_identify(src/makara_vision) by extension 'ignore_ament_install'
[0.103s] Level 1:colcon.colcon_core.package_identification:_identify(src/makara_vision) by extensions ['colcon_pkg']
[0.103s] Level 1:colcon.colcon_core.package_identification:_identify(src/makara_vision) by extension 'colcon_pkg'
[0.103s] Level 1:colcon.colcon_core.package_identification:_identify(src/makara_vision) by extensions ['colcon_meta']
[0.103s] Level 1:colcon.colcon_core.package_identification:_identify(src/makara_vision) by extension 'colcon_meta'
[0.103s] Level 1:colcon.colcon_core.package_identification:_identify(src/makara_vision) by extensions ['ros']
[0.103s] Level 1:colcon.colcon_core.package_identification:_identify(src/makara_vision) by extension 'ros'
[0.104s] DEBUG:colcon.colcon_core.package_identification:Package 'src/makara_vision' with type 'ros.ament_python' and name 'makara_vision'
[0.104s] Level 1:colcon.colcon_core.package_identification:_identify(src/state_estimation) by extensions ['ignore', 'ignore_ament_install']
[0.104s] Level 1:colcon.colcon_core.package_identification:_identify(src/state_estimation) by extension 'ignore'
[0.104s] Level 1:colcon.colcon_core.package_identification:_identify(src/state_estimation) by extension 'ignore_ament_install'
[0.104s] Level 1:colcon.colcon_core.package_identification:_identify(src/state_estimation) by extensions ['colcon_pkg']
[0.104s] Level 1:colcon.colcon_core.package_identification:_identify(src/state_estimation) by extension 'colcon_pkg'
[0.104s] Level 1:colcon.colcon_core.package_identification:_identify(src/state_estimation) by extensions ['colcon_meta']
[0.104s] Level 1:colcon.colcon_core.package_identification:_identify(src/state_estimation) by extension 'colcon_meta'
[0.104s] Level 1:colcon.colcon_core.package_identification:_identify(src/state_estimation) by extensions ['ros']
[0.104s] Level 1:colcon.colcon_core.package_identification:_identify(src/state_estimation) by extension 'ros'
[0.104s] Level 1:colcon.colcon_core.package_identification:_identify(src/state_estimation) by extensions ['cmake', 'python']
[0.104s] Level 1:colcon.colcon_core.package_identification:_identify(src/state_estimation) by extension 'cmake'
[0.104s] Level 1:colcon.colcon_core.package_identification:_identify(src/state_estimation) by extension 'python'
[0.104s] Level 1:colcon.colcon_core.package_identification:_identify(src/state_estimation) by extensions ['python_setup_py']
[0.104s] Level 1:colcon.colcon_core.package_identification:_identify(src/state_estimation) by extension 'python_setup_py'
[0.104s] Level 1:colcon.colcon_core.package_identification:_identify(src/uuv_descriptions) by extensions ['ignore', 'ignore_ament_install']
[0.104s] Level 1:colcon.colcon_core.package_identification:_identify(src/uuv_descriptions) by extension 'ignore'
[0.104s] Level 1:colcon.colcon_core.package_identification:_identify(src/uuv_descriptions) by extension 'ignore_ament_install'
[0.104s] Level 1:colcon.colcon_core.package_identification:_identify(src/uuv_descriptions) by extensions ['colcon_pkg']
[0.104s] Level 1:colcon.colcon_core.package_identification:_identify(src/uuv_descriptions) by extension 'colcon_pkg'
[0.104s] Level 1:colcon.colcon_core.package_identification:_identify(src/uuv_descriptions) by extensions ['colcon_meta']
[0.104s] Level 1:colcon.colcon_core.package_identification:_identify(src/uuv_descriptions) by extension 'colcon_meta'
[0.104s] Level 1:colcon.colcon_core.package_identification:_identify(src/uuv_descriptions) by extensions ['ros']
[0.104s] Level 1:colcon.colcon_core.package_identification:_identify(src/uuv_descriptions) by extension 'ros'
[0.104s] DEBUG:colcon.colcon_core.package_identification:Package 'src/uuv_descriptions' with type 'ros.ament_python' and name 'uuv_descriptions'
[0.104s] Level 1:colcon.colcon_core.package_identification:_identify(src/uuv_gazebo_ros_plugins) by extensions ['ignore', 'ignore_ament_install']
[0.105s] Level 1:colcon.colcon_core.package_identification:_identify(src/uuv_gazebo_ros_plugins) by extension 'ignore'
[0.105s] Level 1:colcon.colcon_core.package_identification:_identify(src/uuv_gazebo_ros_plugins) by extension 'ignore_ament_install'
[0.105s] Level 1:colcon.colcon_core.package_identification:_identify(src/uuv_gazebo_ros_plugins) by extensions ['colcon_pkg']
[0.105s] Level 1:colcon.colcon_core.package_identification:_identify(src/uuv_gazebo_ros_plugins) by extension 'colcon_pkg'
[0.105s] Level 1:colcon.colcon_core.package_identification:_identify(src/uuv_gazebo_ros_plugins) by extensions ['colcon_meta']
[0.105s] Level 1:colcon.colcon_core.package_identification:_identify(src/uuv_gazebo_ros_plugins) by extension 'colcon_meta'
[0.105s] Level 1:colcon.colcon_core.package_identification:_identify(src/uuv_gazebo_ros_plugins) by extensions ['ros']
[0.105s] Level 1:colcon.colcon_core.package_identification:_identify(src/uuv_gazebo_ros_plugins) by extension 'ros'
[0.105s] DEBUG:colcon.colcon_core.package_identification:Package 'src/uuv_gazebo_ros_plugins' with type 'ros.ament_python' and name 'uuv_gazebo_ros_plugins'
[0.105s] Level 1:colcon.colcon_core.package_identification:_identify(src/uuv_sensor_ros_plugins) by extensions ['ignore', 'ignore_ament_install']
[0.105s] Level 1:colcon.colcon_core.package_identification:_identify(src/uuv_sensor_ros_plugins) by extension 'ignore'
[0.105s] Level 1:colcon.colcon_core.package_identification:_identify(src/uuv_sensor_ros_plugins) by extension 'ignore_ament_install'
[0.105s] Level 1:colcon.colcon_core.package_identification:_identify(src/uuv_sensor_ros_plugins) by extensions ['colcon_pkg']
[0.105s] Level 1:colcon.colcon_core.package_identification:_identify(src/uuv_sensor_ros_plugins) by extension 'colcon_pkg'
[0.105s] Level 1:colcon.colcon_core.package_identification:_identify(src/uuv_sensor_ros_plugins) by extensions ['colcon_meta']
[0.105s] Level 1:colcon.colcon_core.package_identification:_identify(src/uuv_sensor_ros_plugins) by extension 'colcon_meta'
[0.105s] Level 1:colcon.colcon_core.package_identification:_identify(src/uuv_sensor_ros_plugins) by extensions ['ros']
[0.105s] Level 1:colcon.colcon_core.package_identification:_identify(src/uuv_sensor_ros_plugins) by extension 'ros'
[0.105s] DEBUG:colcon.colcon_core.package_identification:Package 'src/uuv_sensor_ros_plugins' with type 'ros.ament_python' and name 'uuv_sensor_ros_plugins'
[0.105s] Level 1:colcon.colcon_core.package_discovery:discover_packages(recursive) using defaults
[0.105s] Level 1:colcon.colcon_core.package_discovery:discover_packages(ignore) discover
[0.105s] Level 1:colcon.colcon_core.package_discovery:discover_packages(ignore) using defaults
[0.105s] Level 1:colcon.colcon_core.package_discovery:discover_packages(path) discover
[0.105s] Level 1:colcon.colcon_core.package_discovery:discover_packages(path) using defaults
[0.118s] Level 1:colcon.colcon_core.package_discovery:discover_packages(prefix_path) check parameters
[0.118s] Level 1:colcon.colcon_core.package_discovery:discover_packages(prefix_path) discover
[0.120s] DEBUG:colcon.colcon_installed_package_information.package_discovery:Found 319 installed packages in /opt/ros/jazzy
[0.121s] Level 1:colcon.colcon_core.package_discovery:discover_packages(prefix_path) using defaults
[0.142s] Level 5:colcon.colcon_core.verb:set package 'StateSpace' build argument 'cmake_args' from command line to 'None'
[0.142s] Level 5:colcon.colcon_core.verb:set package 'StateSpace' build argument 'cmake_target' from command line to 'None'
[0.142s] Level 5:colcon.colcon_core.verb:set package 'StateSpace' build argument 'cmake_target_skip_unavailable' from command line to 'False'
[0.142s] Level 5:colcon.colcon_core.verb:set package 'StateSpace' build argument 'cmake_clean_cache' from command line to 'False'
[0.142s] Level 5:colcon.colcon_core.verb:set package 'StateSpace' build argument 'cmake_clean_first' from command line to 'False'
[0.142s] Level 5:colcon.colcon_core.verb:set package 'StateSpace' build argument 'cmake_force_configure' from command line to 'False'
[0.142s] Level 5:colcon.colcon_core.verb:set package 'StateSpace' build argument 'ament_cmake_args' from command line to 'None'
[0.142s] Level 5:colcon.colcon_core.verb:set package 'StateSpace' build argument 'catkin_cmake_args' from command line to 'None'
[0.142s] Level 5:colcon.colcon_core.verb:set package 'StateSpace' build argument 'catkin_skip_building_tests' from command line to 'False'
[0.142s] DEBUG:colcon.colcon_core.verb:Building package 'StateSpace' with the following arguments: {'ament_cmake_args': None, 'build_base': '/home/swayanshree/projects/Makara-AUV-ROS2/build/StateSpace', 'catkin_cmake_args': None, 'catkin_skip_building_tests': False, 'cmake_args': None, 'cmake_clean_cache': False, 'cmake_clean_first': False, 'cmake_force_configure': False, 'cmake_target': None, 'cmake_target_skip_unavailable': False, 'install_base': '/home/swayanshree/projects/Makara-AUV-ROS2/install/StateSpace', 'merge_install': False, 'path': '/home/swayanshree/projects/Makara-AUV-ROS2/src/StateSpace', 'symlink_install': False, 'test_result_base': None}
[0.142s] Level 5:colcon.colcon_core.verb:set package 'auv_description' build argument 'cmake_args' from command line to 'None'
[0.142s] Level 5:colcon.colcon_core.verb:set package 'auv_description' build argument 'cmake_target' from command line to 'None'
[0.142s] Level 5:colcon.colcon_core.verb:set package 'auv_description' build argument 'cmake_target_skip_unavailable' from command line to 'False'
[0.142s] Level 5:colcon.colcon_core.verb:set package 'auv_description' build argument 'cmake_clean_cache' from command line to 'False'
[0.142s] Level 5:colcon.colcon_core.verb:set package 'auv_description' build argument 'cmake_clean_first' from command line to 'False'
[0.142s] Level 5:colcon.colcon_core.verb:set package 'auv_description' build argument 'cmake_force_configure' from command line to 'False'
[0.142s] Level 5:colcon.colcon_core.verb:set package 'auv_description' build argument 'ament_cmake_args' from command line to 'None'
[0.142s] Level 5:colcon.colcon_core.verb:set package 'auv_description' build argument 'catkin_cmake_args' from command line to 'None'
[0.142s] Level 5:colcon.colcon_core.verb:set package 'auv_description' build argument 'catkin_skip_building_tests' from command line to 'False'
[0.142s] DEBUG:colcon.colcon_core.verb:Building package 'auv_description' with the following arguments: {'ament_cmake_args': None, 'build_base': '/home/swayanshree/projects/Makara-AUV-ROS2/build/auv_description', 'catkin_cmake_args': None, 'catkin_skip_building_tests': False, 'cmake_args': None, 'cmake_clean_cache': False, 'cmake_clean_first': False, 'cmake_force_configure': False, 'cmake_target': None, 'cmake_target_skip_unavailable': False, 'install_base': '/home/swayanshree/projects/Makara-AUV-ROS2/install/auv_description', 'merge_install': False, 'path': '/home/swayanshree/projects/Makara-AUV-ROS2/src/auv_description', 'symlink_install': False, 'test_result_base': None}
[0.143s] Level 5:colcon.colcon_core.verb:set package 'bluerov2_description' build argument 'cmake_args' from command line to 'None'
[0.143s] Level 5:colcon.colcon_core.verb:set package 'bluerov2_description' build argument 'cmake_target' from command line to 'None'
[0.143s] Level 5:colcon.colcon_core.verb:set package 'bluerov2_description' build argument 'cmake_target_skip_unavailable' from command line to 'False'
[0.143s] Level 5:colcon.colcon_core.verb:set package 'bluerov2_description' build argument 'cmake_clean_cache' from command line to 'False'
[0.143s] Level 5:colcon.colcon_core.verb:set package 'bluerov2_description' build argument 'cmake_clean_first' from command line to 'False'
[0.143s] Level 5:colcon.colcon_core.verb:set package 'bluerov2_description' build argument 'cmake_force_configure' from command line to 'False'
[0.143s] Level 5:colcon.colcon_core.verb:set package 'bluerov2_description' build argument 'ament_cmake_args' from command line to 'None'
[0.143s] Level 5:colcon.colcon_core.verb:set package 'bluerov2_description' build argument 'catkin_cmake_args' from command line to 'None'
[0.143s] Level 5:colcon.colcon_core.verb:set package 'bluerov2_description' build argument 'catkin_skip_building_tests' from command line to 'False'
[0.143s] DEBUG:colcon.colcon_core.verb:Building package 'bluerov2_description' with the following arguments: {'ament_cmake_args': None, 'build_base': '/home/swayanshree/projects/Makara-AUV-ROS2/build/bluerov2_description', 'catkin_cmake_args': None, 'catkin_skip_building_tests': False, 'cmake_args': None, 'cmake_clean_cache': False, 'cmake_clean_first': False, 'cmake_force_configure': False, 'cmake_target': None, 'cmake_target_skip_unavailable': False, 'install_base': '/home/swayanshree/projects/Makara-AUV-ROS2/install/bluerov2_description', 'merge_install': False, 'path': '/home/swayanshree/projects/Makara-AUV-ROS2/src/bluerov2_description', 'symlink_install': False, 'test_result_base': None}
[0.143s] Level 5:colcon.colcon_core.verb:set package 'data_sync' build argument 'cmake_args' from command line to 'None'
[0.143s] Level 5:colcon.colcon_core.verb:set package 'data_sync' build argument 'cmake_target' from command line to 'None'
[0.143s] Level 5:colcon.colcon_core.verb:set package 'data_sync' build argument 'cmake_target_skip_unavailable' from command line to 'False'
[0.143s] Level 5:colcon.colcon_core.verb:set package 'data_sync' build argument 'cmake_clean_cache' from command line to 'False'
[0.143s] Level 5:colcon.colcon_core.verb:set package 'data_sync' build argument 'cmake_clean_first' from command line to 'False'
[0.143s] Level 5:colcon.colcon_core.verb:set package 'data_sync' build argument 'cmake_force_configure' from command line to 'False'
[0.143s] Level 5:colcon.colcon_core.verb:set package 'data_sync' build argument 'ament_cmake_args' from command line to 'None'
[0.143s] Level 5:colcon.colcon_core.verb:set package 'data_sync' build argument 'catkin_cmake_args' from command line to 'None'
[0.143s] Level 5:colcon.colcon_core.verb:set package 'data_sync' build argument 'catkin_skip_building_tests' from command line to 'False'
[0.143s] DEBUG:colcon.colcon_core.verb:Building package 'data_sync' with the following arguments: {'ament_cmake_args': None, 'build_base': '/home/swayanshree/projects/Makara-AUV-ROS2/build/data_sync', 'catkin_cmake_args': None, 'catkin_skip_building_tests': False, 'cmake_args': None, 'cmake_clean_cache': False, 'cmake_clean_first': False, 'cmake_force_configure': False, 'cmake_target': None, 'cmake_target_skip_unavailable': False, 'install_base': '/home/swayanshree/projects/Makara-AUV-ROS2/install/data_sync', 'merge_install': False, 'path': '/home/swayanshree/projects/Makara-AUV-ROS2/src/data_sync', 'symlink_install': False, 'test_result_base': None}
[0.143s] Level 5:colcon.colcon_core.verb:set package 'hammerhead_interfaces' build argument 'cmake_args' from command line to 'None'
[0.143s] Level 5:colcon.colcon_core.verb:set package 'hammerhead_interfaces' build argument 'cmake_target' from command line to 'None'
[0.143s] Level 5:colcon.colcon_core.verb:set package 'hammerhead_interfaces' build argument 'cmake_target_skip_unavailable' from command line to 'False'
[0.143s] Level 5:colcon.colcon_core.verb:set package 'hammerhead_interfaces' build argument 'cmake_clean_cache' from command line to 'False'
[0.143s] Level 5:colcon.colcon_core.verb:set package 'hammerhead_interfaces' build argument 'cmake_clean_first' from command line to 'False'
[0.143s] Level 5:colcon.colcon_core.verb:set package 'hammerhead_interfaces' build argument 'cmake_force_configure' from command line to 'False'
[0.143s] Level 5:colcon.colcon_core.verb:set package 'hammerhead_interfaces' build argument 'ament_cmake_args' from command line to 'None'
[0.143s] Level 5:colcon.colcon_core.verb:set package 'hammerhead_interfaces' build argument 'catkin_cmake_args' from command line to 'None'
[0.143s] Level 5:colcon.colcon_core.verb:set package 'hammerhead_interfaces' build argument 'catkin_skip_building_tests' from command line to 'False'
[0.143s] DEBUG:colcon.colcon_core.verb:Building package 'hammerhead_interfaces' with the following arguments: {'ament_cmake_args': None, 'build_base': '/home/swayanshree/projects/Makara-AUV-ROS2/build/hammerhead_interfaces', 'catkin_cmake_args': None, 'catkin_skip_building_tests': False, 'cmake_args': None, 'cmake_clean_cache': False, 'cmake_clean_first': False, 'cmake_force_configure': False, 'cmake_target': None, 'cmake_target_skip_unavailable': False, 'install_base': '/home/swayanshree/projects/Makara-AUV-ROS2/install/hammerhead_interfaces', 'merge_install': False, 'path': '/home/swayanshree/projects/Makara-AUV-ROS2/src/hammerhead_interfaces', 'symlink_install': False, 'test_result_base': None}
[0.143s] Level 5:colcon.colcon_core.verb:set package 'makara_bringup' build argument 'cmake_args' from command line to 'None'
[0.143s] Level 5:colcon.colcon_core.verb:set package 'makara_bringup' build argument 'cmake_target' from command line to 'None'
[0.143s] Level 5:colcon.colcon_core.verb:set package 'makara_bringup' build argument 'cmake_target_skip_unavailable' from command line to 'False'
[0.143s] Level 5:colcon.colcon_core.verb:set package 'makara_bringup' build argument 'cmake_clean_cache' from command line to 'False'
[0.143s] Level 5:colcon.colcon_core.verb:set package 'makara_bringup' build argument 'cmake_clean_first' from command line to 'False'
[0.143s] Level 5:colcon.colcon_core.verb:set package 'makara_bringup' build argument 'cmake_force_configure' from command line to 'False'
[0.143s] Level 5:colcon.colcon_core.verb:set package 'makara_bringup' build argument 'ament_cmake_args' from command line to 'None'
[0.143s] Level 5:colcon.colcon_core.verb:set package 'makara_bringup' build argument 'catkin_cmake_args' from command line to 'None'
[0.143s] Level 5:colcon.colcon_core.verb:set package 'makara_bringup' build argument 'catkin_skip_building_tests' from command line to 'False'
[0.143s] DEBUG:colcon.colcon_core.verb:Building package 'makara_bringup' with the following arguments: {'ament_cmake_args': None, 'build_base': '/home/swayanshree/projects/Makara-AUV-ROS2/build/makara_bringup', 'catkin_cmake_args': None, 'catkin_skip_building_tests': False, 'cmake_args': None, 'cmake_clean_cache': False, 'cmake_clean_first': False, 'cmake_force_configure': False, 'cmake_target': None, 'cmake_target_skip_unavailable': False, 'install_base': '/home/swayanshree/projects/Makara-AUV-ROS2/install/makara_bringup', 'merge_install': False, 'path': '/home/swayanshree/projects/Makara-AUV-ROS2/src/makara_bringup', 'symlink_install': False, 'test_result_base': None}
[0.143s] Level 5:colcon.colcon_core.verb:set package 'makara_interfaces' build argument 'cmake_args' from command line to 'None'
[0.143s] Level 5:colcon.colcon_core.verb:set package 'makara_interfaces' build argument 'cmake_target' from command line to 'None'
[0.143s] Level 5:colcon.colcon_core.verb:set package 'makara_interfaces' build argument 'cmake_target_skip_unavailable' from command line to 'False'
[0.143s] Level 5:colcon.colcon_core.verb:set package 'makara_interfaces' build argument 'cmake_clean_cache' from command line to 'False'
[0.143s] Level 5:colcon.colcon_core.verb:set package 'makara_interfaces' build argument 'cmake_clean_first' from command line to 'False'
[0.143s] Level 5:colcon.colcon_core.verb:set package 'makara_interfaces' build argument 'cmake_force_configure' from command line to 'False'
[0.143s] Level 5:colcon.colcon_core.verb:set package 'makara_interfaces' build argument 'ament_cmake_args' from command line to 'None'
[0.143s] Level 5:colcon.colcon_core.verb:set package 'makara_interfaces' build argument 'catkin_cmake_args' from command line to 'None'
[0.143s] Level 5:colcon.colcon_core.verb:set package 'makara_interfaces' build argument 'catkin_skip_building_tests' from command line to 'False'
[0.143s] DEBUG:colcon.colcon_core.verb:Building package 'makara_interfaces' with the following arguments: {'ament_cmake_args': None, 'build_base': '/home/swayanshree/projects/Makara-AUV-ROS2/build/makara_interfaces', 'catkin_cmake_args': None, 'catkin_skip_building_tests': False, 'cmake_args': None, 'cmake_clean_cache': False, 'cmake_clean_first': False, 'cmake_force_configure': False, 'cmake_target': None, 'cmake_target_skip_unavailable': False, 'install_base': '/home/swayanshree/projects/Makara-AUV-ROS2/install/makara_interfaces', 'merge_install': False, 'path': '/home/swayanshree/projects/Makara-AUV-ROS2/src/makara_interfaces', 'symlink_install': False, 'test_result_base': None}
[0.144s] Level 5:colcon.colcon_core.verb:set package 'makara_vision' build argument 'cmake_args' from command line to 'None'
[0.144s] Level 5:colcon.colcon_core.verb:set package 'makara_vision' build argument 'cmake_target' from command line to 'None'
[0.144s] Level 5:colcon.colcon_core.verb:set package 'makara_vision' build argument 'cmake_target_skip_unavailable' from command line to 'False'
[0.144s] Level 5:colcon.colcon_core.verb:set package 'makara_vision' build argument 'cmake_clean_cache' from command line to 'False'
[0.144s] Level 5:colcon.colcon_core.verb:set package 'makara_vision' build argument 'cmake_clean_first' from command line to 'False'
[0.144s] Level 5:colcon.colcon_core.verb:set package 'makara_vision' build argument 'cmake_force_configure' from command line to 'False'
[0.144s] Level 5:colcon.colcon_core.verb:set package 'makara_vision' build argument 'ament_cmake_args' from command line to 'None'
[0.144s] Level 5:colcon.colcon_core.verb:set package 'makara_vision' build argument 'catkin_cmake_args' from command line to 'None'
[0.144s] Level 5:colcon.colcon_core.verb:set package 'makara_vision' build argument 'catkin_skip_building_tests' from command line to 'False'
[0.144s] DEBUG:colcon.colcon_core.verb:Building package 'makara_vision' with the following arguments: {'ament_cmake_args': None, 'build_base': '/home/swayanshree/projects/Makara-AUV-ROS2/build/makara_vision', 'catkin_cmake_args': None, 'catkin_skip_building_tests': False, 'cmake_args': None, 'cmake_clean_cache': False, 'cmake_clean_first': False, 'cmake_force_configure': False, 'cmake_target': None, 'cmake_target_skip_unavailable': False, 'install_base': '/home/swayanshree/projects/Makara-AUV-ROS2/install/makara_vision', 'merge_install': False, 'path': '/home/swayanshree/projects/Makara-AUV-ROS2/src/makara_vision', 'symlink_install': False, 'test_result_base': None}
[0.144s] Level 5:colcon.colcon_core.verb:set package 'uuv_descriptions' build argument 'cmake_args' from command line to 'None'
[0.144s] Level 5:colcon.colcon_core.verb:set package 'uuv_descriptions' build argument 'cmake_target' from command line to 'None'
[0.144s] Level 5:colcon.colcon_core.verb:set package 'uuv_descriptions' build argument 'cmake_target_skip_unavailable' from command line to 'False'
[0.144s] Level 5:colcon.colcon_core.verb:set package 'uuv_descriptions' build argument 'cmake_clean_cache' from command line to 'False'
[0.144s] Level 5:colcon.colcon_core.verb:set package 'uuv_descriptions' build argument 'cmake_clean_first' from command line to 'False'
[0.144s] Level 5:colcon.colcon_core.verb:set package 'uuv_descriptions' build argument 'cmake_force_configure' from command line to 'False'
[0.144s] Level 5:colcon.colcon_core.verb:set package 'uuv_descriptions' build argument 'ament_cmake_args' from command line to 'None'
[0.144s] Level 5:colcon.colcon_core.verb:set package 'uuv_descriptions' build argument 'catkin_cmake_args' from command line to 'None'
[0.144s] Level 5:colcon.colcon_core.verb:set package 'uuv_descriptions' build argument 'catkin_skip_building_tests' from command line to 'False'
[0.144s] DEBUG:colcon.colcon_core.verb:Building package 'uuv_descriptions' with the following arguments: {'ament_cmake_args': None, 'build_base': '/home/swayanshree/projects/Makara-AUV-ROS2/build/uuv_descriptions', 'catkin_cmake_args': None, 'catkin_skip_building_tests': False, 'cmake_args': None, 'cmake_clean_cache': False, 'cmake_clean_first': False, 'cmake_force_configure': False, 'cmake_target': None, 'cmake_target_skip_unavailable': False, 'install_base': '/home/swayanshree/projects/Makara-AUV-ROS2/install/uuv_descriptions', 'merge_install': False, 'path': '/home/swayanshree/projects/Makara-AUV-ROS2/src/uuv_descriptions', 'symlink_install': False, 'test_result_base': None}
[0.144s] Level 5:colcon.colcon_core.verb:set package 'uuv_gazebo_ros_plugins' build argument 'cmake_args' from command line to 'None'
[0.144s] Level 5:colcon.colcon_core.verb:set package 'uuv_gazebo_ros_plugins' build argument 'cmake_target' from command line to 'None'
[0.144s] Level 5:colcon.colcon_core.verb:set package 'uuv_gazebo_ros_plugins' build argument 'cmake_target_skip_unavailable' from command line to 'False'
[0.144s] Level 5:colcon.colcon_core.verb:set package 'uuv_gazebo_ros_plugins' build argument 'cmake_clean_cache' from command line to 'False'
[0.144s] Level 5:colcon.colcon_core.verb:set package 'uuv_gazebo_ros_plugins' build argument 'cmake_clean_first' from command line to 'False'
[0.144s] Level 5:colcon.colcon_core.verb:set package 'uuv_gazebo_ros_plugins' build argument 'cmake_force_configure' from command line to 'False'
[0.144s] Level 5:colcon.colcon_core.verb:set package 'uuv_gazebo_ros_plugins' build argument 'ament_cmake_args' from command line to 'None'
[0.144s] Level 5:colcon.colcon_core.verb:set package 'uuv_gazebo_ros_plugins' build argument 'catkin_cmake_args' from command line to 'None'
[0.144s] Level 5:colcon.colcon_core.verb:set package 'uuv_gazebo_ros_plugins' build argument 'catkin_skip_building_tests' from command line to 'False'
[0.144s] DEBUG:colcon.colcon_core.verb:Building package 'uuv_gazebo_ros_plugins' with the following arguments: {'ament_cmake_args': None, 'build_base': '/home/swayanshree/projects/Makara-AUV-ROS2/build/uuv_gazebo_ros_plugins', 'catkin_cmake_args': None, 'catkin_skip_building_tests': False, 'cmake_args': None, 'cmake_clean_cache': False, 'cmake_clean_first': False, 'cmake_force_configure': False, 'cmake_target': None, 'cmake_target_skip_unavailable': False, 'install_base': '/home/swayanshree/projects/Makara-AUV-ROS2/install/uuv_gazebo_ros_plugins', 'merge_install': False, 'path': '/home/swayanshree/projects/Makara-AUV-ROS2/src/uuv_gazebo_ros_plugins', 'symlink_install': False, 'test_result_base': None}
[0.144s] Level 5:colcon.colcon_core.verb:set package 'uuv_sensor_ros_plugins' build argument 'cmake_args' from command line to 'None'
[0.144s] Level 5:colcon.colcon_core.verb:set package 'uuv_sensor_ros_plugins' build argument 'cmake_target' from command line to 'None'
[0.144s] Level 5:colcon.colcon_core.verb:set package 'uuv_sensor_ros_plugins' build argument 'cmake_target_skip_unavailable' from command line to 'False'
[0.144s] Level 5:colcon.colcon_core.verb:set package 'uuv_sensor_ros_plugins' build argument 'cmake_clean_cache' from command line to 'False'
[0.144s] Level 5:colcon.colcon_core.verb:set package 'uuv_sensor_ros_plugins' build argument 'cmake_clean_first' from command line to 'False'
[0.144s] Level 5:colcon.colcon_core.verb:set package 'uuv_sensor_ros_plugins' build argument 'cmake_force_configure' from command line to 'False'
[0.144s] Level 5:colcon.colcon_core.verb:set package 'uuv_sensor_ros_plugins' build argument 'ament_cmake_args' from command line to 'None'
[0.144s] Level 5:colcon.colcon_core.verb:set package 'uuv_sensor_ros_plugins' build argument 'catkin_cmake_args' from command line to 'None'
[0.144s] Level 5:colcon.colcon_core.verb:set package 'uuv_sensor_ros_plugins' build argument 'catkin_skip_building_tests' from command line to 'False'
[0.144s] DEBUG:colcon.colcon_core.verb:Building package 'uuv_sensor_ros_plugins' with the following arguments: {'ament_cmake_args': None, 'build_base': '/home/swayanshree/projects/Makara-AUV-ROS2/build/uuv_sensor_ros_plugins', 'catkin_cmake_args': None, 'catkin_skip_building_tests': False, 'cmake_args': None, 'cmake_clean_cache': False, 'cmake_clean_first': False, 'cmake_force_configure': False, 'cmake_target': None, 'cmake_target_skip_unavailable': False, 'install_base': '/home/swayanshree/projects/Makara-AUV-ROS2/install/uuv_sensor_ros_plugins', 'merge_install': False, 'path': '/home/swayanshree/projects/Makara-AUV-ROS2/src/uuv_sensor_ros_plugins', 'symlink_install': False, 'test_result_base': None}
[0.144s] Level 5:colcon.colcon_core.verb:set package 'ardupilot_attitude_control' build argument 'cmake_args' from command line to 'None'
[0.144s] Level 5:colcon.colcon_core.verb:set package 'ardupilot_attitude_control' build argument 'cmake_target' from command line to 'None'
[0.144s] Level 5:colcon.colcon_core.verb:set package 'ardupilot_attitude_control' build argument 'cmake_target_skip_unavailable' from command line to 'False'
[0.144s] Level 5:colcon.colcon_core.verb:set package 'ardupilot_attitude_control' build argument 'cmake_clean_cache' from command line to 'False'
[0.144s] Level 5:colcon.colcon_core.verb:set package 'ardupilot_attitude_control' build argument 'cmake_clean_first' from command line to 'False'
[0.144s] Level 5:colcon.colcon_core.verb:set package 'ardupilot_attitude_control' build argument 'cmake_force_configure' from command line to 'False'
[0.144s] Level 5:colcon.colcon_core.verb:set package 'ardupilot_attitude_control' build argument 'ament_cmake_args' from command line to 'None'
[0.144s] Level 5:colcon.colcon_core.verb:set package 'ardupilot_attitude_control' build argument 'catkin_cmake_args' from command line to 'None'
[0.144s] Level 5:colcon.colcon_core.verb:set package 'ardupilot_attitude_control' build argument 'catkin_skip_building_tests' from command line to 'False'
[0.144s] DEBUG:colcon.colcon_core.verb:Building package 'ardupilot_attitude_control' with the following arguments: {'ament_cmake_args': None, 'build_base': '/home/swayanshree/projects/Makara-AUV-ROS2/build/ardupilot_attitude_control', 'catkin_cmake_args': None, 'catkin_skip_building_tests': False, 'cmake_args': None, 'cmake_clean_cache': False, 'cmake_clean_first': False, 'cmake_force_configure': False, 'cmake_target': None, 'cmake_target_skip_unavailable': False, 'install_base': '/home/swayanshree/projects/Makara-AUV-ROS2/install/ardupilot_attitude_control', 'merge_install': False, 'path': '/home/swayanshree/projects/Makara-AUV-ROS2/src/ardupilot_attitude_control', 'symlink_install': False, 'test_result_base': None}
[0.144s] Level 5:colcon.colcon_core.verb:set package 'hammerhead_serial' build argument 'cmake_args' from command line to 'None'
[0.145s] Level 5:colcon.colcon_core.verb:set package 'hammerhead_serial' build argument 'cmake_target' from command line to 'None'
[0.145s] Level 5:colcon.colcon_core.verb:set package 'hammerhead_serial' build argument 'cmake_target_skip_unavailable' from command line to 'False'
[0.145s] Level 5:colcon.colcon_core.verb:set package 'hammerhead_serial' build argument 'cmake_clean_cache' from command line to 'False'
[0.145s] Level 5:colcon.colcon_core.verb:set package 'hammerhead_serial' build argument 'cmake_clean_first' from command line to 'False'
[0.145s] Level 5:colcon.colcon_core.verb:set package 'hammerhead_serial' build argument 'cmake_force_configure' from command line to 'False'
[0.145s] Level 5:colcon.colcon_core.verb:set package 'hammerhead_serial' build argument 'ament_cmake_args' from command line to 'None'
[0.145s] Level 5:colcon.colcon_core.verb:set package 'hammerhead_serial' build argument 'catkin_cmake_args' from command line to 'None'
[0.145s] Level 5:colcon.colcon_core.verb:set package 'hammerhead_serial' build argument 'catkin_skip_building_tests' from command line to 'False'
[0.145s] DEBUG:colcon.colcon_core.verb:Building package 'hammerhead_serial' with the following arguments: {'ament_cmake_args': None, 'build_base': '/home/swayanshree/projects/Makara-AUV-ROS2/build/hammerhead_serial', 'catkin_cmake_args': None, 'catkin_skip_building_tests': False, 'cmake_args': None, 'cmake_clean_cache': False, 'cmake_clean_first': False, 'cmake_force_configure': False, 'cmake_target': None, 'cmake_target_skip_unavailable': False, 'install_base': '/home/swayanshree/projects/Makara-AUV-ROS2/install/hammerhead_serial', 'merge_install': False, 'path': '/home/swayanshree/projects/Makara-AUV-ROS2/src/hammerhead_serial', 'symlink_install': False, 'test_result_base': None}
[0.145s] Level 5:colcon.colcon_core.verb:set package 'makara_control' build argument 'cmake_args' from command line to 'None'
[0.145s] Level 5:colcon.colcon_core.verb:set package 'makara_control' build argument 'cmake_target' from command line to 'None'
[0.145s] Level 5:colcon.colcon_core.verb:set package 'makara_control' build argument 'cmake_target_skip_unavailable' from command line to 'False'
[0.145s] Level 5:colcon.colcon_core.verb:set package 'makara_control' build argument 'cmake_clean_cache' from command line to 'False'
[0.145s] Level 5:colcon.colcon_core.verb:set package 'makara_control' build argument 'cmake_clean_first' from command line to 'False'
[0.145s] Level 5:colcon.colcon_core.verb:set package 'makara_control' build argument 'cmake_force_configure' from command line to 'False'
[0.145s] Level 5:colcon.colcon_core.verb:set package 'makara_control' build argument 'ament_cmake_args' from command line to 'None'
[0.145s] Level 5:colcon.colcon_core.verb:set package 'makara_control' build argument 'catkin_cmake_args' from command line to 'None'
[0.145s] Level 5:colcon.colcon_core.verb:set package 'makara_control' build argument 'catkin_skip_building_tests' from command line to 'False'
[0.145s] DEBUG:colcon.colcon_core.verb:Building package 'makara_control' with the following arguments: {'ament_cmake_args': None, 'build_base': '/home/swayanshree/projects/Makara-AUV-ROS2/build/makara_control', 'catkin_cmake_args': None, 'catkin_skip_building_tests': False, 'cmake_args': None, 'cmake_clean_cache': False, 'cmake_clean_first': False, 'cmake_force_configure': False, 'cmake_target': None, 'cmake_target_skip_unavailable': False, 'install_base': '/home/swayanshree/projects/Makara-AUV-ROS2/install/makara_control', 'merge_install': False, 'path': '/home/swayanshree/projects/Makara-AUV-ROS2/src/makara_control', 'symlink_install': False, 'test_result_base': None}
[0.145s] Level 5:colcon.colcon_core.verb:set package 'makara_serial' build argument 'cmake_args' from command line to 'None'
[0.145s] Level 5:colcon.colcon_core.verb:set package 'makara_serial' build argument 'cmake_target' from command line to 'None'
[0.145s] Level 5:colcon.colcon_core.verb:set package 'makara_serial' build argument 'cmake_target_skip_unavailable' from command line to 'False'
[0.145s] Level 5:colcon.colcon_core.verb:set package 'makara_serial' build argument 'cmake_clean_cache' from command line to 'False'
[0.145s] Level 5:colcon.colcon_core.verb:set package 'makara_serial' build argument 'cmake_clean_first' from command line to 'False'
[0.145s] Level 5:colcon.colcon_core.verb:set package 'makara_serial' build argument 'cmake_force_configure' from command line to 'False'
[0.145s] Level 5:colcon.colcon_core.verb:set package 'makara_serial' build argument 'ament_cmake_args' from command line to 'None'
[0.145s] Level 5:colcon.colcon_core.verb:set package 'makara_serial' build argument 'catkin_cmake_args' from command line to 'None'
[0.145s] Level 5:colcon.colcon_core.verb:set package 'makara_serial' build argument 'catkin_skip_building_tests' from command line to 'False'
[0.145s] DEBUG:colcon.colcon_core.verb:Building package 'makara_serial' with the following arguments: {'ament_cmake_args': None, 'build_base': '/home/swayanshree/projects/Makara-AUV-ROS2/build/makara_serial', 'catkin_cmake_args': None, 'catkin_skip_building_tests': False, 'cmake_args': None, 'cmake_clean_cache': False, 'cmake_clean_first': False, 'cmake_force_configure': False, 'cmake_target': None, 'cmake_target_skip_unavailable': False, 'install_base': '/home/swayanshree/projects/Makara-AUV-ROS2/install/makara_serial', 'merge_install': False, 'path': '/home/swayanshree/projects/Makara-AUV-ROS2/src/makara_serial', 'symlink_install': False, 'test_result_base': None}
[0.145s] INFO:colcon.colcon_core.executor:Executing jobs using 'parallel' executor
[0.146s] DEBUG:colcon.colcon_parallel_executor.executor.parallel:run_until_complete
[0.146s] INFO:colcon.colcon_ros.task.ament_cmake.build:Building ROS package in '/home/swayanshree/projects/Makara-AUV-ROS2/src/hammerhead_interfaces' with build type 'ament_cmake'
[0.146s] INFO:colcon.colcon_cmake.task.cmake.build:Building CMake package in '/home/swayanshree/projects/Makara-AUV-ROS2/src/hammerhead_interfaces'
[0.147s] INFO:colcon.colcon_core.plugin_system:Skipping extension 'colcon_core.shell.bat': Not used on non-Windows systems
[0.147s] INFO:colcon.colcon_core.shell:Skip shell extension 'powershell' for command environment: Not usable outside of PowerShell
[0.147s] DEBUG:colcon.colcon_core.shell:Skip shell extension 'dsv' for command environment
[0.149s] INFO:colcon.colcon_ros.task.ament_cmake.build:Building ROS package in '/home/swayanshree/projects/Makara-AUV-ROS2/src/makara_interfaces' with build type 'ament_cmake'
[0.149s] INFO:colcon.colcon_cmake.task.cmake.build:Building CMake package in '/home/swayanshree/projects/Makara-AUV-ROS2/src/makara_interfaces'
[0.150s] INFO:colcon.colcon_core.shell:Skip shell extension 'powershell' for command environment: Not usable outside of PowerShell
[0.150s] DEBUG:colcon.colcon_core.shell:Skip shell extension 'dsv' for command environment
[0.151s] INFO:colcon.colcon_ros.task.ament_cmake.build:Building ROS package in '/home/swayanshree/projects/Makara-AUV-ROS2/src/StateSpace' with build type 'ament_cmake'
[0.151s] INFO:colcon.colcon_cmake.task.cmake.build:Building CMake package in '/home/swayanshree/projects/Makara-AUV-ROS2/src/StateSpace'
[0.151s] INFO:colcon.colcon_core.shell:Skip shell extension 'powershell' for command environment: Not usable outside of PowerShell
[0.151s] DEBUG:colcon.colcon_core.shell:Skip shell extension 'dsv' for command environment
[0.153s] INFO:colcon.colcon_ros.task.ament_cmake.build:Building ROS package in '/home/swayanshree/projects/Makara-AUV-ROS2/src/auv_description' with build type 'ament_cmake'
[0.153s] INFO:colcon.colcon_cmake.task.cmake.build:Building CMake package in '/home/swayanshree/projects/Makara-AUV-ROS2/src/auv_description'
[0.153s] INFO:colcon.colcon_core.shell:Skip shell extension 'powershell' for command environment: Not usable outside of PowerShell
[0.153s] DEBUG:colcon.colcon_core.shell:Skip shell extension 'dsv' for command environment
[0.154s] INFO:colcon.colcon_ros.task.ament_cmake.build:Building ROS package in '/home/swayanshree/projects/Makara-AUV-ROS2/src/bluerov2_description' with build type 'ament_cmake'
[0.154s] INFO:colcon.colcon_cmake.task.cmake.build:Building CMake package in '/home/swayanshree/projects/Makara-AUV-ROS2/src/bluerov2_description'
[0.154s] INFO:colcon.colcon_core.shell:Skip shell extension 'powershell' for command environment: Not usable outside of PowerShell
[0.154s] DEBUG:colcon.colcon_core.shell:Skip shell extension 'dsv' for command environment
[0.156s] INFO:colcon.colcon_ros.task.ament_python.build:Building ROS package in '/home/swayanshree/projects/Makara-AUV-ROS2/src/data_sync' with build type 'ament_python'
[0.156s] Level 1:colcon.colcon_core.shell:create_environment_hook('data_sync', 'ament_prefix_path')
[0.156s] INFO:colcon.colcon_core.shell:Creating environment hook '/home/swayanshree/projects/Makara-AUV-ROS2/install/data_sync/share/data_sync/hook/ament_prefix_path.ps1'
[0.156s] INFO:colcon.colcon_core.shell:Creating environment descriptor '/home/swayanshree/projects/Makara-AUV-ROS2/install/data_sync/share/data_sync/hook/ament_prefix_path.dsv'
[0.157s] INFO:colcon.colcon_core.shell:Creating environment hook '/home/swayanshree/projects/Makara-AUV-ROS2/install/data_sync/share/data_sync/hook/ament_prefix_path.sh'
[0.157s] INFO:colcon.colcon_core.shell:Skip shell extension 'powershell' for command environment: Not usable outside of PowerShell
[0.157s] DEBUG:colcon.colcon_core.shell:Skip shell extension 'dsv' for command environment
[0.158s] INFO:colcon.colcon_ros.task.ament_python.build:Building ROS package in '/home/swayanshree/projects/Makara-AUV-ROS2/src/makara_bringup' with build type 'ament_python'
[0.158s] Level 1:colcon.colcon_core.shell:create_environment_hook('makara_bringup', 'ament_prefix_path')
[0.158s] INFO:colcon.colcon_core.shell:Creating environment hook '/home/swayanshree/projects/Makara-AUV-ROS2/install/makara_bringup/share/makara_bringup/hook/ament_prefix_path.ps1'
[0.159s] INFO:colcon.colcon_core.shell:Creating environment descriptor '/home/swayanshree/projects/Makara-AUV-ROS2/install/makara_bringup/share/makara_bringup/hook/ament_prefix_path.dsv'
[0.159s] INFO:colcon.colcon_core.shell:Creating environment hook '/home/swayanshree/projects/Makara-AUV-ROS2/install/makara_bringup/share/makara_bringup/hook/ament_prefix_path.sh'
[0.159s] INFO:colcon.colcon_core.shell:Skip shell extension 'powershell' for command environment: Not usable outside of PowerShell
[0.159s] DEBUG:colcon.colcon_core.shell:Skip shell extension 'dsv' for command environment
[0.160s] INFO:colcon.colcon_ros.task.ament_python.build:Building ROS package in '/home/swayanshree/projects/Makara-AUV-ROS2/src/makara_vision' with build type 'ament_python'
[0.161s] Level 1:colcon.colcon_core.shell:create_environment_hook('makara_vision', 'ament_prefix_path')
[0.161s] INFO:colcon.colcon_core.shell:Creating environment hook '/home/swayanshree/projects/Makara-AUV-ROS2/install/makara_vision/share/makara_vision/hook/ament_prefix_path.ps1'
[0.161s] INFO:colcon.colcon_core.shell:Creating environment descriptor '/home/swayanshree/projects/Makara-AUV-ROS2/install/makara_vision/share/makara_vision/hook/ament_prefix_path.dsv'
[0.161s] INFO:colcon.colcon_core.shell:Creating environment hook '/home/swayanshree/projects/Makara-AUV-ROS2/install/makara_vision/share/makara_vision/hook/ament_prefix_path.sh'
[0.161s] INFO:colcon.colcon_core.shell:Skip shell extension 'powershell' for command environment: Not usable outside of PowerShell
[0.161s] DEBUG:colcon.colcon_core.shell:Skip shell extension 'dsv' for command environment
[0.163s] INFO:colcon.colcon_ros.task.ament_python.build:Building ROS package in '/home/swayanshree/projects/Makara-AUV-ROS2/src/uuv_descriptions' with build type 'ament_python'
[0.163s] Level 1:colcon.colcon_core.shell:create_environment_hook('uuv_descriptions', 'ament_prefix_path')
[0.163s] INFO:colcon.colcon_core.shell:Creating environment hook '/home/swayanshree/projects/Makara-AUV-ROS2/install/uuv_descriptions/share/uuv_descriptions/hook/ament_prefix_path.ps1'
[0.164s] INFO:colcon.colcon_core.shell:Creating environment descriptor '/home/swayanshree/projects/Makara-AUV-ROS2/install/uuv_descriptions/share/uuv_descriptions/hook/ament_prefix_path.dsv'
[0.164s] INFO:colcon.colcon_core.shell:Creating environment hook '/home/swayanshree/projects/Makara-AUV-ROS2/install/uuv_descriptions/share/uuv_descriptions/hook/ament_prefix_path.sh'
[0.164s] INFO:colcon.colcon_core.shell:Skip shell extension 'powershell' for command environment: Not usable outside of PowerShell
[0.164s] DEBUG:colcon.colcon_core.shell:Skip shell extension 'dsv' for command environment
[0.166s] INFO:colcon.colcon_ros.task.ament_python.build:Building ROS package in '/home/swayanshree/projects/Makara-AUV-ROS2/src/uuv_gazebo_ros_plugins' with build type 'ament_python'
[0.166s] Level 1:colcon.colcon_core.shell:create_environment_hook('uuv_gazebo_ros_plugins', 'ament_prefix_path')
[0.166s] INFO:colcon.colcon_core.shell:Creating environment hook '/home/swayanshree/projects/Makara-AUV-ROS2/install/uuv_gazebo_ros_plugins/share/uuv_gazebo_ros_plugins/hook/ament_prefix_path.ps1'
[0.166s] INFO:colcon.colcon_core.shell:Creating environment descriptor '/home/swayanshree/projects/Makara-AUV-ROS2/install/uuv_gazebo_ros_plugins/share/uuv_gazebo_ros_plugins/hook/ament_prefix_path.dsv'
[0.166s] INFO:colcon.colcon_core.shell:Creating environment hook '/home/swayanshree/projects/Makara-AUV-ROS2/install/uuv_gazebo_ros_plugins/share/uuv_gazebo_ros_plugins/hook/ament_prefix_path.sh'
[0.167s] INFO:colcon.colcon_core.shell:Skip shell extension 'powershell' for command environment: Not usable outside of PowerShell
[0.167s] DEBUG:colcon.colcon_core.shell:Skip shell extension 'dsv' for command environment
[0.168s] INFO:colcon.colcon_ros.task.ament_python.build:Building ROS package in '/home/swayanshree/projects/Makara-AUV-ROS2/src/uuv_sensor_ros_plugins' with build type 'ament_python'
[0.168s] Level 1:colcon.colcon_core.shell:create_environment_hook('uuv_sensor_ros_plugins', 'ament_prefix_path')
[0.168s] INFO:colcon.colcon_core.shell:Creating environment hook '/home/swayanshree/projects/Makara-AUV-ROS2/install/uuv_sensor_ros_plugins/share/uuv_sensor_ros_plugins/hook/ament_prefix_path.ps1'
[0.168s] INFO:colcon.colcon_core.shell:Creating environment descriptor '/home/swayanshree/projects/Makara-AUV-ROS2/install/uuv_sensor_ros_plugins/share/uuv_sensor_ros_plugins/hook/ament_prefix_path.dsv'
[0.169s] INFO:colcon.colcon_core.shell:Creating environment hook '/home/swayanshree/projects/Makara-AUV-ROS2/install/uuv_sensor_ros_plugins/share/uuv_sensor_ros_plugins/hook/ament_prefix_path.sh'
[0.169s] INFO:colcon.colcon_core.shell:Skip shell extension 'powershell' for command environment: Not usable outside of PowerShell
[0.169s] DEBUG:colcon.colcon_core.shell:Skip shell extension 'dsv' for command environment
[0.173s] DEBUG:colcon.colcon_core.event_handler.log_command:Invoking command in '/home/swayanshree/projects/Makara-AUV-ROS2/build/hammerhead_interfaces': CMAKE_PREFIX_PATH=${CMAKE_PREFIX_PATH}:/opt/ros/jazzy DEBUGINFOD_URLS=https://debuginfod.ubuntu.com /usr/bin/cmake --build /home/swayanshree/projects/Makara-AUV-ROS2/build/hammerhead_interfaces -- -j16 -l16
[0.174s] DEBUG:colcon.colcon_core.event_handler.log_command:Invoking command in '/home/swayanshree/projects/Makara-AUV-ROS2/build/makara_interfaces': CMAKE_PREFIX_PATH=${CMAKE_PREFIX_PATH}:/opt/ros/jazzy DEBUGINFOD_URLS=https://debuginfod.ubuntu.com /usr/bin/cmake --build /home/swayanshree/projects/Makara-AUV-ROS2/build/makara_interfaces -- -j16 -l16
[0.175s] DEBUG:colcon.colcon_core.event_handler.log_command:Invoking command in '/home/swayanshree/projects/Makara-AUV-ROS2/build/StateSpace': CMAKE_PREFIX_PATH=${CMAKE_PREFIX_PATH}:/opt/ros/jazzy DEBUGINFOD_URLS=https://debuginfod.ubuntu.com /usr/bin/cmake --build /home/swayanshree/projects/Makara-AUV-ROS2/build/StateSpace -- -j16 -l16
[0.176s] DEBUG:colcon.colcon_core.event_handler.log_command:Invoking command in '/home/swayanshree/projects/Makara-AUV-ROS2/build/auv_description': CMAKE_PREFIX_PATH=${CMAKE_PREFIX_PATH}:/opt/ros/jazzy DEBUGINFOD_URLS=https://debuginfod.ubuntu.com /usr/bin/cmake --build /home/swayanshree/projects/Makara-AUV-ROS2/build/auv_description -- -j16 -l16
[0.177s] DEBUG:colcon.colcon_core.event_handler.log_command:Invoking command in '/home/swayanshree/projects/Makara-AUV-ROS2/build/bluerov2_description': CMAKE_PREFIX_PATH=${CMAKE_PREFIX_PATH}:/opt/ros/jazzy DEBUGINFOD_URLS=https://debuginfod.ubuntu.com /usr/bin/cmake --build /home/swayanshree/projects/Makara-AUV-ROS2/build/bluerov2_description -- -j16 -l16
[0.343s] INFO:colcon.colcon_core.task.python.build:Building Python package in '/home/swayanshree/projects/Makara-AUV-ROS2/src/data_sync'
[0.343s] INFO:colcon.colcon_core.shell:Skip shell extension 'powershell' for command environment: Not usable outside of PowerShell
[0.343s] DEBUG:colcon.colcon_core.shell:Skip shell extension 'dsv' for command environment
[0.473s] INFO:colcon.colcon_core.task.python.build:Building Python package in '/home/swayanshree/projects/Makara-AUV-ROS2/src/makara_bringup'
[0.473s] INFO:colcon.colcon_core.shell:Skip shell extension 'powershell' for command environment: Not usable outside of PowerShell
[0.473s] DEBUG:colcon.colcon_core.shell:Skip shell extension 'dsv' for command environment
[0.604s] INFO:colcon.colcon_core.task.python.build:Building Python package in '/home/swayanshree/projects/Makara-AUV-ROS2/src/makara_vision'
[0.604s] INFO:colcon.colcon_core.shell:Skip shell extension 'powershell' for command environment: Not usable outside of PowerShell
[0.604s] DEBUG:colcon.colcon_core.shell:Skip shell extension 'dsv' for command environment
[0.724s] INFO:colcon.colcon_core.task.python.build:Building Python package in '/home/swayanshree/projects/Makara-AUV-ROS2/src/uuv_descriptions'
[0.724s] INFO:colcon.colcon_core.shell:Skip shell extension 'powershell' for command environment: Not usable outside of PowerShell
[0.724s] DEBUG:colcon.colcon_core.shell:Skip shell extension 'dsv' for command environment
[0.843s] INFO:colcon.colcon_core.task.python.build:Building Python package in '/home/swayanshree/projects/Makara-AUV-ROS2/src/uuv_gazebo_ros_plugins'
[0.843s] INFO:colcon.colcon_core.shell:Skip shell extension 'powershell' for command environment: Not usable outside of PowerShell
[0.843s] DEBUG:colcon.colcon_core.shell:Skip shell extension 'dsv' for command environment
[0.974s] INFO:colcon.colcon_core.task.python.build:Building Python package in '/home/swayanshree/projects/Makara-AUV-ROS2/src/uuv_sensor_ros_plugins'
[0.974s] INFO:colcon.colcon_core.shell:Skip shell extension 'powershell' for command environment: Not usable outside of PowerShell
[0.974s] DEBUG:colcon.colcon_core.shell:Skip shell extension 'dsv' for command environment
[0.976s] DEBUG:colcon.colcon_core.event_handler.log_command:Invoked command in '/home/swayanshree/projects/Makara-AUV-ROS2/build/hammerhead_interfaces' returned '0': CMAKE_PREFIX_PATH=${CMAKE_PREFIX_PATH}:/opt/ros/jazzy DEBUGINFOD_URLS=https://debuginfod.ubuntu.com /usr/bin/cmake --build /home/swayanshree/projects/Makara-AUV-ROS2/build/hammerhead_interfaces -- -j16 -l16
[0.984s] DEBUG:colcon.colcon_core.event_handler.log_command:Invoking command in '/home/swayanshree/projects/Makara-AUV-ROS2/build/hammerhead_interfaces': CMAKE_PREFIX_PATH=${CMAKE_PREFIX_PATH}:/opt/ros/jazzy DEBUGINFOD_URLS=https://debuginfod.ubuntu.com /usr/bin/cmake --install /home/swayanshree/projects/Makara-AUV-ROS2/build/hammerhead_interfaces
[0.985s] DEBUG:colcon.colcon_core.event_handler.log_command:Invoked command in '/home/swayanshree/projects/Makara-AUV-ROS2/build/makara_interfaces' returned '0': CMAKE_PREFIX_PATH=${CMAKE_PREFIX_PATH}:/opt/ros/jazzy DEBUGINFOD_URLS=https://debuginfod.ubuntu.com /usr/bin/cmake --build /home/swayanshree/projects/Makara-AUV-ROS2/build/makara_interfaces -- -j16 -l16
[0.985s] DEBUG:colcon.colcon_core.event_handler.log_command:Invoking command in '/home/swayanshree/projects/Makara-AUV-ROS2/build/makara_interfaces': CMAKE_PREFIX_PATH=${CMAKE_PREFIX_PATH}:/opt/ros/jazzy DEBUGINFOD_URLS=https://debuginfod.ubuntu.com /usr/bin/cmake --install /home/swayanshree/projects/Makara-AUV-ROS2/build/makara_interfaces
[0.985s] DEBUG:colcon.colcon_core.event_handler.log_command:Invoked command in '/home/swayanshree/projects/Makara-AUV-ROS2/build/StateSpace' returned '0': CMAKE_PREFIX_PATH=${CMAKE_PREFIX_PATH}:/opt/ros/jazzy DEBUGINFOD_URLS=https://debuginfod.ubuntu.com /usr/bin/cmake --build /home/swayanshree/projects/Makara-AUV-ROS2/build/StateSpace -- -j16 -l16
[0.986s] DEBUG:colcon.colcon_core.event_handler.log_command:Invoking command in '/home/swayanshree/projects/Makara-AUV-ROS2/build/StateSpace': CMAKE_PREFIX_PATH=${CMAKE_PREFIX_PATH}:/opt/ros/jazzy DEBUGINFOD_URLS=https://debuginfod.ubuntu.com /usr/bin/cmake --install /home/swayanshree/projects/Makara-AUV-ROS2/build/StateSpace
[0.986s] DEBUG:colcon.colcon_core.event_handler.log_command:Invoked command in '/home/swayanshree/projects/Makara-AUV-ROS2/build/auv_description' returned '0': CMAKE_PREFIX_PATH=${CMAKE_PREFIX_PATH}:/opt/ros/jazzy DEBUGINFOD_URLS=https://debuginfod.ubuntu.com /usr/bin/cmake --build /home/swayanshree/projects/Makara-AUV-ROS2/build/auv_description -- -j16 -l16
[0.986s] DEBUG:colcon.colcon_core.event_handler.log_command:Invoking command in '/home/swayanshree/projects/Makara-AUV-ROS2/build/auv_description': CMAKE_PREFIX_PATH=${CMAKE_PREFIX_PATH}:/opt/ros/jazzy DEBUGINFOD_URLS=https://debuginfod.ubuntu.com /usr/bin/cmake --install /home/swayanshree/projects/Makara-AUV-ROS2/build/auv_description
[0.987s] DEBUG:colcon.colcon_core.event_handler.log_command:Invoked command in '/home/swayanshree/projects/Makara-AUV-ROS2/build/bluerov2_description' returned '0': CMAKE_PREFIX_PATH=${CMAKE_PREFIX_PATH}:/opt/ros/jazzy DEBUGINFOD_URLS=https://debuginfod.ubuntu.com /usr/bin/cmake --build /home/swayanshree/projects/Makara-AUV-ROS2/build/bluerov2_description -- -j16 -l16
[0.987s] DEBUG:colcon.colcon_core.event_handler.log_command:Invoking command in '/home/swayanshree/projects/Makara-AUV-ROS2/build/bluerov2_description': CMAKE_PREFIX_PATH=${CMAKE_PREFIX_PATH}:/opt/ros/jazzy DEBUGINFOD_URLS=https://debuginfod.ubuntu.com /usr/bin/cmake --install /home/swayanshree/projects/Makara-AUV-ROS2/build/bluerov2_description
[0.999s] Level 1:colcon.colcon_core.environment:create_environment_scripts_only(StateSpace)
[1.009s] Level 1:colcon.colcon_core.environment:checking '/home/swayanshree/projects/Makara-AUV-ROS2/install/StateSpace' for CMake module files
[1.011s] Level 1:colcon.colcon_core.environment:checking '/home/swayanshree/projects/Makara-AUV-ROS2/install/StateSpace' for CMake config files
[1.016s] Level 1:colcon.colcon_core.shell:create_environment_hook('StateSpace', 'cmake_prefix_path')
[1.016s] INFO:colcon.colcon_core.shell:Creating environment hook '/home/swayanshree/projects/Makara-AUV-ROS2/install/StateSpace/share/StateSpace/hook/cmake_prefix_path.ps1'
[1.018s] INFO:colcon.colcon_core.shell:Creating environment descriptor '/home/swayanshree/projects/Makara-AUV-ROS2/install/StateSpace/share/StateSpace/hook/cmake_prefix_path.dsv'
[1.019s] INFO:colcon.colcon_core.shell:Creating environment hook '/home/swayanshree/projects/Makara-AUV-ROS2/install/StateSpace/share/StateSpace/hook/cmake_prefix_path.sh'
[1.022s] Level 1:colcon.colcon_core.environment:checking '/home/swayanshree/projects/Makara-AUV-ROS2/install/StateSpace/lib'
[1.023s] Level 1:colcon.colcon_core.environment:checking '/home/swayanshree/projects/Makara-AUV-ROS2/install/StateSpace/bin'
[1.023s] Level 1:colcon.colcon_core.environment:checking '/home/swayanshree/projects/Makara-AUV-ROS2/install/StateSpace/lib/pkgconfig/StateSpace.pc'
[1.023s] Level 1:colcon.colcon_core.environment:checking '/home/swayanshree/projects/Makara-AUV-ROS2/install/StateSpace/lib/python3.12/site-packages'
[1.023s] Level 1:colcon.colcon_core.environment:checking '/home/swayanshree/projects/Makara-AUV-ROS2/install/StateSpace/bin'
[1.024s] INFO:colcon.colcon_core.shell:Creating package script '/home/swayanshree/projects/Makara-AUV-ROS2/install/StateSpace/share/StateSpace/package.ps1'
[1.025s] INFO:colcon.colcon_core.shell:Creating package descriptor '/home/swayanshree/projects/Makara-AUV-ROS2/install/StateSpace/share/StateSpace/package.dsv'
[1.028s] INFO:colcon.colcon_core.shell:Creating package script '/home/swayanshree/projects/Makara-AUV-ROS2/install/StateSpace/share/StateSpace/package.sh'
[1.030s] INFO:colcon.colcon_core.shell:Creating package script '/home/swayanshree/projects/Makara-AUV-ROS2/install/StateSpace/share/StateSpace/package.bash'
[1.032s] INFO:colcon.colcon_core.shell:Creating package script '/home/swayanshree/projects/Makara-AUV-ROS2/install/StateSpace/share/StateSpace/package.zsh'
[1.034s] Level 1:colcon.colcon_core.environment:create_file_with_runtime_dependencies(/home/swayanshree/projects/Makara-AUV-ROS2/install/StateSpace/share/colcon-core/packages/StateSpace)
[1.043s] DEBUG:colcon.colcon_core.event_handler.log_command:Invoked command in '/home/swayanshree/projects/Makara-AUV-ROS2/build/StateSpace' returned '0': CMAKE_PREFIX_PATH=${CMAKE_PREFIX_PATH}:/opt/ros/jazzy DEBUGINFOD_URLS=https://debuginfod.ubuntu.com /usr/bin/cmake --install /home/swayanshree/projects/Makara-AUV-ROS2/build/StateSpace
[1.049s] Level 1:colcon.colcon_core.environment:create_environment_scripts_only(StateSpace)
[1.049s] Level 1:colcon.colcon_core.environment:checking '/home/swayanshree/projects/Makara-AUV-ROS2/install/StateSpace' for CMake module files
[1.050s] Level 1:colcon.colcon_core.environment:checking '/home/swayanshree/projects/Makara-AUV-ROS2/install/StateSpace' for CMake config files
[1.050s] Level 1:colcon.colcon_core.shell:create_environment_hook('StateSpace', 'cmake_prefix_path')
[1.050s] INFO:colcon.colcon_core.shell:Creating environment hook '/home/swayanshree/projects/Makara-AUV-ROS2/install/StateSpace/share/StateSpace/hook/cmake_prefix_path.ps1'
[1.050s] INFO:colcon.colcon_core.shell:Creating environment descriptor '/home/swayanshree/projects/Makara-AUV-ROS2/install/StateSpace/share/StateSpace/hook/cmake_prefix_path.dsv'
[1.051s] INFO:colcon.colcon_core.shell:Creating environment hook '/home/swayanshree/projects/Makara-AUV-ROS2/install/StateSpace/share/StateSpace/hook/cmake_prefix_path.sh'
[1.051s] Level 1:colcon.colcon_core.environment:checking '/home/swayanshree/projects/Makara-AUV-ROS2/install/StateSpace/lib'
[1.051s] Level 1:colcon.colcon_core.environment:checking '/home/swayanshree/projects/Makara-AUV-ROS2/install/StateSpace/bin'
[1.052s] Level 1:colcon.colcon_core.environment:checking '/home/swayanshree/projects/Makara-AUV-ROS2/install/StateSpace/lib/pkgconfig/StateSpace.pc'
[1.052s] Level 1:colcon.colcon_core.environment:checking '/home/swayanshree/projects/Makara-AUV-ROS2/install/StateSpace/lib/python3.12/site-packages'
[1.052s] Level 1:colcon.colcon_core.environment:checking '/home/swayanshree/projects/Makara-AUV-ROS2/install/StateSpace/bin'
[1.052s] INFO:colcon.colcon_core.shell:Creating package script '/home/swayanshree/projects/Makara-AUV-ROS2/install/StateSpace/share/StateSpace/package.ps1'
[1.053s] INFO:colcon.colcon_core.shell:Creating package descriptor '/home/swayanshree/projects/Makara-AUV-ROS2/install/StateSpace/share/StateSpace/package.dsv'
[1.053s] INFO:colcon.colcon_core.shell:Creating package script '/home/swayanshree/projects/Makara-AUV-ROS2/install/StateSpace/share/StateSpace/package.sh'
[1.054s] INFO:colcon.colcon_core.shell:Creating package script '/home/swayanshree/projects/Makara-AUV-ROS2/install/StateSpace/share/StateSpace/package.bash'
[1.054s] INFO:colcon.colcon_core.shell:Creating package script '/home/swayanshree/projects/Makara-AUV-ROS2/install/StateSpace/share/StateSpace/package.zsh'
[1.055s] Level 1:colcon.colcon_core.environment:create_file_with_runtime_dependencies(/home/swayanshree/projects/Makara-AUV-ROS2/install/StateSpace/share/colcon-core/packages/StateSpace)
[1.055s] Level 1:colcon.colcon_core.environment:create_environment_scripts_only(auv_description)
[1.055s] Level 1:colcon.colcon_core.environment:checking '/home/swayanshree/projects/Makara-AUV-ROS2/install/auv_description' for CMake module files
[1.056s] DEBUG:colcon.colcon_core.event_handler.log_command:Invoked command in '/home/swayanshree/projects/Makara-AUV-ROS2/build/auv_description' returned '0': CMAKE_PREFIX_PATH=${CMAKE_PREFIX_PATH}:/opt/ros/jazzy DEBUGINFOD_URLS=https://debuginfod.ubuntu.com /usr/bin/cmake --install /home/swayanshree/projects/Makara-AUV-ROS2/build/auv_description
[1.056s] Level 1:colcon.colcon_core.environment:checking '/home/swayanshree/projects/Makara-AUV-ROS2/install/auv_description' for CMake config files
[1.056s] Level 1:colcon.colcon_core.shell:create_environment_hook('auv_description', 'cmake_prefix_path')
[1.057s] INFO:colcon.colcon_core.shell:Creating environment hook '/home/swayanshree/projects/Makara-AUV-ROS2/install/auv_description/share/auv_description/hook/cmake_prefix_path.ps1'
[1.057s] INFO:colcon.colcon_core.shell:Creating environment descriptor '/home/swayanshree/projects/Makara-AUV-ROS2/install/auv_description/share/auv_description/hook/cmake_prefix_path.dsv'
[1.057s] INFO:colcon.colcon_core.shell:Creating environment hook '/home/swayanshree/projects/Makara-AUV-ROS2/install/auv_description/share/auv_description/hook/cmake_prefix_path.sh'
[1.057s] Level 1:colcon.colcon_core.environment:checking '/home/swayanshree/projects/Makara-AUV-ROS2/install/auv_description/lib'
[1.057s] Level 1:colcon.colcon_core.environment:checking '/home/swayanshree/projects/Makara-AUV-ROS2/install/auv_description/bin'
[1.057s] Level 1:colcon.colcon_core.environment:checking '/home/swayanshree/projects/Makara-AUV-ROS2/install/auv_description/lib/pkgconfig/auv_description.pc'
[1.058s] Level 1:colcon.colcon_core.environment:checking '/home/swayanshree/projects/Makara-AUV-ROS2/install/auv_description/lib/python3.12/site-packages'
[1.058s] Level 1:colcon.colcon_core.environment:checking '/home/swayanshree/projects/Makara-AUV-ROS2/install/auv_description/bin'
[1.058s] INFO:colcon.colcon_core.shell:Creating package script '/home/swayanshree/projects/Makara-AUV-ROS2/install/auv_description/share/auv_description/package.ps1'
[1.058s] INFO:colcon.colcon_core.shell:Creating package descriptor '/home/swayanshree/projects/Makara-AUV-ROS2/install/auv_description/share/auv_description/package.dsv'
[1.058s] INFO:colcon.colcon_core.shell:Creating package script '/home/swayanshree/projects/Makara-AUV-ROS2/install/auv_description/share/auv_description/package.sh'
[1.059s] INFO:colcon.colcon_core.shell:Creating package script '/home/swayanshree/projects/Makara-AUV-ROS2/install/auv_description/share/auv_description/package.bash'
[1.059s] INFO:colcon.colcon_core.shell:Creating package script '/home/swayanshree/projects/Makara-AUV-ROS2/install/auv_description/share/auv_description/package.zsh'
[1.059s] Level 1:colcon.colcon_core.environment:create_file_with_runtime_dependencies(/home/swayanshree/projects/Makara-AUV-ROS2/install/auv_description/share/colcon-core/packages/auv_description)
[1.059s] Level 1:colcon.colcon_core.environment:create_environment_scripts_only(auv_description)
[1.059s] Level 1:colcon.colcon_core.environment:checking '/home/swayanshree/projects/Makara-AUV-ROS2/install/auv_description' for CMake module files
[1.060s] Level 1:colcon.colcon_core.environment:checking '/home/swayanshree/projects/Makara-AUV-ROS2/install/auv_description' for CMake config files
[1.060s] Level 1:colcon.colcon_core.shell:create_environment_hook('auv_description', 'cmake_prefix_path')
[1.060s] INFO:colcon.colcon_core.shell:Creating environment hook '/home/swayanshree/projects/Makara-AUV-ROS2/install/auv_description/share/auv_description/hook/cmake_prefix_path.ps1'
[1.060s] INFO:colcon.colcon_core.shell:Creating environment descriptor '/home/swayanshree/projects/Makara-AUV-ROS2/install/auv_description/share/auv_description/hook/cmake_prefix_path.dsv'
[1.060s] INFO:colcon.colcon_core.shell:Creating environment hook '/home/swayanshree/projects/Makara-AUV-ROS2/install/auv_description/share/auv_description/hook/cmake_prefix_path.sh'
[1.060s] Level 1:colcon.colcon_core.environment:checking '/home/swayanshree/projects/Makara-AUV-ROS2/install/auv_description/lib'
[1.060s] Level 1:colcon.colcon_core.environment:checking '/home/swayanshree/projects/Makara-AUV-ROS2/install/auv_description/bin'
[1.060s] Level 1:colcon.colcon_core.environment:checking '/home/swayanshree/projects/Makara-AUV-ROS2/install/auv_description/lib/pkgconfig/auv_description.pc'
[1.061s] Level 1:colcon.colcon_core.environment:checking '/home/swayanshree/projects/Makara-AUV-ROS2/install/auv_description/lib/python3.12/site-packages'
[1.061s] Level 1:colcon.colcon_core.environment:checking '/home/swayanshree/projects/Makara-AUV-ROS2/install/auv_description/bin'
[1.061s] INFO:colcon.colcon_core.shell:Creating package script '/home/swayanshree/projects/Makara-AUV-ROS2/install/auv_description/share/auv_description/package.ps1'
[1.061s] INFO:colcon.colcon_core.shell:Creating package descriptor '/home/swayanshree/projects/Makara-AUV-ROS2/install/auv_description/share/auv_description/package.dsv'
[1.061s] INFO:colcon.colcon_core.shell:Creating package script '/home/swayanshree/projects/Makara-AUV-ROS2/install/auv_description/share/auv_description/package.sh'
[1.062s] INFO:colcon.colcon_core.shell:Creating package script '/home/swayanshree/projects/Makara-AUV-ROS2/install/auv_description/share/auv_description/package.bash'
[1.062s] INFO:colcon.colcon_core.shell:Creating package script '/home/swayanshree/projects/Makara-AUV-ROS2/install/auv_description/share/auv_description/package.zsh'
[1.062s] Level 1:colcon.colcon_core.environment:create_file_with_runtime_dependencies(/home/swayanshree/projects/Makara-AUV-ROS2/install/auv_description/share/colcon-core/packages/auv_description)
[1.062s] Level 1:colcon.colcon_core.environment:create_environment_scripts_only(bluerov2_description)
[1.063s] Level 1:colcon.colcon_core.environment:checking '/home/swayanshree/projects/Makara-AUV-ROS2/install/bluerov2_description' for CMake module files
[1.063s] DEBUG:colcon.colcon_core.event_handler.log_command:Invoked command in '/home/swayanshree/projects/Makara-AUV-ROS2/build/bluerov2_description' returned '0': CMAKE_PREFIX_PATH=${CMAKE_PREFIX_PATH}:/opt/ros/jazzy DEBUGINFOD_URLS=https://debuginfod.ubuntu.com /usr/bin/cmake --install /home/swayanshree/projects/Makara-AUV-ROS2/build/bluerov2_description
[1.063s] Level 1:colcon.colcon_core.environment:checking '/home/swayanshree/projects/Makara-AUV-ROS2/install/bluerov2_description' for CMake config files
[1.063s] Level 1:colcon.colcon_core.shell:create_environment_hook('bluerov2_description', 'cmake_prefix_path')
[1.064s] INFO:colcon.colcon_core.shell:Creating environment hook '/home/swayanshree/projects/Makara-AUV-ROS2/install/bluerov2_description/share/bluerov2_description/hook/cmake_prefix_path.ps1'
[1.064s] INFO:colcon.colcon_core.shell:Creating environment descriptor '/home/swayanshree/projects/Makara-AUV-ROS2/install/bluerov2_description/share/bluerov2_description/hook/cmake_prefix_path.dsv'
[1.064s] INFO:colcon.colcon_core.shell:Creating environment hook '/home/swayanshree/projects/Makara-AUV-ROS2/install/bluerov2_description/share/bluerov2_description/hook/cmake_prefix_path.sh'
[1.064s] Level 1:colcon.colcon_core.environment:checking '/home/swayanshree/projects/Makara-AUV-ROS2/install/bluerov2_description/bin'
[1.065s] Level 1:colcon.colcon_core.environment:checking '/home/swayanshree/projects/Makara-AUV-ROS2/install/bluerov2_description/lib/pkgconfig/bluerov2_description.pc'
[1.065s] Level 1:colcon.colcon_core.environment:checking '/home/swayanshree/projects/Makara-AUV-ROS2/install/bluerov2_description/lib/python3.12/site-packages'
[1.065s] Level 1:colcon.colcon_core.environment:checking '/home/swayanshree/projects/Makara-AUV-ROS2/install/bluerov2_description/bin'
[1.065s] INFO:colcon.colcon_core.shell:Creating package script '/home/swayanshree/projects/Makara-AUV-ROS2/install/bluerov2_description/share/bluerov2_description/package.ps1'
[1.065s] INFO:colcon.colcon_core.shell:Creating package descriptor '/home/swayanshree/projects/Makara-AUV-ROS2/install/bluerov2_description/share/bluerov2_description/package.dsv'
[1.066s] INFO:colcon.colcon_core.shell:Creating package script '/home/swayanshree/projects/Makara-AUV-ROS2/install/bluerov2_description/share/bluerov2_description/package.sh'
[1.066s] INFO:colcon.colcon_core.shell:Creating package script '/home/swayanshree/projects/Makara-AUV-ROS2/install/bluerov2_description/share/bluerov2_description/package.bash'
[1.066s] INFO:colcon.colcon_core.shell:Creating package script '/home/swayanshree/projects/Makara-AUV-ROS2/install/bluerov2_description/share/bluerov2_description/package.zsh'
[1.066s] Level 1:colcon.colcon_core.environment:create_file_with_runtime_dependencies(/home/swayanshree/projects/Makara-AUV-ROS2/install/bluerov2_description/share/colcon-core/packages/bluerov2_description)
[1.066s] Level 1:colcon.colcon_core.environment:create_environment_scripts_only(bluerov2_description)
[1.067s] Level 1:colcon.colcon_core.environment:checking '/home/swayanshree/projects/Makara-AUV-ROS2/install/bluerov2_description' for CMake module files
[1.067s] Level 1:colcon.colcon_core.environment:checking '/home/swayanshree/projects/Makara-AUV-ROS2/install/bluerov2_description' for CMake config files
[1.067s] Level 1:colcon.colcon_core.shell:create_environment_hook('bluerov2_description', 'cmake_prefix_path')
[1.067s] INFO:colcon.colcon_core.shell:Creating environment hook '/home/swayanshree/projects/Makara-AUV-ROS2/install/bluerov2_description/share/bluerov2_description/hook/cmake_prefix_path.ps1'
[1.067s] INFO:colcon.colcon_core.shell:Creating environment descriptor '/home/swayanshree/projects/Makara-AUV-ROS2/install/bluerov2_description/share/bluerov2_description/hook/cmake_prefix_path.dsv'
[1.067s] INFO:colcon.colcon_core.shell:Creating environment hook '/home/swayanshree/projects/Makara-AUV-ROS2/install/bluerov2_description/share/bluerov2_description/hook/cmake_prefix_path.sh'
[1.068s] Level 1:colcon.colcon_core.environment:checking '/home/swayanshree/projects/Makara-AUV-ROS2/install/bluerov2_description/bin'
[1.068s] Level 1:colcon.colcon_core.environment:checking '/home/swayanshree/projects/Makara-AUV-ROS2/install/bluerov2_description/lib/pkgconfig/bluerov2_description.pc'
[1.068s] Level 1:colcon.colcon_core.environment:checking '/home/swayanshree/projects/Makara-AUV-ROS2/install/bluerov2_description/lib/python3.12/site-packages'
[1.068s] Level 1:colcon.colcon_core.environment:checking '/home/swayanshree/projects/Makara-AUV-ROS2/install/bluerov2_description/bin'
[1.068s] INFO:colcon.colcon_core.shell:Creating package script '/home/swayanshree/projects/Makara-AUV-ROS2/install/bluerov2_description/share/bluerov2_description/package.ps1'
[1.069s] INFO:colcon.colcon_core.shell:Creating package descriptor '/home/swayanshree/projects/Makara-AUV-ROS2/install/bluerov2_description/share/bluerov2_description/package.dsv'
[1.069s] INFO:colcon.colcon_core.shell:Creating package script '/home/swayanshree/projects/Makara-AUV-ROS2/install/bluerov2_description/share/bluerov2_description/package.sh'
[1.069s] INFO:colcon.colcon_core.shell:Creating package script '/home/swayanshree/projects/Makara-AUV-ROS2/install/bluerov2_description/share/bluerov2_description/package.bash'
[1.070s] INFO:colcon.colcon_core.shell:Creating package script '/home/swayanshree/projects/Makara-AUV-ROS2/install/bluerov2_description/share/bluerov2_description/package.zsh'
[1.070s] Level 1:colcon.colcon_core.environment:create_file_with_runtime_dependencies(/home/swayanshree/projects/Makara-AUV-ROS2/install/bluerov2_description/share/colcon-core/packages/bluerov2_description)
[1.071s] Level 1:colcon.colcon_core.environment:create_environment_scripts_only(makara_interfaces)
[1.071s] Level 1:colcon.colcon_core.environment:checking '/home/swayanshree/projects/Makara-AUV-ROS2/install/makara_interfaces' for CMake module files
[1.072s] Level 1:colcon.colcon_core.environment:checking '/home/swayanshree/projects/Makara-AUV-ROS2/install/makara_interfaces' for CMake config files
[1.072s] Level 1:colcon.colcon_core.shell:create_environment_hook('makara_interfaces', 'cmake_prefix_path')
[1.072s] INFO:colcon.colcon_core.shell:Creating environment hook '/home/swayanshree/projects/Makara-AUV-ROS2/install/makara_interfaces/share/makara_interfaces/hook/cmake_prefix_path.ps1'
[1.073s] INFO:colcon.colcon_core.shell:Creating environment descriptor '/home/swayanshree/projects/Makara-AUV-ROS2/install/makara_interfaces/share/makara_interfaces/hook/cmake_prefix_path.dsv'
[1.073s] DEBUG:colcon.colcon_core.event_handler.log_command:Invoked command in '/home/swayanshree/projects/Makara-AUV-ROS2/build/makara_interfaces' returned '0': CMAKE_PREFIX_PATH=${CMAKE_PREFIX_PATH}:/opt/ros/jazzy DEBUGINFOD_URLS=https://debuginfod.ubuntu.com /usr/bin/cmake --install /home/swayanshree/projects/Makara-AUV-ROS2/build/makara_interfaces
[1.073s] INFO:colcon.colcon_core.shell:Creating environment hook '/home/swayanshree/projects/Makara-AUV-ROS2/install/makara_interfaces/share/makara_interfaces/hook/cmake_prefix_path.sh'
[1.073s] Level 1:colcon.colcon_core.environment:checking '/home/swayanshree/projects/Makara-AUV-ROS2/install/makara_interfaces/lib'
[1.073s] Level 1:colcon.colcon_core.shell:create_environment_hook('makara_interfaces', 'ld_library_path_lib')
[1.074s] INFO:colcon.colcon_core.shell:Creating environment hook '/home/swayanshree/projects/Makara-AUV-ROS2/install/makara_interfaces/share/makara_interfaces/hook/ld_library_path_lib.ps1'
[1.074s] INFO:colcon.colcon_core.shell:Creating environment descriptor '/home/swayanshree/projects/Makara-AUV-ROS2/install/makara_interfaces/share/makara_interfaces/hook/ld_library_path_lib.dsv'
[1.074s] INFO:colcon.colcon_core.shell:Creating environment hook '/home/swayanshree/projects/Makara-AUV-ROS2/install/makara_interfaces/share/makara_interfaces/hook/ld_library_path_lib.sh'
[1.074s] Level 1:colcon.colcon_core.environment:checking '/home/swayanshree/projects/Makara-AUV-ROS2/install/makara_interfaces/bin'
[1.074s] Level 1:colcon.colcon_core.environment:checking '/home/swayanshree/projects/Makara-AUV-ROS2/install/makara_interfaces/lib/pkgconfig/makara_interfaces.pc'
[1.074s] Level 1:colcon.colcon_core.environment:checking '/home/swayanshree/projects/Makara-AUV-ROS2/install/makara_interfaces/lib/python3.12/site-packages'
[1.074s] Level 1:colcon.colcon_core.shell:create_environment_hook('makara_interfaces', 'pythonpath')
[1.075s] INFO:colcon.colcon_core.shell:Creating environment hook '/home/swayanshree/projects/Makara-AUV-ROS2/install/makara_interfaces/share/makara_interfaces/hook/pythonpath.ps1'
[1.075s] INFO:colcon.colcon_core.shell:Creating environment descriptor '/home/swayanshree/projects/Makara-AUV-ROS2/install/makara_interfaces/share/makara_interfaces/hook/pythonpath.dsv'
[1.075s] INFO:colcon.colcon_core.shell:Creating environment hook '/home/swayanshree/projects/Makara-AUV-ROS2/install/makara_interfaces/share/makara_interfaces/hook/pythonpath.sh'
[1.075s] Level 1:colcon.colcon_core.environment:checking '/home/swayanshree/projects/Makara-AUV-ROS2/install/makara_interfaces/bin'
[1.076s] INFO:colcon.colcon_core.shell:Creating package script '/home/swayanshree/projects/Makara-AUV-ROS2/install/makara_interfaces/share/makara_interfaces/package.ps1'
[1.076s] INFO:colcon.colcon_core.shell:Creating package descriptor '/home/swayanshree/projects/Makara-AUV-ROS2/install/makara_interfaces/share/makara_interfaces/package.dsv'
[1.076s] INFO:colcon.colcon_core.shell:Creating package script '/home/swayanshree/projects/Makara-AUV-ROS2/install/makara_interfaces/share/makara_interfaces/package.sh'
[1.077s] INFO:colcon.colcon_core.shell:Creating package script '/home/swayanshree/projects/Makara-AUV-ROS2/install/makara_interfaces/share/makara_interfaces/package.bash'
[1.077s] INFO:colcon.colcon_core.shell:Creating package script '/home/swayanshree/projects/Makara-AUV-ROS2/install/makara_interfaces/share/makara_interfaces/package.zsh'
[1.077s] Level 1:colcon.colcon_core.environment:create_file_with_runtime_dependencies(/home/swayanshree/projects/Makara-AUV-ROS2/install/makara_interfaces/share/colcon-core/packages/makara_interfaces)
[1.077s] Level 1:colcon.colcon_core.environment:create_environment_scripts_only(makara_interfaces)
[1.077s] Level 1:colcon.colcon_core.environment:checking '/home/swayanshree/projects/Makara-AUV-ROS2/install/makara_interfaces' for CMake module files
[1.078s] Level 1:colcon.colcon_core.environment:checking '/home/swayanshree/projects/Makara-AUV-ROS2/install/makara_interfaces' for CMake config files
[1.078s] Level 1:colcon.colcon_core.shell:create_environment_hook('makara_interfaces', 'cmake_prefix_path')
[1.078s] INFO:colcon.colcon_core.shell:Creating environment hook '/home/swayanshree/projects/Makara-AUV-ROS2/install/makara_interfaces/share/makara_interfaces/hook/cmake_prefix_path.ps1'
[1.078s] INFO:colcon.colcon_core.shell:Creating environment descriptor '/home/swayanshree/projects/Makara-AUV-ROS2/install/makara_interfaces/share/makara_interfaces/hook/cmake_prefix_path.dsv'
[1.079s] INFO:colcon.colcon_core.shell:Creating environment hook '/home/swayanshree/projects/Makara-AUV-ROS2/install/makara_interfaces/share/makara_interfaces/hook/cmake_prefix_path.sh'
[1.079s] Level 1:colcon.colcon_core.environment:checking '/home/swayanshree/projects/Makara-AUV-ROS2/install/makara_interfaces/lib'
[1.079s] Level 1:colcon.colcon_core.shell:create_environment_hook('makara_interfaces', 'ld_library_path_lib')
[1.079s] INFO:colcon.colcon_core.shell:Creating environment hook '/home/swayanshree/projects/Makara-AUV-ROS2/install/makara_interfaces/share/makara_interfaces/hook/ld_library_path_lib.ps1'
[1.079s] INFO:colcon.colcon_core.shell:Creating environment descriptor '/home/swayanshree/projects/Makara-AUV-ROS2/install/makara_interfaces/share/makara_interfaces/hook/ld_library_path_lib.dsv'
[1.080s] INFO:colcon.colcon_core.shell:Creating environment hook '/home/swayanshree/projects/Makara-AUV-ROS2/install/makara_interfaces/share/makara_interfaces/hook/ld_library_path_lib.sh'
[1.080s] Level 1:colcon.colcon_core.environment:checking '/home/swayanshree/projects/Makara-AUV-ROS2/install/makara_interfaces/bin'
[1.080s] Level 1:colcon.colcon_core.environment:checking '/home/swayanshree/projects/Makara-AUV-ROS2/install/makara_interfaces/lib/pkgconfig/makara_interfaces.pc'
[1.080s] Level 1:colcon.colcon_core.environment:checking '/home/swayanshree/projects/Makara-AUV-ROS2/install/makara_interfaces/lib/python3.12/site-packages'
[1.080s] Level 1:colcon.colcon_core.shell:create_environment_hook('makara_interfaces', 'pythonpath')
[1.080s] INFO:colcon.colcon_core.shell:Creating environment hook '/home/swayanshree/projects/Makara-AUV-ROS2/install/makara_interfaces/share/makara_interfaces/hook/pythonpath.ps1'
[1.080s] INFO:colcon.colcon_core.shell:Creating environment descriptor '/home/swayanshree/projects/Makara-AUV-ROS2/install/makara_interfaces/share/makara_interfaces/hook/pythonpath.dsv'
[1.081s] INFO:colcon.colcon_core.shell:Creating environment hook '/home/swayanshree/projects/Makara-AUV-ROS2/install/makara_interfaces/share/makara_interfaces/hook/pythonpath.sh'
[1.081s] Level 1:colcon.colcon_core.environment:checking '/home/swayanshree/projects/Makara-AUV-ROS2/install/makara_interfaces/bin'
[1.081s] INFO:colcon.colcon_core.shell:Creating package script '/home/swayanshree/projects/Makara-AUV-ROS2/install/makara_interfaces/share/makara_interfaces/package.ps1'
[1.082s] INFO:colcon.colcon_core.shell:Creating package descriptor '/home/swayanshree/projects/Makara-AUV-ROS2/install/makara_interfaces/share/makara_interfaces/package.dsv'
[1.082s] INFO:colcon.colcon_core.shell:Creating package script '/home/swayanshree/projects/Makara-AUV-ROS2/install/makara_interfaces/share/makara_interfaces/package.sh'
[1.082s] INFO:colcon.colcon_core.shell:Creating package script '/home/swayanshree/projects/Makara-AUV-ROS2/install/makara_interfaces/share/makara_interfaces/package.bash'
[1.082s] INFO:colcon.colcon_core.shell:Creating package script '/home/swayanshree/projects/Makara-AUV-ROS2/install/makara_interfaces/share/makara_interfaces/package.zsh'
[1.083s] Level 1:colcon.colcon_core.environment:create_file_with_runtime_dependencies(/home/swayanshree/projects/Makara-AUV-ROS2/install/makara_interfaces/share/colcon-core/packages/makara_interfaces)
[1.083s] Level 1:colcon.colcon_core.environment:create_environment_scripts_only(hammerhead_interfaces)
[1.083s] Level 1:colcon.colcon_core.environment:checking '/home/swayanshree/projects/Makara-AUV-ROS2/install/hammerhead_interfaces' for CMake module files
[1.084s] Level 1:colcon.colcon_core.environment:checking '/home/swayanshree/projects/Makara-AUV-ROS2/install/hammerhead_interfaces' for CMake config files
[1.084s] Level 1:colcon.colcon_core.shell:create_environment_hook('hammerhead_interfaces', 'cmake_prefix_path')
[1.084s] INFO:colcon.colcon_core.shell:Creating environment hook '/home/swayanshree/projects/Makara-AUV-ROS2/install/hammerhead_interfaces/share/hammerhead_interfaces/hook/cmake_prefix_path.ps1'
[1.084s] INFO:colcon.colcon_core.shell:Creating environment descriptor '/home/swayanshree/projects/Makara-AUV-ROS2/install/hammerhead_interfaces/share/hammerhead_interfaces/hook/cmake_prefix_path.dsv'
[1.085s] INFO:colcon.colcon_core.shell:Creating environment hook '/home/swayanshree/projects/Makara-AUV-ROS2/install/hammerhead_interfaces/share/hammerhead_interfaces/hook/cmake_prefix_path.sh'
[1.083s] DEBUG:colcon.colcon_core.event_handler.log_command:Invoked command in '/home/swayanshree/projects/Makara-AUV-ROS2/build/hammerhead_interfaces' returned '0': CMAKE_PREFIX_PATH=${CMAKE_PREFIX_PATH}:/opt/ros/jazzy DEBUGINFOD_URLS=https://debuginfod.ubuntu.com /usr/bin/cmake --install /home/swayanshree/projects/Makara-AUV-ROS2/build/hammerhead_interfaces
[1.085s] Level 1:colcon.colcon_core.environment:checking '/home/swayanshree/projects/Makara-AUV-ROS2/install/hammerhead_interfaces/lib'
[1.085s] Level 1:colcon.colcon_core.shell:create_environment_hook('hammerhead_interfaces', 'ld_library_path_lib')
[1.085s] INFO:colcon.colcon_core.shell:Creating environment hook '/home/swayanshree/projects/Makara-AUV-ROS2/install/hammerhead_interfaces/share/hammerhead_interfaces/hook/ld_library_path_lib.ps1'
[1.086s] INFO:colcon.colcon_core.shell:Creating environment descriptor '/home/swayanshree/projects/Makara-AUV-ROS2/install/hammerhead_interfaces/share/hammerhead_interfaces/hook/ld_library_path_lib.dsv'
[1.086s] INFO:colcon.colcon_core.shell:Creating environment hook '/home/swayanshree/projects/Makara-AUV-ROS2/install/hammerhead_interfaces/share/hammerhead_interfaces/hook/ld_library_path_lib.sh'
[1.086s] Level 1:colcon.colcon_core.environment:checking '/home/swayanshree/projects/Makara-AUV-ROS2/install/hammerhead_interfaces/bin'
[1.086s] Level 1:colcon.colcon_core.environment:checking '/home/swayanshree/projects/Makara-AUV-ROS2/install/hammerhead_interfaces/lib/pkgconfig/hammerhead_interfaces.pc'
[1.086s] Level 1:colcon.colcon_core.environment:checking '/home/swayanshree/projects/Makara-AUV-ROS2/install/hammerhead_interfaces/lib/python3.12/site-packages'
[1.086s] Level 1:colcon.colcon_core.shell:create_environment_hook('hammerhead_interfaces', 'pythonpath')
[1.086s] INFO:colcon.colcon_core.shell:Creating environment hook '/home/swayanshree/projects/Makara-AUV-ROS2/install/hammerhead_interfaces/share/hammerhead_interfaces/hook/pythonpath.ps1'
[1.087s] INFO:colcon.colcon_core.shell:Creating environment descriptor '/home/swayanshree/projects/Makara-AUV-ROS2/install/hammerhead_interfaces/share/hammerhead_interfaces/hook/pythonpath.dsv'
[1.087s] INFO:colcon.colcon_core.shell:Creating environment hook '/home/swayanshree/projects/Makara-AUV-ROS2/install/hammerhead_interfaces/share/hammerhead_interfaces/hook/pythonpath.sh'
[1.087s] Level 1:colcon.colcon_core.environment:checking '/home/swayanshree/projects/Makara-AUV-ROS2/install/hammerhead_interfaces/bin'
[1.087s] INFO:colcon.colcon_core.shell:Creating package script '/home/swayanshree/projects/Makara-AUV-ROS2/install/hammerhead_interfaces/share/hammerhead_interfaces/package.ps1'
[1.088s] INFO:colcon.colcon_core.shell:Creating package descriptor '/home/swayanshree/projects/Makara-AUV-ROS2/install/hammerhead_interfaces/share/hammerhead_interfaces/package.dsv'
[1.088s] INFO:colcon.colcon_core.shell:Creating package script '/home/swayanshree/projects/Makara-AUV-ROS2/install/hammerhead_interfaces/share/hammerhead_interfaces/package.sh'
[1.088s] INFO:colcon.colcon_core.shell:Creating package script '/home/swayanshree/projects/Makara-AUV-ROS2/install/hammerhead_interfaces/share/hammerhead_interfaces/package.bash'
[1.088s] INFO:colcon.colcon_core.shell:Creating package script '/home/swayanshree/projects/Makara-AUV-ROS2/install/hammerhead_interfaces/share/hammerhead_interfaces/package.zsh'
[1.089s] Level 1:colcon.colcon_core.environment:create_file_with_runtime_dependencies(/home/swayanshree/projects/Makara-AUV-ROS2/install/hammerhead_interfaces/share/colcon-core/packages/hammerhead_interfaces)
[1.089s] Level 1:colcon.colcon_core.environment:create_environment_scripts_only(hammerhead_interfaces)
[1.089s] Level 1:colcon.colcon_core.environment:checking '/home/swayanshree/projects/Makara-AUV-ROS2/install/hammerhead_interfaces' for CMake module files
[1.089s] Level 1:colcon.colcon_core.environment:checking '/home/swayanshree/projects/Makara-AUV-ROS2/install/hammerhead_interfaces' for CMake config files
[1.090s] Level 1:colcon.colcon_core.shell:create_environment_hook('hammerhead_interfaces', 'cmake_prefix_path')
[1.090s] INFO:colcon.colcon_core.shell:Creating environment hook '/home/swayanshree/projects/Makara-AUV-ROS2/install/hammerhead_interfaces/share/hammerhead_interfaces/hook/cmake_prefix_path.ps1'
[1.090s] INFO:colcon.colcon_core.shell:Creating environment descriptor '/home/swayanshree/projects/Makara-AUV-ROS2/install/hammerhead_interfaces/share/hammerhead_interfaces/hook/cmake_prefix_path.dsv'
[1.091s] INFO:colcon.colcon_core.shell:Creating environment hook '/home/swayanshree/projects/Makara-AUV-ROS2/install/hammerhead_interfaces/share/hammerhead_interfaces/hook/cmake_prefix_path.sh'
[1.091s] Level 1:colcon.colcon_core.environment:checking '/home/swayanshree/projects/Makara-AUV-ROS2/install/hammerhead_interfaces/lib'
[1.091s] Level 1:colcon.colcon_core.shell:create_environment_hook('hammerhead_interfaces', 'ld_library_path_lib')
[1.091s] INFO:colcon.colcon_core.shell:Creating environment hook '/home/swayanshree/projects/Makara-AUV-ROS2/install/hammerhead_interfaces/share/hammerhead_interfaces/hook/ld_library_path_lib.ps1'
[1.091s] INFO:colcon.colcon_core.shell:Creating environment descriptor '/home/swayanshree/projects/Makara-AUV-ROS2/install/hammerhead_interfaces/share/hammerhead_interfaces/hook/ld_library_path_lib.dsv'
[1.091s] INFO:colcon.colcon_core.shell:Creating environment hook '/home/swayanshree/projects/Makara-AUV-ROS2/install/hammerhead_interfaces/share/hammerhead_interfaces/hook/ld_library_path_lib.sh'
[1.092s] Level 1:colcon.colcon_core.environment:checking '/home/swayanshree/projects/Makara-AUV-ROS2/install/hammerhead_interfaces/bin'
[1.092s] Level 1:colcon.colcon_core.environment:checking '/home/swayanshree/projects/Makara-AUV-ROS2/install/hammerhead_interfaces/lib/pkgconfig/hammerhead_interfaces.pc'
[1.092s] Level 1:colcon.colcon_core.environment:checking '/home/swayanshree/projects/Makara-AUV-ROS2/install/hammerhead_interfaces/lib/python3.12/site-packages'
[1.092s] Level 1:colcon.colcon_core.shell:create_environment_hook('hammerhead_interfaces', 'pythonpath')
[1.092s] INFO:colcon.colcon_core.shell:Creating environment hook '/home/swayanshree/projects/Makara-AUV-ROS2/install/hammerhead_interfaces/share/hammerhead_interfaces/hook/pythonpath.ps1'
[1.092s] INFO:colcon.colcon_core.shell:Creating environment descriptor '/home/swayanshree/projects/Makara-AUV-ROS2/install/hammerhead_interfaces/share/hammerhead_interfaces/hook/pythonpath.dsv'
[1.092s] INFO:colcon.colcon_core.shell:Creating environment hook '/home/swayanshree/projects/Makara-AUV-ROS2/install/hammerhead_interfaces/share/hammerhead_interfaces/hook/pythonpath.sh'
[1.093s] Level 1:colcon.colcon_core.environment:checking '/home/swayanshree/projects/Makara-AUV-ROS2/install/hammerhead_interfaces/bin'
[1.093s] INFO:colcon.colcon_core.shell:Creating package script '/home/swayanshree/projects/Makara-AUV-ROS2/install/hammerhead_interfaces/share/hammerhead_interfaces/package.ps1'
[1.094s] INFO:colcon.colcon_core.shell:Creating package descriptor '/home/swayanshree/projects/Makara-AUV-ROS2/install/hammerhead_interfaces/share/hammerhead_interfaces/package.dsv'
[1.094s] INFO:colcon.colcon_core.shell:Creating package script '/home/swayanshree/projects/Makara-AUV-ROS2/install/hammerhead_interfaces/share/hammerhead_interfaces/package.sh'
[1.094s] INFO:colcon.colcon_core.shell:Creating package script '/home/swayanshree/projects/Makara-AUV-ROS2/install/hammerhead_interfaces/share/hammerhead_interfaces/package.bash'
[1.094s] INFO:colcon.colcon_core.shell:Creating package script '/home/swayanshree/projects/Makara-AUV-ROS2/install/hammerhead_interfaces/share/hammerhead_interfaces/package.zsh'
[1.095s] Level 1:colcon.colcon_core.environment:create_file_with_runtime_dependencies(/home/swayanshree/projects/Makara-AUV-ROS2/install/hammerhead_interfaces/share/colcon-core/packages/hammerhead_interfaces)
[1.095s] INFO:colcon.colcon_ros.task.ament_cmake.build:Building ROS package in '/home/swayanshree/projects/Makara-AUV-ROS2/src/ardupilot_attitude_control' with build type 'ament_cmake'
[1.095s] INFO:colcon.colcon_cmake.task.cmake.build:Building CMake package in '/home/swayanshree/projects/Makara-AUV-ROS2/src/ardupilot_attitude_control'
[1.095s] INFO:colcon.colcon_core.shell:Skip shell extension 'powershell' for command environment: Not usable outside of PowerShell
[1.095s] DEBUG:colcon.colcon_core.shell:Skip shell extension 'dsv' for command environment
[1.100s] INFO:colcon.colcon_ros.task.ament_python.build:Building ROS package in '/home/swayanshree/projects/Makara-AUV-ROS2/src/hammerhead_serial' with build type 'ament_python'
[1.100s] Level 1:colcon.colcon_core.shell:create_environment_hook('hammerhead_serial', 'ament_prefix_path')
[1.100s] INFO:colcon.colcon_core.shell:Creating environment hook '/home/swayanshree/projects/Makara-AUV-ROS2/install/hammerhead_serial/share/hammerhead_serial/hook/ament_prefix_path.ps1'
[1.101s] INFO:colcon.colcon_core.shell:Creating environment descriptor '/home/swayanshree/projects/Makara-AUV-ROS2/install/hammerhead_serial/share/hammerhead_serial/hook/ament_prefix_path.dsv'
[1.103s] INFO:colcon.colcon_core.shell:Creating environment hook '/home/swayanshree/projects/Makara-AUV-ROS2/install/hammerhead_serial/share/hammerhead_serial/hook/ament_prefix_path.sh'
[1.104s] INFO:colcon.colcon_core.shell:Skip shell extension 'powershell' for command environment: Not usable outside of PowerShell
[1.104s] DEBUG:colcon.colcon_core.shell:Skip shell extension 'dsv' for command environment
[1.108s] INFO:colcon.colcon_ros.task.ament_cmake.build:Building ROS package in '/home/swayanshree/projects/Makara-AUV-ROS2/src/makara_control' with build type 'ament_cmake'
[1.108s] INFO:colcon.colcon_cmake.task.cmake.build:Building CMake package in '/home/swayanshree/projects/Makara-AUV-ROS2/src/makara_control'
[1.108s] INFO:colcon.colcon_core.shell:Skip shell extension 'powershell' for command environment: Not usable outside of PowerShell
[1.108s] DEBUG:colcon.colcon_core.shell:Skip shell extension 'dsv' for command environment
[1.113s] INFO:colcon.colcon_ros.task.ament_python.build:Building ROS package in '/home/swayanshree/projects/Makara-AUV-ROS2/src/makara_serial' with build type 'ament_python'
[1.113s] Level 1:colcon.colcon_core.shell:create_environment_hook('makara_serial', 'ament_prefix_path')
[1.113s] INFO:colcon.colcon_core.shell:Creating environment hook '/home/swayanshree/projects/Makara-AUV-ROS2/install/makara_serial/share/makara_serial/hook/ament_prefix_path.ps1'
[1.114s] INFO:colcon.colcon_core.shell:Creating environment descriptor '/home/swayanshree/projects/Makara-AUV-ROS2/install/makara_serial/share/makara_serial/hook/ament_prefix_path.dsv'
[1.114s] INFO:colcon.colcon_core.shell:Creating environment hook '/home/swayanshree/projects/Makara-AUV-ROS2/install/makara_serial/share/makara_serial/hook/ament_prefix_path.sh'
[1.114s] INFO:colcon.colcon_core.shell:Skip shell extension 'powershell' for command environment: Not usable outside of PowerShell
[1.114s] DEBUG:colcon.colcon_core.shell:Skip shell extension 'dsv' for command environment
[1.125s] DEBUG:colcon.colcon_core.event_handler.log_command:Invoking command in '/home/swayanshree/projects/Makara-AUV-ROS2/build/ardupilot_attitude_control': AMENT_PREFIX_PATH=/home/swayanshree/projects/Makara-AUV-ROS2/install/hammerhead_interfaces:${AMENT_PREFIX_PATH} CMAKE_PREFIX_PATH=/home/swayanshree/projects/Makara-AUV-ROS2/install/hammerhead_interfaces:/opt/ros/jazzy/opt/gz_sim_vendor:/opt/ros/jazzy/opt/gz_sensors_vendor:/opt/ros/jazzy/opt/gz_physics_vendor:/opt/ros/jazzy/opt/sdformat_vendor:/opt/ros/jazzy/opt/gz_gui_vendor:/opt/ros/jazzy/opt/gz_transport_vendor:/opt/ros/jazzy/opt/gz_rendering_vendor:/opt/ros/jazzy/opt/gz_plugin_vendor:/opt/ros/jazzy/opt/gz_fuel_tools_vendor:/opt/ros/jazzy/opt/gz_msgs_vendor:/opt/ros/jazzy/opt/gz_common_vendor:/opt/ros/jazzy/opt/gz_math_vendor:/opt/ros/jazzy/opt/gz_utils_vendor:/opt/ros/jazzy/opt/gz_tools_vendor:/opt/ros/jazzy/opt/gz_ogre_next_vendor:/opt/ros/jazzy/opt/gz_dartsim_vendor:/opt/ros/jazzy/opt/gz_cmake_vendor:/opt/ros/jazzy DEBUGINFOD_URLS=https://debuginfod.ubuntu.com LD_LIBRARY_PATH=/home/swayanshree/projects/Makara-AUV-ROS2/install/hammerhead_interfaces/lib:${LD_LIBRARY_PATH} PYTHONPATH=/home/swayanshree/projects/Makara-AUV-ROS2/install/hammerhead_interfaces/lib/python3.12/site-packages:${PYTHONPATH} /usr/bin/cmake --build /home/swayanshree/projects/Makara-AUV-ROS2/build/ardupilot_attitude_control -- -j16 -l16
[1.280s] INFO:colcon.colcon_core.task.python.build:Building Python package in '/home/swayanshree/projects/Makara-AUV-ROS2/src/hammerhead_serial'
[1.280s] INFO:colcon.colcon_core.shell:Skip shell extension 'powershell' for command environment: Not usable outside of PowerShell
[1.280s] DEBUG:colcon.colcon_core.shell:Skip shell extension 'dsv' for command environment
[1.285s] DEBUG:colcon.colcon_core.event_handler.log_command:Invoking command in '/home/swayanshree/projects/Makara-AUV-ROS2/build/makara_control': AMENT_PREFIX_PATH=/home/swayanshree/projects/Makara-AUV-ROS2/install/makara_interfaces:${AMENT_PREFIX_PATH} CMAKE_PREFIX_PATH=/home/swayanshree/projects/Makara-AUV-ROS2/install/makara_interfaces:/opt/ros/jazzy/opt/gz_sim_vendor:/opt/ros/jazzy/opt/gz_sensors_vendor:/opt/ros/jazzy/opt/gz_physics_vendor:/opt/ros/jazzy/opt/sdformat_vendor:/opt/ros/jazzy/opt/gz_gui_vendor:/opt/ros/jazzy/opt/gz_transport_vendor:/opt/ros/jazzy/opt/gz_rendering_vendor:/opt/ros/jazzy/opt/gz_plugin_vendor:/opt/ros/jazzy/opt/gz_fuel_tools_vendor:/opt/ros/jazzy/opt/gz_msgs_vendor:/opt/ros/jazzy/opt/gz_common_vendor:/opt/ros/jazzy/opt/gz_math_vendor:/opt/ros/jazzy/opt/gz_utils_vendor:/opt/ros/jazzy/opt/gz_tools_vendor:/opt/ros/jazzy/opt/gz_ogre_next_vendor:/opt/ros/jazzy/opt/gz_dartsim_vendor:/opt/ros/jazzy/opt/gz_cmake_vendor:/opt/ros/jazzy DEBUGINFOD_URLS=https://debuginfod.ubuntu.com LD_LIBRARY_PATH=/home/swayanshree/projects/Makara-AUV-ROS2/install/makara_interfaces/lib:${LD_LIBRARY_PATH} PYTHONPATH=/home/swayanshree/projects/Makara-AUV-ROS2/install/makara_interfaces/lib/python3.12/site-packages:${PYTHONPATH} /usr/bin/cmake --build /home/swayanshree/projects/Makara-AUV-ROS2/build/makara_control -- -j16 -l16
[1.439s] INFO:colcon.colcon_core.task.python.build:Building Python package in '/home/swayanshree/projects/Makara-AUV-ROS2/src/makara_serial'
[1.439s] INFO:colcon.colcon_core.shell:Skip shell extension 'powershell' for command environment: Not usable outside of PowerShell
[1.439s] DEBUG:colcon.colcon_core.shell:Skip shell extension 'dsv' for command environment
[1.442s] DEBUG:colcon.colcon_core.event_handler.log_command:Invoked command in '/home/swayanshree/projects/Makara-AUV-ROS2/build/ardupilot_attitude_control' returned '0': AMENT_PREFIX_PATH=/home/swayanshree/projects/Makara-AUV-ROS2/install/hammerhead_interfaces:${AMENT_PREFIX_PATH} CMAKE_PREFIX_PATH=/home/swayanshree/projects/Makara-AUV-ROS2/install/hammerhead_interfaces:/opt/ros/jazzy/opt/gz_sim_vendor:/opt/ros/jazzy/opt/gz_sensors_vendor:/opt/ros/jazzy/opt/gz_physics_vendor:/opt/ros/jazzy/opt/sdformat_vendor:/opt/ros/jazzy/opt/gz_gui_vendor:/opt/ros/jazzy/opt/gz_transport_vendor:/opt/ros/jazzy/opt/gz_rendering_vendor:/opt/ros/jazzy/opt/gz_plugin_vendor:/opt/ros/jazzy/opt/gz_fuel_tools_vendor:/opt/ros/jazzy/opt/gz_msgs_vendor:/opt/ros/jazzy/opt/gz_common_vendor:/opt/ros/jazzy/opt/gz_math_vendor:/opt/ros/jazzy/opt/gz_utils_vendor:/opt/ros/jazzy/opt/gz_tools_vendor:/opt/ros/jazzy/opt/gz_ogre_next_vendor:/opt/ros/jazzy/opt/gz_dartsim_vendor:/opt/ros/jazzy/opt/gz_cmake_vendor:/opt/ros/jazzy DEBUGINFOD_URLS=https://debuginfod.ubuntu.com LD_LIBRARY_PATH=/home/swayanshree/projects/Makara-AUV-ROS2/install/hammerhead_interfaces/lib:${LD_LIBRARY_PATH} PYTHONPATH=/home/swayanshree/projects/Makara-AUV-ROS2/install/hammerhead_interfaces/lib/python3.12/site-packages:${PYTHONPATH} /usr/bin/cmake --build /home/swayanshree/projects/Makara-AUV-ROS2/build/ardupilot_attitude_control -- -j16 -l16
[1.447s] DEBUG:colcon.colcon_core.event_handler.log_command:Invoking command in '/home/swayanshree/projects/Makara-AUV-ROS2/build/ardupilot_attitude_control': AMENT_PREFIX_PATH=/home/swayanshree/projects/Makara-AUV-ROS2/install/hammerhead_interfaces:${AMENT_PREFIX_PATH} CMAKE_PREFIX_PATH=/home/swayanshree/projects/Makara-AUV-ROS2/install/hammerhead_interfaces:/opt/ros/jazzy/opt/gz_sim_vendor:/opt/ros/jazzy/opt/gz_sensors_vendor:/opt/ros/jazzy/opt/gz_physics_vendor:/opt/ros/jazzy/opt/sdformat_vendor:/opt/ros/jazzy/opt/gz_gui_vendor:/opt/ros/jazzy/opt/gz_transport_vendor:/opt/ros/jazzy/opt/gz_rendering_vendor:/opt/ros/jazzy/opt/gz_plugin_vendor:/opt/ros/jazzy/opt/gz_fuel_tools_vendor:/opt/ros/jazzy/opt/gz_msgs_vendor:/opt/ros/jazzy/opt/gz_common_vendor:/opt/ros/jazzy/opt/gz_math_vendor:/opt/ros/jazzy/opt/gz_utils_vendor:/opt/ros/jazzy/opt/gz_tools_vendor:/opt/ros/jazzy/opt/gz_ogre_next_vendor:/opt/ros/jazzy/opt/gz_dartsim_vendor:/opt/ros/jazzy/opt/gz_cmake_vendor:/opt/ros/jazzy DEBUGINFOD_URLS=https://debuginfod.ubuntu.com LD_LIBRARY_PATH=/home/swayanshree/projects/Makara-AUV-ROS2/install/hammerhead_interfaces/lib:${LD_LIBRARY_PATH} PYTHONPATH=/home/swayanshree/projects/Makara-AUV-ROS2/install/hammerhead_interfaces/lib/python3.12/site-packages:${PYTHONPATH} /usr/bin/cmake --install /home/swayanshree/projects/Makara-AUV-ROS2/build/ardupilot_attitude_control
[1.450s] DEBUG:colcon.colcon_core.event_handler.log_command:Invoking command in '/home/swayanshree/projects/Makara-AUV-ROS2/src/data_sync': DEBUGINFOD_URLS=https://debuginfod.ubuntu.com PYTHONPATH=/home/swayanshree/projects/Makara-AUV-ROS2/build/data_sync/prefix_override:/usr/lib/python3/dist-packages/colcon_core/task/python/colcon_distutils_commands:/home/swayanshree/projects/Makara-AUV-ROS2/install/data_sync/lib/python3.12/site-packages:${PYTHONPATH} /usr/bin/python3 -W ignore:setup.py install is deprecated -W ignore:easy_install command is deprecated setup.py egg_info --egg-base ../../build/data_sync build --build-base /home/swayanshree/projects/Makara-AUV-ROS2/build/data_sync/build install --record /home/swayanshree/projects/Makara-AUV-ROS2/build/data_sync/install.log --single-version-externally-managed install_data
[1.452s] DEBUG:colcon.colcon_core.event_handler.log_command:Invoking command in '/home/swayanshree/projects/Makara-AUV-ROS2/src/uuv_gazebo_ros_plugins': DEBUGINFOD_URLS=https://debuginfod.ubuntu.com PYTHONPATH=/home/swayanshree/projects/Makara-AUV-ROS2/build/uuv_gazebo_ros_plugins/prefix_override:/usr/lib/python3/dist-packages/colcon_core/task/python/colcon_distutils_commands:/home/swayanshree/projects/Makara-AUV-ROS2/install/uuv_gazebo_ros_plugins/lib/python3.12/site-packages:${PYTHONPATH} /usr/bin/python3 -W ignore:setup.py install is deprecated -W ignore:easy_install command is deprecated setup.py egg_info --egg-base ../../build/uuv_gazebo_ros_plugins build --build-base /home/swayanshree/projects/Makara-AUV-ROS2/build/uuv_gazebo_ros_plugins/build install --record /home/swayanshree/projects/Makara-AUV-ROS2/build/uuv_gazebo_ros_plugins/install.log --single-version-externally-managed install_data
[1.452s] DEBUG:colcon.colcon_core.event_handler.log_command:Invoked command in '/home/swayanshree/projects/Makara-AUV-ROS2/build/makara_control' returned '0': AMENT_PREFIX_PATH=/home/swayanshree/projects/Makara-AUV-ROS2/install/makara_interfaces:${AMENT_PREFIX_PATH} CMAKE_PREFIX_PATH=/home/swayanshree/projects/Makara-AUV-ROS2/install/makara_interfaces:/opt/ros/jazzy/opt/gz_sim_vendor:/opt/ros/jazzy/opt/gz_sensors_vendor:/opt/ros/jazzy/opt/gz_physics_vendor:/opt/ros/jazzy/opt/sdformat_vendor:/opt/ros/jazzy/opt/gz_gui_vendor:/opt/ros/jazzy/opt/gz_transport_vendor:/opt/ros/jazzy/opt/gz_rendering_vendor:/opt/ros/jazzy/opt/gz_plugin_vendor:/opt/ros/jazzy/opt/gz_fuel_tools_vendor:/opt/ros/jazzy/opt/gz_msgs_vendor:/opt/ros/jazzy/opt/gz_common_vendor:/opt/ros/jazzy/opt/gz_math_vendor:/opt/ros/jazzy/opt/gz_utils_vendor:/opt/ros/jazzy/opt/gz_tools_vendor:/opt/ros/jazzy/opt/gz_ogre_next_vendor:/opt/ros/jazzy/opt/gz_dartsim_vendor:/opt/ros/jazzy/opt/gz_cmake_vendor:/opt/ros/jazzy DEBUGINFOD_URLS=https://debuginfod.ubuntu.com LD_LIBRARY_PATH=/home/swayanshree/projects/Makara-AUV-ROS2/install/makara_interfaces/lib:${LD_LIBRARY_PATH} PYTHONPATH=/home/swayanshree/projects/Makara-AUV-ROS2/install/makara_interfaces/lib/python3.12/site-packages:${PYTHONPATH} /usr/bin/cmake --build /home/swayanshree/projects/Makara-AUV-ROS2/build/makara_control -- -j16 -l16
[1.453s] DEBUG:colcon.colcon_core.event_handler.log_command:Invoking command in '/home/swayanshree/projects/Makara-AUV-ROS2/build/makara_control': AMENT_PREFIX_PATH=/home/swayanshree/projects/Makara-AUV-ROS2/install/makara_interfaces:${AMENT_PREFIX_PATH} CMAKE_PREFIX_PATH=/home/swayanshree/projects/Makara-AUV-ROS2/install/makara_interfaces:/opt/ros/jazzy/opt/gz_sim_vendor:/opt/ros/jazzy/opt/gz_sensors_vendor:/opt/ros/jazzy/opt/gz_physics_vendor:/opt/ros/jazzy/opt/sdformat_vendor:/opt/ros/jazzy/opt/gz_gui_vendor:/opt/ros/jazzy/opt/gz_transport_vendor:/opt/ros/jazzy/opt/gz_rendering_vendor:/opt/ros/jazzy/opt/gz_plugin_vendor:/opt/ros/jazzy/opt/gz_fuel_tools_vendor:/opt/ros/jazzy/opt/gz_msgs_vendor:/opt/ros/jazzy/opt/gz_common_vendor:/opt/ros/jazzy/opt/gz_math_vendor:/opt/ros/jazzy/opt/gz_utils_vendor:/opt/ros/jazzy/opt/gz_tools_vendor:/opt/ros/jazzy/opt/gz_ogre_next_vendor:/opt/ros/jazzy/opt/gz_dartsim_vendor:/opt/ros/jazzy/opt/gz_cmake_vendor:/opt/ros/jazzy DEBUGINFOD_URLS=https://debuginfod.ubuntu.com LD_LIBRARY_PATH=/home/swayanshree/projects/Makara-AUV-ROS2/install/makara_interfaces/lib:${LD_LIBRARY_PATH} PYTHONPATH=/home/swayanshree/projects/Makara-AUV-ROS2/install/makara_interfaces/lib/python3.12/site-packages:${PYTHONPATH} /usr/bin/cmake --install /home/swayanshree/projects/Makara-AUV-ROS2/build/makara_control
[1.455s] DEBUG:colcon.colcon_core.event_handler.log_command:Invoking command in '/home/swayanshree/projects/Makara-AUV-ROS2/src/makara_vision': DEBUGINFOD_URLS=https://debuginfod.ubuntu.com PYTHONPATH=/home/swayanshree/projects/Makara-AUV-ROS2/build/makara_vision/prefix_override:/usr/lib/python3/dist-packages/colcon_core/task/python/colcon_distutils_commands:/home/swayanshree/projects/Makara-AUV-ROS2/install/makara_vision/lib/python3.12/site-packages:${PYTHONPATH} /usr/bin/python3 -W ignore:setup.py install is deprecated -W ignore:easy_install command is deprecated setup.py egg_info --egg-base ../../build/makara_vision build --build-base /home/swayanshree/projects/Makara-AUV-ROS2/build/makara_vision/build install --record /home/swayanshree/projects/Makara-AUV-ROS2/build/makara_vision/install.log --single-version-externally-managed install_data
[1.460s] Level 1:colcon.colcon_core.environment:create_environment_scripts_only(ardupilot_attitude_control)
[1.460s] Level 1:colcon.colcon_core.environment:checking '/home/swayanshree/projects/Makara-AUV-ROS2/install/ardupilot_attitude_control' for CMake module files
[1.461s] DEBUG:colcon.colcon_core.event_handler.log_command:Invoked command in '/home/swayanshree/projects/Makara-AUV-ROS2/build/ardupilot_attitude_control' returned '0': AMENT_PREFIX_PATH=/home/swayanshree/projects/Makara-AUV-ROS2/install/hammerhead_interfaces:${AMENT_PREFIX_PATH} CMAKE_PREFIX_PATH=/home/swayanshree/projects/Makara-AUV-ROS2/install/hammerhead_interfaces:/opt/ros/jazzy/opt/gz_sim_vendor:/opt/ros/jazzy/opt/gz_sensors_vendor:/opt/ros/jazzy/opt/gz_physics_vendor:/opt/ros/jazzy/opt/sdformat_vendor:/opt/ros/jazzy/opt/gz_gui_vendor:/opt/ros/jazzy/opt/gz_transport_vendor:/opt/ros/jazzy/opt/gz_rendering_vendor:/opt/ros/jazzy/opt/gz_plugin_vendor:/opt/ros/jazzy/opt/gz_fuel_tools_vendor:/opt/ros/jazzy/opt/gz_msgs_vendor:/opt/ros/jazzy/opt/gz_common_vendor:/opt/ros/jazzy/opt/gz_math_vendor:/opt/ros/jazzy/opt/gz_utils_vendor:/opt/ros/jazzy/opt/gz_tools_vendor:/opt/ros/jazzy/opt/gz_ogre_next_vendor:/opt/ros/jazzy/opt/gz_dartsim_vendor:/opt/ros/jazzy/opt/gz_cmake_vendor:/opt/ros/jazzy DEBUGINFOD_URLS=https://debuginfod.ubuntu.com LD_LIBRARY_PATH=/home/swayanshree/projects/Makara-AUV-ROS2/install/hammerhead_interfaces/lib:${LD_LIBRARY_PATH} PYTHONPATH=/home/swayanshree/projects/Makara-AUV-ROS2/install/hammerhead_interfaces/lib/python3.12/site-packages:${PYTHONPATH} /usr/bin/cmake --install /home/swayanshree/projects/Makara-AUV-ROS2/build/ardupilot_attitude_control
[1.461s] Level 1:colcon.colcon_core.environment:checking '/home/swayanshree/projects/Makara-AUV-ROS2/install/ardupilot_attitude_control' for CMake config files
[1.461s] Level 1:colcon.colcon_core.shell:create_environment_hook('ardupilot_attitude_control', 'cmake_prefix_path')
[1.461s] INFO:colcon.colcon_core.shell:Creating environment hook '/home/swayanshree/projects/Makara-AUV-ROS2/install/ardupilot_attitude_control/share/ardupilot_attitude_control/hook/cmake_prefix_path.ps1'
[1.462s] INFO:colcon.colcon_core.shell:Creating environment descriptor '/home/swayanshree/projects/Makara-AUV-ROS2/install/ardupilot_attitude_control/share/ardupilot_attitude_control/hook/cmake_prefix_path.dsv'
[1.462s] INFO:colcon.colcon_core.shell:Creating environment hook '/home/swayanshree/projects/Makara-AUV-ROS2/install/ardupilot_attitude_control/share/ardupilot_attitude_control/hook/cmake_prefix_path.sh'
[1.462s] Level 1:colcon.colcon_core.environment:checking '/home/swayanshree/projects/Makara-AUV-ROS2/install/ardupilot_attitude_control/lib'
[1.462s] Level 1:colcon.colcon_core.environment:checking '/home/swayanshree/projects/Makara-AUV-ROS2/install/ardupilot_attitude_control/bin'
[1.462s] Level 1:colcon.colcon_core.environment:checking '/home/swayanshree/projects/Makara-AUV-ROS2/install/ardupilot_attitude_control/lib/pkgconfig/ardupilot_attitude_control.pc'
[1.462s] Level 1:colcon.colcon_core.environment:checking '/home/swayanshree/projects/Makara-AUV-ROS2/install/ardupilot_attitude_control/lib/python3.12/site-packages'
[1.463s] Level 1:colcon.colcon_core.environment:checking '/home/swayanshree/projects/Makara-AUV-ROS2/install/ardupilot_attitude_control/bin'
[1.463s] INFO:colcon.colcon_core.shell:Creating package script '/home/swayanshree/projects/Makara-AUV-ROS2/install/ardupilot_attitude_control/share/ardupilot_attitude_control/package.ps1'
[1.463s] INFO:colcon.colcon_core.shell:Creating package descriptor '/home/swayanshree/projects/Makara-AUV-ROS2/install/ardupilot_attitude_control/share/ardupilot_attitude_control/package.dsv'
[1.463s] INFO:colcon.colcon_core.shell:Creating package script '/home/swayanshree/projects/Makara-AUV-ROS2/install/ardupilot_attitude_control/share/ardupilot_attitude_control/package.sh'
[1.464s] INFO:colcon.colcon_core.shell:Creating package script '/home/swayanshree/projects/Makara-AUV-ROS2/install/ardupilot_attitude_control/share/ardupilot_attitude_control/package.bash'
[1.464s] INFO:colcon.colcon_core.shell:Creating package script '/home/swayanshree/projects/Makara-AUV-ROS2/install/ardupilot_attitude_control/share/ardupilot_attitude_control/package.zsh'
[1.464s] Level 1:colcon.colcon_core.environment:create_file_with_runtime_dependencies(/home/swayanshree/projects/Makara-AUV-ROS2/install/ardupilot_attitude_control/share/colcon-core/packages/ardupilot_attitude_control)
[1.467s] Level 1:colcon.colcon_core.environment:create_environment_scripts_only(ardupilot_attitude_control)
[1.467s] Level 1:colcon.colcon_core.environment:checking '/home/swayanshree/projects/Makara-AUV-ROS2/install/ardupilot_attitude_control' for CMake module files
[1.468s] Level 1:colcon.colcon_core.environment:checking '/home/swayanshree/projects/Makara-AUV-ROS2/install/ardupilot_attitude_control' for CMake config files
[1.469s] Level 1:colcon.colcon_core.shell:create_environment_hook('ardupilot_attitude_control', 'cmake_prefix_path')
[1.469s] INFO:colcon.colcon_core.shell:Creating environment hook '/home/swayanshree/projects/Makara-AUV-ROS2/install/ardupilot_attitude_control/share/ardupilot_attitude_control/hook/cmake_prefix_path.ps1'
[1.473s] INFO:colcon.colcon_core.shell:Creating environment descriptor '/home/swayanshree/projects/Makara-AUV-ROS2/install/ardupilot_attitude_control/share/ardupilot_attitude_control/hook/cmake_prefix_path.dsv'
[1.473s] INFO:colcon.colcon_core.shell:Creating environment hook '/home/swayanshree/projects/Makara-AUV-ROS2/install/ardupilot_attitude_control/share/ardupilot_attitude_control/hook/cmake_prefix_path.sh'
[1.474s] Level 1:colcon.colcon_core.environment:checking '/home/swayanshree/projects/Makara-AUV-ROS2/install/ardupilot_attitude_control/lib'
[1.474s] Level 1:colcon.colcon_core.environment:checking '/home/swayanshree/projects/Makara-AUV-ROS2/install/ardupilot_attitude_control/bin'
[1.474s] Level 1:colcon.colcon_core.environment:checking '/home/swayanshree/projects/Makara-AUV-ROS2/install/ardupilot_attitude_control/lib/pkgconfig/ardupilot_attitude_control.pc'
[1.474s] Level 1:colcon.colcon_core.environment:checking '/home/swayanshree/projects/Makara-AUV-ROS2/install/ardupilot_attitude_control/lib/python3.12/site-packages'
[1.474s] Level 1:colcon.colcon_core.environment:checking '/home/swayanshree/projects/Makara-AUV-ROS2/install/ardupilot_attitude_control/bin'
[1.474s] INFO:colcon.colcon_core.shell:Creating package script '/home/swayanshree/projects/Makara-AUV-ROS2/install/ardupilot_attitude_control/share/ardupilot_attitude_control/package.ps1'
[1.475s] INFO:colcon.colcon_core.shell:Creating package descriptor '/home/swayanshree/projects/Makara-AUV-ROS2/install/ardupilot_attitude_control/share/ardupilot_attitude_control/package.dsv'
[1.475s] INFO:colcon.colcon_core.shell:Creating package script '/home/swayanshree/projects/Makara-AUV-ROS2/install/ardupilot_attitude_control/share/ardupilot_attitude_control/package.sh'
[1.475s] INFO:colcon.colcon_core.shell:Creating package script '/home/swayanshree/projects/Makara-AUV-ROS2/install/ardupilot_attitude_control/share/ardupilot_attitude_control/package.bash'
[1.475s] INFO:colcon.colcon_core.shell:Creating package script '/home/swayanshree/projects/Makara-AUV-ROS2/install/ardupilot_attitude_control/share/ardupilot_attitude_control/package.zsh'
[1.476s] Level 1:colcon.colcon_core.environment:create_file_with_runtime_dependencies(/home/swayanshree/projects/Makara-AUV-ROS2/install/ardupilot_attitude_control/share/colcon-core/packages/ardupilot_attitude_control)
[1.479s] Level 1:colcon.colcon_core.environment:create_environment_scripts_only(makara_control)
[1.479s] Level 1:colcon.colcon_core.environment:checking '/home/swayanshree/projects/Makara-AUV-ROS2/install/makara_control' for CMake module files
[1.480s] DEBUG:colcon.colcon_core.event_handler.log_command:Invoked command in '/home/swayanshree/projects/Makara-AUV-ROS2/build/makara_control' returned '0': AMENT_PREFIX_PATH=/home/swayanshree/projects/Makara-AUV-ROS2/install/makara_interfaces:${AMENT_PREFIX_PATH} CMAKE_PREFIX_PATH=/home/swayanshree/projects/Makara-AUV-ROS2/install/makara_interfaces:/opt/ros/jazzy/opt/gz_sim_vendor:/opt/ros/jazzy/opt/gz_sensors_vendor:/opt/ros/jazzy/opt/gz_physics_vendor:/opt/ros/jazzy/opt/sdformat_vendor:/opt/ros/jazzy/opt/gz_gui_vendor:/opt/ros/jazzy/opt/gz_transport_vendor:/opt/ros/jazzy/opt/gz_rendering_vendor:/opt/ros/jazzy/opt/gz_plugin_vendor:/opt/ros/jazzy/opt/gz_fuel_tools_vendor:/opt/ros/jazzy/opt/gz_msgs_vendor:/opt/ros/jazzy/opt/gz_common_vendor:/opt/ros/jazzy/opt/gz_math_vendor:/opt/ros/jazzy/opt/gz_utils_vendor:/opt/ros/jazzy/opt/gz_tools_vendor:/opt/ros/jazzy/opt/gz_ogre_next_vendor:/opt/ros/jazzy/opt/gz_dartsim_vendor:/opt/ros/jazzy/opt/gz_cmake_vendor:/opt/ros/jazzy DEBUGINFOD_URLS=https://debuginfod.ubuntu.com LD_LIBRARY_PATH=/home/swayanshree/projects/Makara-AUV-ROS2/install/makara_interfaces/lib:${LD_LIBRARY_PATH} PYTHONPATH=/home/swayanshree/projects/Makara-AUV-ROS2/install/makara_interfaces/lib/python3.12/site-packages:${PYTHONPATH} /usr/bin/cmake --install /home/swayanshree/projects/Makara-AUV-ROS2/build/makara_control
[1.480s] Level 1:colcon.colcon_core.environment:checking '/home/swayanshree/projects/Makara-AUV-ROS2/install/makara_control' for CMake config files
[1.480s] Level 1:colcon.colcon_core.shell:create_environment_hook('makara_control', 'cmake_prefix_path')
[1.480s] INFO:colcon.colcon_core.shell:Creating environment hook '/home/swayanshree/projects/Makara-AUV-ROS2/install/makara_control/share/makara_control/hook/cmake_prefix_path.ps1'
[1.480s] INFO:colcon.colcon_core.shell:Creating environment descriptor '/home/swayanshree/projects/Makara-AUV-ROS2/install/makara_control/share/makara_control/hook/cmake_prefix_path.dsv'
[1.481s] INFO:colcon.colcon_core.shell:Creating environment hook '/home/swayanshree/projects/Makara-AUV-ROS2/install/makara_control/share/makara_control/hook/cmake_prefix_path.sh'
[1.481s] Level 1:colcon.colcon_core.environment:checking '/home/swayanshree/projects/Makara-AUV-ROS2/install/makara_control/lib'
[1.481s] Level 1:colcon.colcon_core.environment:checking '/home/swayanshree/projects/Makara-AUV-ROS2/install/makara_control/bin'
[1.481s] Level 1:colcon.colcon_core.environment:checking '/home/swayanshree/projects/Makara-AUV-ROS2/install/makara_control/lib/pkgconfig/makara_control.pc'
[1.481s] Level 1:colcon.colcon_core.environment:checking '/home/swayanshree/projects/Makara-AUV-ROS2/install/makara_control/lib/python3.12/site-packages'
[1.481s] Level 1:colcon.colcon_core.environment:checking '/home/swayanshree/projects/Makara-AUV-ROS2/install/makara_control/bin'
[1.482s] INFO:colcon.colcon_core.shell:Creating package script '/home/swayanshree/projects/Makara-AUV-ROS2/install/makara_control/share/makara_control/package.ps1'
[1.482s] INFO:colcon.colcon_core.shell:Creating package descriptor '/home/swayanshree/projects/Makara-AUV-ROS2/install/makara_control/share/makara_control/package.dsv'
[1.483s] INFO:colcon.colcon_core.shell:Creating package script '/home/swayanshree/projects/Makara-AUV-ROS2/install/makara_control/share/makara_control/package.sh'
[1.483s] INFO:colcon.colcon_core.shell:Creating package script '/home/swayanshree/projects/Makara-AUV-ROS2/install/makara_control/share/makara_control/package.bash'
[1.483s] INFO:colcon.colcon_core.shell:Creating package script '/home/swayanshree/projects/Makara-AUV-ROS2/install/makara_control/share/makara_control/package.zsh'
[1.484s] Level 1:colcon.colcon_core.environment:create_file_with_runtime_dependencies(/home/swayanshree/projects/Makara-AUV-ROS2/install/makara_control/share/colcon-core/packages/makara_control)
[1.484s] Level 1:colcon.colcon_core.environment:create_environment_scripts_only(makara_control)
[1.484s] Level 1:colcon.colcon_core.environment:checking '/home/swayanshree/projects/Makara-AUV-ROS2/install/makara_control' for CMake module files
[1.485s] Level 1:colcon.colcon_core.environment:checking '/home/swayanshree/projects/Makara-AUV-ROS2/install/makara_control' for CMake config files
[1.485s] Level 1:colcon.colcon_core.shell:create_environment_hook('makara_control', 'cmake_prefix_path')
[1.485s] INFO:colcon.colcon_core.shell:Creating environment hook '/home/swayanshree/projects/Makara-AUV-ROS2/install/makara_control/share/makara_control/hook/cmake_prefix_path.ps1'
[1.486s] INFO:colcon.colcon_core.shell:Creating environment descriptor '/home/swayanshree/projects/Makara-AUV-ROS2/install/makara_control/share/makara_control/hook/cmake_prefix_path.dsv'
[1.486s] INFO:colcon.colcon_core.shell:Creating environment hook '/home/swayanshree/projects/Makara-AUV-ROS2/install/makara_control/share/makara_control/hook/cmake_prefix_path.sh'
[1.505s] Level 1:colcon.colcon_core.environment:checking '/home/swayanshree/projects/Makara-AUV-ROS2/install/makara_control/lib'
[1.505s] Level 1:colcon.colcon_core.environment:checking '/home/swayanshree/projects/Makara-AUV-ROS2/install/makara_control/bin'
[1.505s] Level 1:colcon.colcon_core.environment:checking '/home/swayanshree/projects/Makara-AUV-ROS2/install/makara_control/lib/pkgconfig/makara_control.pc'
[1.505s] Level 1:colcon.colcon_core.environment:checking '/home/swayanshree/projects/Makara-AUV-ROS2/install/makara_control/lib/python3.12/site-packages'
[1.506s] Level 1:colcon.colcon_core.environment:checking '/home/swayanshree/projects/Makara-AUV-ROS2/install/makara_control/bin'
[1.506s] INFO:colcon.colcon_core.shell:Creating package script '/home/swayanshree/projects/Makara-AUV-ROS2/install/makara_control/share/makara_control/package.ps1'
[1.507s] INFO:colcon.colcon_core.shell:Creating package descriptor '/home/swayanshree/projects/Makara-AUV-ROS2/install/makara_control/share/makara_control/package.dsv'
[1.507s] INFO:colcon.colcon_core.shell:Creating package script '/home/swayanshree/projects/Makara-AUV-ROS2/install/makara_control/share/makara_control/package.sh'
[1.508s] INFO:colcon.colcon_core.shell:Creating package script '/home/swayanshree/projects/Makara-AUV-ROS2/install/makara_control/share/makara_control/package.bash'
[1.508s] INFO:colcon.colcon_core.shell:Creating package script '/home/swayanshree/projects/Makara-AUV-ROS2/install/makara_control/share/makara_control/package.zsh'
[1.509s] Level 1:colcon.colcon_core.environment:create_file_with_runtime_dependencies(/home/swayanshree/projects/Makara-AUV-ROS2/install/makara_control/share/colcon-core/packages/makara_control)
[1.559s] DEBUG:colcon.colcon_core.event_handler.log_command:Invoking command in '/home/swayanshree/projects/Makara-AUV-ROS2/src/uuv_sensor_ros_plugins': DEBUGINFOD_URLS=https://debuginfod.ubuntu.com PYTHONPATH=/home/swayanshree/projects/Makara-AUV-ROS2/build/uuv_sensor_ros_plugins/prefix_override:/usr/lib/python3/dist-packages/colcon_core/task/python/colcon_distutils_commands:/home/swayanshree/projects/Makara-AUV-ROS2/install/uuv_sensor_ros_plugins/lib/python3.12/site-packages:${PYTHONPATH} /usr/bin/python3 -W ignore:setup.py install is deprecated -W ignore:easy_install command is deprecated setup.py egg_info --egg-base ../../build/uuv_sensor_ros_plugins build --build-base /home/swayanshree/projects/Makara-AUV-ROS2/build/uuv_sensor_ros_plugins/build install --record /home/swayanshree/projects/Makara-AUV-ROS2/build/uuv_sensor_ros_plugins/install.log --single-version-externally-managed install_data
[1.588s] DEBUG:colcon.colcon_core.event_handler.log_command:Invoking command in '/home/swayanshree/projects/Makara-AUV-ROS2/src/uuv_descriptions': DEBUGINFOD_URLS=https://debuginfod.ubuntu.com PYTHONPATH=/home/swayanshree/projects/Makara-AUV-ROS2/build/uuv_descriptions/prefix_override:/usr/lib/python3/dist-packages/colcon_core/task/python/colcon_distutils_commands:/home/swayanshree/projects/Makara-AUV-ROS2/install/uuv_descriptions/lib/python3.12/site-packages:${PYTHONPATH} /usr/bin/python3 -W ignore:setup.py install is deprecated -W ignore:easy_install command is deprecated setup.py egg_info --egg-base ../../build/uuv_descriptions build --build-base /home/swayanshree/projects/Makara-AUV-ROS2/build/uuv_descriptions/build install --record /home/swayanshree/projects/Makara-AUV-ROS2/build/uuv_descriptions/install.log --single-version-externally-managed install_data
[1.630s] DEBUG:colcon.colcon_core.event_handler.log_command:Invoking command in '/home/swayanshree/projects/Makara-AUV-ROS2/src/makara_bringup': DEBUGINFOD_URLS=https://debuginfod.ubuntu.com PYTHONPATH=/home/swayanshree/projects/Makara-AUV-ROS2/build/makara_bringup/prefix_override:/usr/lib/python3/dist-packages/colcon_core/task/python/colcon_distutils_commands:/home/swayanshree/projects/Makara-AUV-ROS2/install/makara_bringup/lib/python3.12/site-packages:${PYTHONPATH} /usr/bin/python3 -W ignore:setup.py install is deprecated -W ignore:easy_install command is deprecated setup.py egg_info --egg-base ../../build/makara_bringup build --build-base /home/swayanshree/projects/Makara-AUV-ROS2/build/makara_bringup/build install --record /home/swayanshree/projects/Makara-AUV-ROS2/build/makara_bringup/install.log --single-version-externally-managed install_data
[1.842s] Level 1:colcon.colcon_core.environment:checking '/home/swayanshree/projects/Makara-AUV-ROS2/install/makara_vision' for CMake module files
[1.843s] Level 1:colcon.colcon_core.environment:checking '/home/swayanshree/projects/Makara-AUV-ROS2/install/makara_vision' for CMake config files
[1.843s] Level 1:colcon.colcon_core.environment:checking '/home/swayanshree/projects/Makara-AUV-ROS2/install/makara_vision/lib'
[1.843s] Level 1:colcon.colcon_core.environment:checking '/home/swayanshree/projects/Makara-AUV-ROS2/install/makara_vision/bin'
[1.843s] Level 1:colcon.colcon_core.environment:checking '/home/swayanshree/projects/Makara-AUV-ROS2/install/makara_vision/lib/pkgconfig/makara_vision.pc'
[1.843s] Level 1:colcon.colcon_core.environment:checking '/home/swayanshree/projects/Makara-AUV-ROS2/install/makara_vision/lib/python3.12/site-packages'
[1.843s] Level 1:colcon.colcon_core.shell:create_environment_hook('makara_vision', 'pythonpath')
[1.844s] INFO:colcon.colcon_core.shell:Creating environment hook '/home/swayanshree/projects/Makara-AUV-ROS2/install/makara_vision/share/makara_vision/hook/pythonpath.ps1'
[1.844s] INFO:colcon.colcon_core.shell:Creating environment descriptor '/home/swayanshree/projects/Makara-AUV-ROS2/install/makara_vision/share/makara_vision/hook/pythonpath.dsv'
[1.844s] INFO:colcon.colcon_core.shell:Creating environment hook '/home/swayanshree/projects/Makara-AUV-ROS2/install/makara_vision/share/makara_vision/hook/pythonpath.sh'
[1.844s] DEBUG:colcon.colcon_core.event_handler.log_command:Invoked command in '/home/swayanshree/projects/Makara-AUV-ROS2/src/makara_vision' returned '0': DEBUGINFOD_URLS=https://debuginfod.ubuntu.com PYTHONPATH=/home/swayanshree/projects/Makara-AUV-ROS2/build/makara_vision/prefix_override:/usr/lib/python3/dist-packages/colcon_core/task/python/colcon_distutils_commands:/home/swayanshree/projects/Makara-AUV-ROS2/install/makara_vision/lib/python3.12/site-packages:${PYTHONPATH} /usr/bin/python3 -W ignore:setup.py install is deprecated -W ignore:easy_install command is deprecated setup.py egg_info --egg-base ../../build/makara_vision build --build-base /home/swayanshree/projects/Makara-AUV-ROS2/build/makara_vision/build install --record /home/swayanshree/projects/Makara-AUV-ROS2/build/makara_vision/install.log --single-version-externally-managed install_data
[1.845s] Level 1:colcon.colcon_core.environment:checking '/home/swayanshree/projects/Makara-AUV-ROS2/install/makara_vision/bin'
[1.845s] Level 1:colcon.colcon_core.environment:create_environment_scripts_only(makara_vision)
[1.845s] INFO:colcon.colcon_core.shell:Creating package script '/home/swayanshree/projects/Makara-AUV-ROS2/install/makara_vision/share/makara_vision/package.ps1'
[1.845s] INFO:colcon.colcon_core.shell:Creating package descriptor '/home/swayanshree/projects/Makara-AUV-ROS2/install/makara_vision/share/makara_vision/package.dsv'
[1.846s] INFO:colcon.colcon_core.shell:Creating package script '/home/swayanshree/projects/Makara-AUV-ROS2/install/makara_vision/share/makara_vision/package.sh'
[1.846s] INFO:colcon.colcon_core.shell:Creating package script '/home/swayanshree/projects/Makara-AUV-ROS2/install/makara_vision/share/makara_vision/package.bash'
[1.846s] INFO:colcon.colcon_core.shell:Creating package script '/home/swayanshree/projects/Makara-AUV-ROS2/install/makara_vision/share/makara_vision/package.zsh'
[1.846s] Level 1:colcon.colcon_core.environment:create_file_with_runtime_dependencies(/home/swayanshree/projects/Makara-AUV-ROS2/install/makara_vision/share/colcon-core/packages/makara_vision)
[1.870s] Level 1:colcon.colcon_core.environment:checking '/home/swayanshree/projects/Makara-AUV-ROS2/install/data_sync' for CMake module files
[1.870s] DEBUG:colcon.colcon_core.event_handler.log_command:Invoked command in '/home/swayanshree/projects/Makara-AUV-ROS2/src/data_sync' returned '0': DEBUGINFOD_URLS=https://debuginfod.ubuntu.com PYTHONPATH=/home/swayanshree/projects/Makara-AUV-ROS2/build/data_sync/prefix_override:/usr/lib/python3/dist-packages/colcon_core/task/python/colcon_distutils_commands:/home/swayanshree/projects/Makara-AUV-ROS2/install/data_sync/lib/python3.12/site-packages:${PYTHONPATH} /usr/bin/python3 -W ignore:setup.py install is deprecated -W ignore:easy_install command is deprecated setup.py egg_info --egg-base ../../build/data_sync build --build-base /home/swayanshree/projects/Makara-AUV-ROS2/build/data_sync/build install --record /home/swayanshree/projects/Makara-AUV-ROS2/build/data_sync/install.log --single-version-externally-managed install_data
[1.871s] Level 1:colcon.colcon_core.environment:checking '/home/swayanshree/projects/Makara-AUV-ROS2/install/data_sync' for CMake config files
[1.871s] Level 1:colcon.colcon_core.environment:checking '/home/swayanshree/projects/Makara-AUV-ROS2/install/data_sync/lib'
[1.871s] Level 1:colcon.colcon_core.environment:checking '/home/swayanshree/projects/Makara-AUV-ROS2/install/data_sync/bin'
[1.871s] Level 1:colcon.colcon_core.environment:checking '/home/swayanshree/projects/Makara-AUV-ROS2/install/data_sync/lib/pkgconfig/data_sync.pc'
[1.871s] Level 1:colcon.colcon_core.environment:checking '/home/swayanshree/projects/Makara-AUV-ROS2/install/data_sync/lib/python3.12/site-packages'
[1.871s] Level 1:colcon.colcon_core.shell:create_environment_hook('data_sync', 'pythonpath')
[1.872s] INFO:colcon.colcon_core.shell:Creating environment hook '/home/swayanshree/projects/Makara-AUV-ROS2/install/data_sync/share/data_sync/hook/pythonpath.ps1'
[1.872s] INFO:colcon.colcon_core.shell:Creating environment descriptor '/home/swayanshree/projects/Makara-AUV-ROS2/install/data_sync/share/data_sync/hook/pythonpath.dsv'
[1.872s] INFO:colcon.colcon_core.shell:Creating environment hook '/home/swayanshree/projects/Makara-AUV-ROS2/install/data_sync/share/data_sync/hook/pythonpath.sh'
[1.873s] Level 1:colcon.colcon_core.environment:checking '/home/swayanshree/projects/Makara-AUV-ROS2/install/data_sync/bin'
[1.873s] Level 1:colcon.colcon_core.environment:create_environment_scripts_only(data_sync)
[1.873s] INFO:colcon.colcon_core.shell:Creating package script '/home/swayanshree/projects/Makara-AUV-ROS2/install/data_sync/share/data_sync/package.ps1'
[1.873s] INFO:colcon.colcon_core.shell:Creating package descriptor '/home/swayanshree/projects/Makara-AUV-ROS2/install/data_sync/share/data_sync/package.dsv'
[1.873s] INFO:colcon.colcon_core.shell:Creating package script '/home/swayanshree/projects/Makara-AUV-ROS2/install/data_sync/share/data_sync/package.sh'
[1.874s] INFO:colcon.colcon_core.shell:Creating package script '/home/swayanshree/projects/Makara-AUV-ROS2/install/data_sync/share/data_sync/package.bash'
[1.874s] INFO:colcon.colcon_core.shell:Creating package script '/home/swayanshree/projects/Makara-AUV-ROS2/install/data_sync/share/data_sync/package.zsh'
[1.874s] Level 1:colcon.colcon_core.environment:create_file_with_runtime_dependencies(/home/swayanshree/projects/Makara-AUV-ROS2/install/data_sync/share/colcon-core/packages/data_sync)
[1.936s] Level 1:colcon.colcon_core.environment:checking '/home/swayanshree/projects/Makara-AUV-ROS2/install/uuv_sensor_ros_plugins' for CMake module files
[1.936s] DEBUG:colcon.colcon_core.event_handler.log_command:Invoked command in '/home/swayanshree/projects/Makara-AUV-ROS2/src/uuv_sensor_ros_plugins' returned '0': DEBUGINFOD_URLS=https://debuginfod.ubuntu.com PYTHONPATH=/home/swayanshree/projects/Makara-AUV-ROS2/build/uuv_sensor_ros_plugins/prefix_override:/usr/lib/python3/dist-packages/colcon_core/task/python/colcon_distutils_commands:/home/swayanshree/projects/Makara-AUV-ROS2/install/uuv_sensor_ros_plugins/lib/python3.12/site-packages:${PYTHONPATH} /usr/bin/python3 -W ignore:setup.py install is deprecated -W ignore:easy_install command is deprecated setup.py egg_info --egg-base ../../build/uuv_sensor_ros_plugins build --build-base /home/swayanshree/projects/Makara-AUV-ROS2/build/uuv_sensor_ros_plugins/build install --record /home/swayanshree/projects/Makara-AUV-ROS2/build/uuv_sensor_ros_plugins/install.log --single-version-externally-managed install_data
[1.937s] Level 1:colcon.colcon_core.environment:checking '/home/swayanshree/projects/Makara-AUV-ROS2/install/uuv_sensor_ros_plugins' for CMake config files
[1.937s] Level 1:colcon.colcon_core.environment:checking '/home/swayanshree/projects/Makara-AUV-ROS2/install/uuv_sensor_ros_plugins/lib'
[1.937s] Level 1:colcon.colcon_core.environment:checking '/home/swayanshree/projects/Makara-AUV-ROS2/install/uuv_sensor_ros_plugins/bin'
[1.937s] Level 1:colcon.colcon_core.environment:checking '/home/swayanshree/projects/Makara-AUV-ROS2/install/uuv_sensor_ros_plugins/lib/pkgconfig/uuv_sensor_ros_plugins.pc'
[1.937s] Level 1:colcon.colcon_core.environment:checking '/home/swayanshree/projects/Makara-AUV-ROS2/install/uuv_sensor_ros_plugins/lib/python3.12/site-packages'
[1.938s] Level 1:colcon.colcon_core.shell:create_environment_hook('uuv_sensor_ros_plugins', 'pythonpath')
[1.938s] INFO:colcon.colcon_core.shell:Creating environment hook '/home/swayanshree/projects/Makara-AUV-ROS2/install/uuv_sensor_ros_plugins/share/uuv_sensor_ros_plugins/hook/pythonpath.ps1'
[1.938s] INFO:colcon.colcon_core.shell:Creating environment descriptor '/home/swayanshree/projects/Makara-AUV-ROS2/install/uuv_sensor_ros_plugins/share/uuv_sensor_ros_plugins/hook/pythonpath.dsv'
[1.938s] INFO:colcon.colcon_core.shell:Creating environment hook '/home/swayanshree/projects/Makara-AUV-ROS2/install/uuv_sensor_ros_plugins/share/uuv_sensor_ros_plugins/hook/pythonpath.sh'
[1.939s] Level 1:colcon.colcon_core.environment:checking '/home/swayanshree/projects/Makara-AUV-ROS2/install/uuv_sensor_ros_plugins/bin'
[1.939s] Level 1:colcon.colcon_core.environment:create_environment_scripts_only(uuv_sensor_ros_plugins)
[1.939s] INFO:colcon.colcon_core.shell:Creating package script '/home/swayanshree/projects/Makara-AUV-ROS2/install/uuv_sensor_ros_plugins/share/uuv_sensor_ros_plugins/package.ps1'
[1.939s] INFO:colcon.colcon_core.shell:Creating package descriptor '/home/swayanshree/projects/Makara-AUV-ROS2/install/uuv_sensor_ros_plugins/share/uuv_sensor_ros_plugins/package.dsv'
[1.940s] INFO:colcon.colcon_core.shell:Creating package script '/home/swayanshree/projects/Makara-AUV-ROS2/install/uuv_sensor_ros_plugins/share/uuv_sensor_ros_plugins/package.sh'
[1.940s] INFO:colcon.colcon_core.shell:Creating package script '/home/swayanshree/projects/Makara-AUV-ROS2/install/uuv_sensor_ros_plugins/share/uuv_sensor_ros_plugins/package.bash'
[1.940s] INFO:colcon.colcon_core.shell:Creating package script '/home/swayanshree/projects/Makara-AUV-ROS2/install/uuv_sensor_ros_plugins/share/uuv_sensor_ros_plugins/package.zsh'
[1.940s] Level 1:colcon.colcon_core.environment:create_file_with_runtime_dependencies(/home/swayanshree/projects/Makara-AUV-ROS2/install/uuv_sensor_ros_plugins/share/colcon-core/packages/uuv_sensor_ros_plugins)
[2.002s] DEBUG:colcon.colcon_core.event_handler.log_command:Invoking command in '/home/swayanshree/projects/Makara-AUV-ROS2/src/makara_serial': AMENT_PREFIX_PATH=/home/swayanshree/projects/Makara-AUV-ROS2/install/makara_interfaces:${AMENT_PREFIX_PATH} CMAKE_PREFIX_PATH=/home/swayanshree/projects/Makara-AUV-ROS2/install/makara_interfaces:${CMAKE_PREFIX_PATH} DEBUGINFOD_URLS=https://debuginfod.ubuntu.com LD_LIBRARY_PATH=/home/swayanshree/projects/Makara-AUV-ROS2/install/makara_interfaces/lib:${LD_LIBRARY_PATH} PYTHONPATH=/home/swayanshree/projects/Makara-AUV-ROS2/build/makara_serial/prefix_override:/usr/lib/python3/dist-packages/colcon_core/task/python/colcon_distutils_commands:/home/swayanshree/projects/Makara-AUV-ROS2/install/makara_serial/lib/python3.12/site-packages:/home/swayanshree/projects/Makara-AUV-ROS2/install/makara_interfaces/lib/python3.12/site-packages:${PYTHONPATH} /usr/bin/python3 -W ignore:setup.py install is deprecated -W ignore:easy_install command is deprecated setup.py egg_info --egg-base ../../build/makara_serial build --build-base /home/swayanshree/projects/Makara-AUV-ROS2/build/makara_serial/build install --record /home/swayanshree/projects/Makara-AUV-ROS2/build/makara_serial/install.log --single-version-externally-managed install_data
[2.016s] Level 1:colcon.colcon_core.environment:checking '/home/swayanshree/projects/Makara-AUV-ROS2/install/uuv_gazebo_ros_plugins' for CMake module files
[2.016s] Level 1:colcon.colcon_core.environment:checking '/home/swayanshree/projects/Makara-AUV-ROS2/install/uuv_gazebo_ros_plugins' for CMake config files
[2.017s] Level 1:colcon.colcon_core.environment:checking '/home/swayanshree/projects/Makara-AUV-ROS2/install/uuv_gazebo_ros_plugins/lib'
[2.017s] Level 1:colcon.colcon_core.environment:checking '/home/swayanshree/projects/Makara-AUV-ROS2/install/uuv_gazebo_ros_plugins/bin'
[2.017s] Level 1:colcon.colcon_core.environment:checking '/home/swayanshree/projects/Makara-AUV-ROS2/install/uuv_gazebo_ros_plugins/lib/pkgconfig/uuv_gazebo_ros_plugins.pc'
[2.017s] Level 1:colcon.colcon_core.environment:checking '/home/swayanshree/projects/Makara-AUV-ROS2/install/uuv_gazebo_ros_plugins/lib/python3.12/site-packages'
[2.017s] Level 1:colcon.colcon_core.shell:create_environment_hook('uuv_gazebo_ros_plugins', 'pythonpath')
[2.017s] INFO:colcon.colcon_core.shell:Creating environment hook '/home/swayanshree/projects/Makara-AUV-ROS2/install/uuv_gazebo_ros_plugins/share/uuv_gazebo_ros_plugins/hook/pythonpath.ps1'
[2.017s] INFO:colcon.colcon_core.shell:Creating environment descriptor '/home/swayanshree/projects/Makara-AUV-ROS2/install/uuv_gazebo_ros_plugins/share/uuv_gazebo_ros_plugins/hook/pythonpath.dsv'
[2.018s] INFO:colcon.colcon_core.shell:Creating environment hook '/home/swayanshree/projects/Makara-AUV-ROS2/install/uuv_gazebo_ros_plugins/share/uuv_gazebo_ros_plugins/hook/pythonpath.sh'
[2.018s] DEBUG:colcon.colcon_core.event_handler.log_command:Invoked command in '/home/swayanshree/projects/Makara-AUV-ROS2/src/uuv_gazebo_ros_plugins' returned '0': DEBUGINFOD_URLS=https://debuginfod.ubuntu.com PYTHONPATH=/home/swayanshree/projects/Makara-AUV-ROS2/build/uuv_gazebo_ros_plugins/prefix_override:/usr/lib/python3/dist-packages/colcon_core/task/python/colcon_distutils_commands:/home/swayanshree/projects/Makara-AUV-ROS2/install/uuv_gazebo_ros_plugins/lib/python3.12/site-packages:${PYTHONPATH} /usr/bin/python3 -W ignore:setup.py install is deprecated -W ignore:easy_install command is deprecated setup.py egg_info --egg-base ../../build/uuv_gazebo_ros_plugins build --build-base /home/swayanshree/projects/Makara-AUV-ROS2/build/uuv_gazebo_ros_plugins/build install --record /home/swayanshree/projects/Makara-AUV-ROS2/build/uuv_gazebo_ros_plugins/install.log --single-version-externally-managed install_data
[2.018s] Level 1:colcon.colcon_core.environment:checking '/home/swayanshree/projects/Makara-AUV-ROS2/install/uuv_gazebo_ros_plugins/bin'
[2.018s] Level 1:colcon.colcon_core.environment:create_environment_scripts_only(uuv_gazebo_ros_plugins)
[2.019s] INFO:colcon.colcon_core.shell:Creating package script '/home/swayanshree/projects/Makara-AUV-ROS2/install/uuv_gazebo_ros_plugins/share/uuv_gazebo_ros_plugins/package.ps1'
[2.019s] INFO:colcon.colcon_core.shell:Creating package descriptor '/home/swayanshree/projects/Makara-AUV-ROS2/install/uuv_gazebo_ros_plugins/share/uuv_gazebo_ros_plugins/package.dsv'
[2.019s] INFO:colcon.colcon_core.shell:Creating package script '/home/swayanshree/projects/Makara-AUV-ROS2/install/uuv_gazebo_ros_plugins/share/uuv_gazebo_ros_plugins/package.sh'
[2.020s] INFO:colcon.colcon_core.shell:Creating package script '/home/swayanshree/projects/Makara-AUV-ROS2/install/uuv_gazebo_ros_plugins/share/uuv_gazebo_ros_plugins/package.bash'
[2.020s] INFO:colcon.colcon_core.shell:Creating package script '/home/swayanshree/projects/Makara-AUV-ROS2/install/uuv_gazebo_ros_plugins/share/uuv_gazebo_ros_plugins/package.zsh'
[2.020s] Level 1:colcon.colcon_core.environment:create_file_with_runtime_dependencies(/home/swayanshree/projects/Makara-AUV-ROS2/install/uuv_gazebo_ros_plugins/share/colcon-core/packages/uuv_gazebo_ros_plugins)
[2.045s] DEBUG:colcon.colcon_core.event_handler.log_command:Invoking command in '/home/swayanshree/projects/Makara-AUV-ROS2/src/hammerhead_serial': AMENT_PREFIX_PATH=/home/swayanshree/projects/Makara-AUV-ROS2/install/hammerhead_interfaces:${AMENT_PREFIX_PATH} CMAKE_PREFIX_PATH=/home/swayanshree/projects/Makara-AUV-ROS2/install/hammerhead_interfaces:${CMAKE_PREFIX_PATH} DEBUGINFOD_URLS=https://debuginfod.ubuntu.com LD_LIBRARY_PATH=/home/swayanshree/projects/Makara-AUV-ROS2/install/hammerhead_interfaces/lib:${LD_LIBRARY_PATH} PYTHONPATH=/home/swayanshree/projects/Makara-AUV-ROS2/build/hammerhead_serial/prefix_override:/usr/lib/python3/dist-packages/colcon_core/task/python/colcon_distutils_commands:/home/swayanshree/projects/Makara-AUV-ROS2/install/hammerhead_serial/lib/python3.12/site-packages:/home/swayanshree/projects/Makara-AUV-ROS2/install/hammerhead_interfaces/lib/python3.12/site-packages:${PYTHONPATH} /usr/bin/python3 -W ignore:setup.py install is deprecated -W ignore:easy_install command is deprecated setup.py egg_info --egg-base ../../build/hammerhead_serial build --build-base /home/swayanshree/projects/Makara-AUV-ROS2/build/hammerhead_serial/build install --record /home/swayanshree/projects/Makara-AUV-ROS2/build/hammerhead_serial/install.log --single-version-externally-managed install_data
[2.065s] Level 1:colcon.colcon_core.environment:checking '/home/swayanshree/projects/Makara-AUV-ROS2/install/uuv_descriptions' for CMake module files
[2.066s] DEBUG:colcon.colcon_core.event_handler.log_command:Invoked command in '/home/swayanshree/projects/Makara-AUV-ROS2/src/uuv_descriptions' returned '0': DEBUGINFOD_URLS=https://debuginfod.ubuntu.com PYTHONPATH=/home/swayanshree/projects/Makara-AUV-ROS2/build/uuv_descriptions/prefix_override:/usr/lib/python3/dist-packages/colcon_core/task/python/colcon_distutils_commands:/home/swayanshree/projects/Makara-AUV-ROS2/install/uuv_descriptions/lib/python3.12/site-packages:${PYTHONPATH} /usr/bin/python3 -W ignore:setup.py install is deprecated -W ignore:easy_install command is deprecated setup.py egg_info --egg-base ../../build/uuv_descriptions build --build-base /home/swayanshree/projects/Makara-AUV-ROS2/build/uuv_descriptions/build install --record /home/swayanshree/projects/Makara-AUV-ROS2/build/uuv_descriptions/install.log --single-version-externally-managed install_data
[2.066s] Level 1:colcon.colcon_core.environment:checking '/home/swayanshree/projects/Makara-AUV-ROS2/install/uuv_descriptions' for CMake config files
[2.067s] Level 1:colcon.colcon_core.environment:checking '/home/swayanshree/projects/Makara-AUV-ROS2/install/uuv_descriptions/lib'
[2.067s] Level 1:colcon.colcon_core.environment:checking '/home/swayanshree/projects/Makara-AUV-ROS2/install/uuv_descriptions/bin'
[2.067s] Level 1:colcon.colcon_core.environment:checking '/home/swayanshree/projects/Makara-AUV-ROS2/install/uuv_descriptions/lib/pkgconfig/uuv_descriptions.pc'
[2.067s] Level 1:colcon.colcon_core.environment:checking '/home/swayanshree/projects/Makara-AUV-ROS2/install/uuv_descriptions/lib/python3.12/site-packages'
[2.067s] Level 1:colcon.colcon_core.shell:create_environment_hook('uuv_descriptions', 'pythonpath')
[2.067s] INFO:colcon.colcon_core.shell:Creating environment hook '/home/swayanshree/projects/Makara-AUV-ROS2/install/uuv_descriptions/share/uuv_descriptions/hook/pythonpath.ps1'
[2.068s] INFO:colcon.colcon_core.shell:Creating environment descriptor '/home/swayanshree/projects/Makara-AUV-ROS2/install/uuv_descriptions/share/uuv_descriptions/hook/pythonpath.dsv'
[2.068s] INFO:colcon.colcon_core.shell:Creating environment hook '/home/swayanshree/projects/Makara-AUV-ROS2/install/uuv_descriptions/share/uuv_descriptions/hook/pythonpath.sh'
[2.069s] Level 1:colcon.colcon_core.environment:checking '/home/swayanshree/projects/Makara-AUV-ROS2/install/uuv_descriptions/bin'
[2.069s] Level 1:colcon.colcon_core.environment:create_environment_scripts_only(uuv_descriptions)
[2.069s] INFO:colcon.colcon_core.shell:Creating package script '/home/swayanshree/projects/Makara-AUV-ROS2/install/uuv_descriptions/share/uuv_descriptions/package.ps1'
[2.070s] INFO:colcon.colcon_core.shell:Creating package descriptor '/home/swayanshree/projects/Makara-AUV-ROS2/install/uuv_descriptions/share/uuv_descriptions/package.dsv'
[2.070s] INFO:colcon.colcon_core.shell:Creating package script '/home/swayanshree/projects/Makara-AUV-ROS2/install/uuv_descriptions/share/uuv_descriptions/package.sh'
[2.071s] INFO:colcon.colcon_core.shell:Creating package script '/home/swayanshree/projects/Makara-AUV-ROS2/install/uuv_descriptions/share/uuv_descriptions/package.bash'
[2.071s] INFO:colcon.colcon_core.shell:Creating package script '/home/swayanshree/projects/Makara-AUV-ROS2/install/uuv_descriptions/share/uuv_descriptions/package.zsh'
[2.073s] Level 1:colcon.colcon_core.environment:create_file_with_runtime_dependencies(/home/swayanshree/projects/Makara-AUV-ROS2/install/uuv_descriptions/share/colcon-core/packages/uuv_descriptions)
[2.077s] Level 1:colcon.colcon_core.environment:checking '/home/swayanshree/projects/Makara-AUV-ROS2/install/makara_bringup' for CMake module files
[2.078s] DEBUG:colcon.colcon_core.event_handler.log_command:Invoked command in '/home/swayanshree/projects/Makara-AUV-ROS2/src/makara_bringup' returned '0': DEBUGINFOD_URLS=https://debuginfod.ubuntu.com PYTHONPATH=/home/swayanshree/projects/Makara-AUV-ROS2/build/makara_bringup/prefix_override:/usr/lib/python3/dist-packages/colcon_core/task/python/colcon_distutils_commands:/home/swayanshree/projects/Makara-AUV-ROS2/install/makara_bringup/lib/python3.12/site-packages:${PYTHONPATH} /usr/bin/python3 -W ignore:setup.py install is deprecated -W ignore:easy_install command is deprecated setup.py egg_info --egg-base ../../build/makara_bringup build --build-base /home/swayanshree/projects/Makara-AUV-ROS2/build/makara_bringup/build install --record /home/swayanshree/projects/Makara-AUV-ROS2/build/makara_bringup/install.log --single-version-externally-managed install_data
[2.078s] Level 1:colcon.colcon_core.environment:checking '/home/swayanshree/projects/Makara-AUV-ROS2/install/makara_bringup' for CMake config files
[2.079s] Level 1:colcon.colcon_core.environment:checking '/home/swayanshree/projects/Makara-AUV-ROS2/install/makara_bringup/lib'
[2.079s] Level 1:colcon.colcon_core.environment:checking '/home/swayanshree/projects/Makara-AUV-ROS2/install/makara_bringup/bin'
[2.079s] Level 1:colcon.colcon_core.environment:checking '/home/swayanshree/projects/Makara-AUV-ROS2/install/makara_bringup/lib/pkgconfig/makara_bringup.pc'
[2.079s] Level 1:colcon.colcon_core.environment:checking '/home/swayanshree/projects/Makara-AUV-ROS2/install/makara_bringup/lib/python3.12/site-packages'
[2.079s] Level 1:colcon.colcon_core.shell:create_environment_hook('makara_bringup', 'pythonpath')
[2.079s] INFO:colcon.colcon_core.shell:Creating environment hook '/home/swayanshree/projects/Makara-AUV-ROS2/install/makara_bringup/share/makara_bringup/hook/pythonpath.ps1'
[2.080s] INFO:colcon.colcon_core.shell:Creating environment descriptor '/home/swayanshree/projects/Makara-AUV-ROS2/install/makara_bringup/share/makara_bringup/hook/pythonpath.dsv'
[2.080s] INFO:colcon.colcon_core.shell:Creating environment hook '/home/swayanshree/projects/Makara-AUV-ROS2/install/makara_bringup/share/makara_bringup/hook/pythonpath.sh'
[2.081s] Level 1:colcon.colcon_core.environment:checking '/home/swayanshree/projects/Makara-AUV-ROS2/install/makara_bringup/bin'
[2.081s] Level 1:colcon.colcon_core.environment:create_environment_scripts_only(makara_bringup)
[2.081s] INFO:colcon.colcon_core.shell:Creating package script '/home/swayanshree/projects/Makara-AUV-ROS2/install/makara_bringup/share/makara_bringup/package.ps1'
[2.081s] INFO:colcon.colcon_core.shell:Creating package descriptor '/home/swayanshree/projects/Makara-AUV-ROS2/install/makara_bringup/share/makara_bringup/package.dsv'
[2.082s] INFO:colcon.colcon_core.shell:Creating package script '/home/swayanshree/projects/Makara-AUV-ROS2/install/makara_bringup/share/makara_bringup/package.sh'
[2.082s] INFO:colcon.colcon_core.shell:Creating package script '/home/swayanshree/projects/Makara-AUV-ROS2/install/makara_bringup/share/makara_bringup/package.bash'
[2.082s] INFO:colcon.colcon_core.shell:Creating package script '/home/swayanshree/projects/Makara-AUV-ROS2/install/makara_bringup/share/makara_bringup/package.zsh'
[2.083s] Level 1:colcon.colcon_core.environment:create_file_with_runtime_dependencies(/home/swayanshree/projects/Makara-AUV-ROS2/install/makara_bringup/share/colcon-core/packages/makara_bringup)
[2.313s] Level 1:colcon.colcon_core.environment:checking '/home/swayanshree/projects/Makara-AUV-ROS2/install/makara_serial' for CMake module files
[2.313s] DEBUG:colcon.colcon_core.event_handler.log_command:Invoked command in '/home/swayanshree/projects/Makara-AUV-ROS2/src/makara_serial' returned '0': AMENT_PREFIX_PATH=/home/swayanshree/projects/Makara-AUV-ROS2/install/makara_interfaces:${AMENT_PREFIX_PATH} CMAKE_PREFIX_PATH=/home/swayanshree/projects/Makara-AUV-ROS2/install/makara_interfaces:${CMAKE_PREFIX_PATH} DEBUGINFOD_URLS=https://debuginfod.ubuntu.com LD_LIBRARY_PATH=/home/swayanshree/projects/Makara-AUV-ROS2/install/makara_interfaces/lib:${LD_LIBRARY_PATH} PYTHONPATH=/home/swayanshree/projects/Makara-AUV-ROS2/build/makara_serial/prefix_override:/usr/lib/python3/dist-packages/colcon_core/task/python/colcon_distutils_commands:/home/swayanshree/projects/Makara-AUV-ROS2/install/makara_serial/lib/python3.12/site-packages:/home/swayanshree/projects/Makara-AUV-ROS2/install/makara_interfaces/lib/python3.12/site-packages:${PYTHONPATH} /usr/bin/python3 -W ignore:setup.py install is deprecated -W ignore:easy_install command is deprecated setup.py egg_info --egg-base ../../build/makara_serial build --build-base /home/swayanshree/projects/Makara-AUV-ROS2/build/makara_serial/build install --record /home/swayanshree/projects/Makara-AUV-ROS2/build/makara_serial/install.log --single-version-externally-managed install_data
[2.313s] Level 1:colcon.colcon_core.environment:checking '/home/swayanshree/projects/Makara-AUV-ROS2/install/makara_serial' for CMake config files
[2.314s] Level 1:colcon.colcon_core.environment:checking '/home/swayanshree/projects/Makara-AUV-ROS2/install/makara_serial/lib'
[2.314s] Level 1:colcon.colcon_core.environment:checking '/home/swayanshree/projects/Makara-AUV-ROS2/install/makara_serial/bin'
[2.314s] Level 1:colcon.colcon_core.environment:checking '/home/swayanshree/projects/Makara-AUV-ROS2/install/makara_serial/lib/pkgconfig/makara_serial.pc'
[2.314s] Level 1:colcon.colcon_core.environment:checking '/home/swayanshree/projects/Makara-AUV-ROS2/install/makara_serial/lib/python3.12/site-packages'
[2.314s] Level 1:colcon.colcon_core.shell:create_environment_hook('makara_serial', 'pythonpath')
[2.315s] INFO:colcon.colcon_core.shell:Creating environment hook '/home/swayanshree/projects/Makara-AUV-ROS2/install/makara_serial/share/makara_serial/hook/pythonpath.ps1'
[2.315s] INFO:colcon.colcon_core.shell:Creating environment descriptor '/home/swayanshree/projects/Makara-AUV-ROS2/install/makara_serial/share/makara_serial/hook/pythonpath.dsv'
[2.315s] INFO:colcon.colcon_core.shell:Creating environment hook '/home/swayanshree/projects/Makara-AUV-ROS2/install/makara_serial/share/makara_serial/hook/pythonpath.sh'
[2.316s] Level 1:colcon.colcon_core.environment:checking '/home/swayanshree/projects/Makara-AUV-ROS2/install/makara_serial/bin'
[2.316s] Level 1:colcon.colcon_core.environment:create_environment_scripts_only(makara_serial)
[2.316s] INFO:colcon.colcon_core.shell:Creating package script '/home/swayanshree/projects/Makara-AUV-ROS2/install/makara_serial/share/makara_serial/package.ps1'
[2.317s] INFO:colcon.colcon_core.shell:Creating package descriptor '/home/swayanshree/projects/Makara-AUV-ROS2/install/makara_serial/share/makara_serial/package.dsv'
[2.317s] INFO:colcon.colcon_core.shell:Creating package script '/home/swayanshree/projects/Makara-AUV-ROS2/install/makara_serial/share/makara_serial/package.sh'
[2.318s] INFO:colcon.colcon_core.shell:Creating package script '/home/swayanshree/projects/Makara-AUV-ROS2/install/makara_serial/share/makara_serial/package.bash'
[2.318s] INFO:colcon.colcon_core.shell:Creating package script '/home/swayanshree/projects/Makara-AUV-ROS2/install/makara_serial/share/makara_serial/package.zsh'
[2.318s] Level 1:colcon.colcon_core.environment:create_file_with_runtime_dependencies(/home/swayanshree/projects/Makara-AUV-ROS2/install/makara_serial/share/colcon-core/packages/makara_serial)
[2.349s] Level 1:colcon.colcon_core.environment:checking '/home/swayanshree/projects/Makara-AUV-ROS2/install/hammerhead_serial' for CMake module files
[2.350s] DEBUG:colcon.colcon_core.event_handler.log_command:Invoked command in '/home/swayanshree/projects/Makara-AUV-ROS2/src/hammerhead_serial' returned '0': AMENT_PREFIX_PATH=/home/swayanshree/projects/Makara-AUV-ROS2/install/hammerhead_interfaces:${AMENT_PREFIX_PATH} CMAKE_PREFIX_PATH=/home/swayanshree/projects/Makara-AUV-ROS2/install/hammerhead_interfaces:${CMAKE_PREFIX_PATH} DEBUGINFOD_URLS=https://debuginfod.ubuntu.com LD_LIBRARY_PATH=/home/swayanshree/projects/Makara-AUV-ROS2/install/hammerhead_interfaces/lib:${LD_LIBRARY_PATH} PYTHONPATH=/home/swayanshree/projects/Makara-AUV-ROS2/build/hammerhead_serial/prefix_override:/usr/lib/python3/dist-packages/colcon_core/task/python/colcon_distutils_commands:/home/swayanshree/projects/Makara-AUV-ROS2/install/hammerhead_serial/lib/python3.12/site-packages:/home/swayanshree/projects/Makara-AUV-ROS2/install/hammerhead_interfaces/lib/python3.12/site-packages:${PYTHONPATH} /usr/bin/python3 -W ignore:setup.py install is deprecated -W ignore:easy_install command is deprecated setup.py egg_info --egg-base ../../build/hammerhead_serial build --build-base /home/swayanshree/projects/Makara-AUV-ROS2/build/hammerhead_serial/build install --record /home/swayanshree/projects/Makara-AUV-ROS2/build/hammerhead_serial/install.log --single-version-externally-managed install_data
[2.350s] Level 1:colcon.colcon_core.environment:checking '/home/swayanshree/projects/Makara-AUV-ROS2/install/hammerhead_serial' for CMake config files
[2.350s] Level 1:colcon.colcon_core.environment:checking '/home/swayanshree/projects/Makara-AUV-ROS2/install/hammerhead_serial/lib'
[2.350s] Level 1:colcon.colcon_core.environment:checking '/home/swayanshree/projects/Makara-AUV-ROS2/install/hammerhead_serial/bin'
[2.350s] Level 1:colcon.colcon_core.environment:checking '/home/swayanshree/projects/Makara-AUV-ROS2/install/hammerhead_serial/lib/pkgconfig/hammerhead_serial.pc'
[2.351s] Level 1:colcon.colcon_core.environment:checking '/home/swayanshree/projects/Makara-AUV-ROS2/install/hammerhead_serial/lib/python3.12/site-packages'
[2.351s] Level 1:colcon.colcon_core.shell:create_environment_hook('hammerhead_serial', 'pythonpath')
[2.351s] INFO:colcon.colcon_core.shell:Creating environment hook '/home/swayanshree/projects/Makara-AUV-ROS2/install/hammerhead_serial/share/hammerhead_serial/hook/pythonpath.ps1'
[2.351s] INFO:colcon.colcon_core.shell:Creating environment descriptor '/home/swayanshree/projects/Makara-AUV-ROS2/install/hammerhead_serial/share/hammerhead_serial/hook/pythonpath.dsv'
[2.351s] INFO:colcon.colcon_core.shell:Creating environment hook '/home/swayanshree/projects/Makara-AUV-ROS2/install/hammerhead_serial/share/hammerhead_serial/hook/pythonpath.sh'
[2.352s] Level 1:colcon.colcon_core.environment:checking '/home/swayanshree/projects/Makara-AUV-ROS2/install/hammerhead_serial/bin'
[2.352s] Level 1:colcon.colcon_core.environment:create_environment_scripts_only(hammerhead_serial)
[2.352s] INFO:colcon.colcon_core.shell:Creating package script '/home/swayanshree/projects/Makara-AUV-ROS2/install/hammerhead_serial/share/hammerhead_serial/package.ps1'
[2.352s] INFO:colcon.colcon_core.shell:Creating package descriptor '/home/swayanshree/projects/Makara-AUV-ROS2/install/hammerhead_serial/share/hammerhead_serial/package.dsv'
[2.352s] INFO:colcon.colcon_core.shell:Creating package script '/home/swayanshree/projects/Makara-AUV-ROS2/install/hammerhead_serial/share/hammerhead_serial/package.sh'
[2.353s] INFO:colcon.colcon_core.shell:Creating package script '/home/swayanshree/projects/Makara-AUV-ROS2/install/hammerhead_serial/share/hammerhead_serial/package.bash'
[2.353s] INFO:colcon.colcon_core.shell:Creating package script '/home/swayanshree/projects/Makara-AUV-ROS2/install/hammerhead_serial/share/hammerhead_serial/package.zsh'
[2.353s] Level 1:colcon.colcon_core.environment:create_file_with_runtime_dependencies(/home/swayanshree/projects/Makara-AUV-ROS2/install/hammerhead_serial/share/colcon-core/packages/hammerhead_serial)
[2.353s] DEBUG:colcon.colcon_parallel_executor.executor.parallel:closing loop
[2.353s] DEBUG:colcon.colcon_parallel_executor.executor.parallel:loop closed
[2.353s] DEBUG:colcon.colcon_parallel_executor.executor.parallel:run_until_complete finished with '0'
[2.353s] DEBUG:colcon.colcon_core.event_reactor:joining thread
[2.357s] INFO:colcon.colcon_core.plugin_system:Skipping extension 'colcon_notification.desktop_notification.terminal_notifier': Not used on non-Darwin systems
[2.357s] INFO:colcon.colcon_core.plugin_system:Skipping extension 'colcon_notification.desktop_notification.win32': Not used on non-Windows systems
[2.357s] INFO:colcon.colcon_notification.desktop_notification:Sending desktop notification using 'notify2'
[2.369s] DEBUG:colcon.colcon_core.event_reactor:joined thread
[2.369s] INFO:colcon.colcon_core.shell:Creating prefix script '/home/swayanshree/projects/Makara-AUV-ROS2/install/local_setup.ps1'
[2.369s] INFO:colcon.colcon_core.shell:Creating prefix util module '/home/swayanshree/projects/Makara-AUV-ROS2/install/_local_setup_util_ps1.py'
[2.370s] INFO:colcon.colcon_core.shell:Creating prefix chain script '/home/swayanshree/projects/Makara-AUV-ROS2/install/setup.ps1'
[2.371s] INFO:colcon.colcon_core.shell:Creating prefix script '/home/swayanshree/projects/Makara-AUV-ROS2/install/local_setup.sh'
[2.371s] INFO:colcon.colcon_core.shell:Creating prefix util module '/home/swayanshree/projects/Makara-AUV-ROS2/install/_local_setup_util_sh.py'
[2.371s] INFO:colcon.colcon_core.shell:Creating prefix chain script '/home/swayanshree/projects/Makara-AUV-ROS2/install/setup.sh'
[2.371s] INFO:colcon.colcon_core.shell:Creating prefix script '/home/swayanshree/projects/Makara-AUV-ROS2/install/local_setup.bash'
[2.372s] INFO:colcon.colcon_core.shell:Creating prefix chain script '/home/swayanshree/projects/Makara-AUV-ROS2/install/setup.bash'
[2.372s] INFO:colcon.colcon_core.shell:Creating prefix script '/home/swayanshree/projects/Makara-AUV-ROS2/install/local_setup.zsh'
[2.372s] INFO:colcon.colcon_core.shell:Creating prefix chain script '/home/swayanshree/projects/Makara-AUV-ROS2/install/setup.zsh'
